timestamp,cpu_usage,memory_usage,api_latency,error_rate,anomaly,severity,root_cause,incident_risk_score,incident_risk
2026-01-01 00:00:00,54.96714153011233,56.60992254381837,106.43010539025556,1.856576783541071,0,NORMAL,No Incident,0.0,LOW
2026-01-01 00:01:00,48.61735698828815,56.372687132929165,113.89001073892696,1.96734409625969,0,NORMAL,No Incident,0.0,LOW
2026-01-01 00:02:00,56.47688538100692,45.63485461895988,108.05237877909714,2.0642948785875816,0,NORMAL,No Incident,0.0,LOW
2026-01-01 00:03:00,65.23029856408026,57.3592784663885,122.2083609389224,2.94686146164618,0,NORMAL,No Incident,0.0,LOW
2026-01-01 00:04:00,47.65846625276664,65.86263265457396,143.94357062923825,1.2527826915132565,0,NORMAL,No Incident,0.0,LOW
2026-01-01 00:05:00,47.6586304305082,49.80614304738564,104.5791568571759,1.15365300848734,0,NORMAL,No Incident,0.0,LOW
2026-01-01 00:06:00,65.79212815507391,68.38786120840474,140.0164099553683,3.236619742142975,0,NORMAL,No Incident,0.0,LOW
2026-01-01 00:07:00,57.67434729152909,63.90219856867471,104.36655855306223,1.5373552581187018,0,NORMAL,No Incident,0.0,LOW
2026-01-01 00:08:00,45.30525614065048,54.126133424231696,103.04745575006233,0.7369646464229338,0,NORMAL,No Incident,0.0,LOW
2026-01-01 00:09:00,55.42560043585965,58.86776290129722,136.37189236686427,1.51487005790013,0,NORMAL,No Incident,0.0,LOW
2026-01-01 00:10:00,45.365823071875376,72.78657446112827,138.43872756015233,1.6699472647559992,0,NORMAL,No Incident,0.0,LOW
2026-01-01 00:11:00,45.34270246429743,65.86838250804692,137.02819873525308,3.5549627277257647,0,NORMAL,No Incident,0.0,LOW
2026-01-01 00:12:00,52.41962271566034,60.07026923918518,93.68405183563718,2.924826212376737,0,NORMAL,No Incident,0.0,LOW
2026-01-01 00:13:00,30.86719755342202,58.098533464312126,110.680980438559,3.1475206166322423,0,NORMAL,No Incident,0.0,LOW
2026-01-01 00:14:00,32.75082167486967,60.61287256361328,136.45977184006642,2.819973642346786,0,NORMAL,No Incident,0.0,LOW
2026-01-01 00:15:00,44.37712470759027,55.90589153646157,120.83083681127788,2.946243671615314,0,NORMAL,No Incident,0.0,LOW
2026-01-01 00:16:00,39.87168879665576,43.16200395424788,98.52614307605072,1.311917873419682,0,NORMAL,No Incident,0.0,LOW
2026-01-01 00:17:00,53.142473325952736,76.33742328427785,129.16635878250884,1.8013978446465155,0,NORMAL,No Incident,0.0,LOW
2026-01-01 00:18:00,40.91975924478789,61.24259999359521,105.7038548201706,1.0100846869764513,0,NORMAL,No Incident,0.0,LOW
2026-01-01 00:19:00,35.87696298664709,63.1851781209803,155.89049696784423,1.7895119694629666,0,NORMAL,No Incident,0.0,LOW
2026-01-01 00:20:00,64.65648768921554,59.53673800098473,150.89682924836518,2.684104990934741,0,NORMAL,No Incident,0.0,LOW
2026-01-01 00:21:00,47.74223699513465,54.1190655942033,132.08194852711134,2.134583284812247,0,NORMAL,No Incident,0.0,LOW
2026-01-01 00:22:00,50.67528204687924,58.51260415240984,147.22013409539548,3.311480818960295,0,NORMAL,No Incident,0.0,LOW
2026-01-01 00:23:00,35.75251813786544,47.20484190244551,121.29582700246762,0.8585842077727808,0,NORMAL,No Incident,0.0,LOW
2026-01-01 00:24:00,44.556172754748175,78.21669198442643,135.3087498875003,2.50023835069824,0,NORMAL,No Incident,0.0,LOW
2026-01-01 00:25:00,51.10922589709866,50.123904012620834,149.5544059060415,0.7516971981306819,0,NORMAL,No Incident,0.0,LOW
2026-01-01 00:26:00,38.490064225776976,51.744269729222566,124.90997363588626,2.094176469173642,0,NORMAL,No Incident,0.0,LOW
2026-01-01 00:27:00,53.75698018345672,56.4779263649088,114.89625656971432,2.740333422556479,0,NORMAL,No Incident,0.0,LOW
2026-01-01 00:28:00,83.99361310081196,100.0,585.9075608364577,11.78549743317578,1,CRITICAL,High Memory Usage / Possible Memory Leak,100.0,HIGH
2026-01-01 00:29:00,47.08306250206724,60.11607199410123,118.33732948557012,2.551126604086956,0,NORMAL,No Incident,0.0,LOW
2026-01-01 00:30:00,43.98293387770603,50.110913631756304,136.46846369124623,1.040267665167066,0,NORMAL,No Incident,0.0,LOW
2026-01-01 00:31:00,68.52278184508938,70.03470688605871,138.9126685513526,0.336310021803617,0,NORMAL,No Incident,0.0,LOW
2026-01-01 00:32:00,49.86502775262066,65.84800501428386,130.0873013143682,2.557029622487803,0,NORMAL,No Incident,0.0,LOW
2026-01-01 00:33:00,39.422890710441,64.30747965773162,109.1740181007552,3.744010234075733,0,NORMAL,No Incident,0.0,LOW
2026-01-01 00:34:00,58.225449121031886,65.72587392936673,80.46356862104818,1.003955059830108,0,NORMAL,No Incident,0.0,LOW
2026-01-01 00:35:00,37.791563500289776,79.15489520465961,110.0956980399053,3.222194180106796,0,NORMAL,No Incident,0.0,LOW
2026-01-01 00:36:00,52.08863595004755,77.4807591602889,113.91310257892096,2.043423408816411,0,NORMAL,No Incident,0.0,LOW
2026-01-01 00:37:00,30.403298761202244,54.50627725597364,113.74142065619972,0.664308478306924,0,NORMAL,No Incident,0.0,LOW
2026-01-01 00:38:00,36.71813951101569,72.99107994248922,132.3711271395585,0.8684946986478375,0,NORMAL,No Incident,0.0,LOW
2026-01-01 00:39:00,51.96861235869123,63.0653455180712,159.71352822029678,2.01578477336065,0,NORMAL,No Incident,0.0,LOW
2026-01-01 00:40:00,57.38466579995411,63.99276652910199,122.47058403682186,1.5955377120758962,0,NORMAL,No Incident,0.0,LOW
2026-01-01 00:41:00,51.7136828118997,46.46183334685337,115.66536421687076,0.687087023241761,0,NORMAL,No Incident,0.0,LOW
2026-01-01 00:42:00,48.8435171761176,58.63691387689443,114.81556373991816,0.3059607187745949,0,NORMAL,No Incident,0.0,LOW
2026-01-01 00:43:00,46.98896304410711,53.49741127730748,122.48769533815428,1.1532806720734938,0,NORMAL,No Incident,0.0,LOW
2026-01-01 00:44:00,35.214780096325725,66.62447051914647,103.43412479303204,2.1938090083311184,0,NORMAL,No Incident,0.0,LOW
2026-01-01 00:45:00,42.801557916052914,68.56864400322245,122.4039711749211,1.993599247396862,0,NORMAL,No Incident,0.0,LOW
2026-01-01 00:46:00,45.393612290402125,43.40410919186951,129.01624672663598,1.4987620424999215,0,NORMAL,No Incident,0.0,LOW
2026-01-01 00:47:00,60.57122226218915,59.82372108796584,124.19372127148976,2.2018871942914826,0,NORMAL,No Incident,0.0,LOW
2026-01-01 00:48:00,53.43618289568462,68.97489203835401,129.15083868009563,3.040026719862688,0,NORMAL,No Incident,0.0,LOW
2026-01-01 00:49:00,32.36959844637266,58.50656830149244,128.6749521869707,2.394126510434148,0,NORMAL,No Incident,0.0,LOW
2026-01-01 00:50:00,53.24083969394795,65.83250916001892,84.56206635507112,1.87869132861042,0,NORMAL,No Incident,0.0,LOW
2026-01-01 00:51:00,46.14917719583684,62.80932374101667,132.73740316790807,2.9280720066606887,0,NORMAL,No Incident,0.0,LOW
2026-01-01 00:52:00,43.23077999694041,62.73328185562101,106.57970308675092,1.040149697783705,0,NORMAL,No Incident,0.0,LOW
2026-01-01 00:53:00,56.11676288840868,57.82948017545362,98.08321673992084,1.7750804604446484,0,NORMAL,No Incident,0.0,LOW
2026-01-01 00:54:00,60.30999522495951,50.26735356691432,97.91096344290008,1.798912064399632,0,NORMAL,No Incident,0.0,LOW
2026-01-01 00:55:00,59.31280119116199,51.02775882059978,128.6708322094506,0.7630467415571547,0,NORMAL,No Incident,0.0,LOW
2026-01-01 00:56:00,41.607824767773614,65.67482011564253,115.54850145550294,1.5801258377156422,0,NORMAL,No Incident,0.0,LOW
2026-01-01 00:57:00,46.907876241487855,60.15566604415106,86.36062432029178,0.0,0,NORMAL,No Incident,0.0,LOW
2026-01-01 00:58:00,53.31263431403564,58.8919020431422,129.56075630384566,3.9121780476629535,0,NORMAL,No Incident,0.0,LOW
2026-01-01 00:59:00,59.75545127122359,56.60887966142118,91.20783738402343,1.062586211563687,0,NORMAL,No Incident,0.0,LOW
2026-01-01 01:00:00,45.2082576215471,57.55848923615399,122.7964271703642,3.586114131421312,0,NORMAL,No Incident,0.0,LOW
2026-01-01 01:01:00,48.14341023336183,68.37529435590511,124.76997851346108,2.0380845057194925,0,NORMAL,No Incident,0.0,LOW
2026-01-01 01:02:00,38.93665025993972,57.31804734505579,137.7115416339009,2.564864132155959,0,NORMAL,No Incident,0.0,LOW
2026-01-01 01:03:00,38.037933759193294,49.271482293587454,155.63369572933703,1.5112002016490684,0,NORMAL,No Incident,0.0,LOW
2026-01-01 01:04:00,58.125258223941984,65.94921420432138,92.70647348198916,2.207929691961674,0,NORMAL,No Incident,0.0,LOW
2026-01-01 01:05:00,63.56240028570823,58.36098668908226,118.950522878739,2.650489639988436,0,NORMAL,No Incident,0.0,LOW
2026-01-01 01:06:00,49.27989878419666,60.251166924262215,114.47329409911563,2.664552414394182,0,NORMAL,No Incident,0.0,LOW
2026-01-01 01:07:00,60.03532897892024,72.86062645119608,128.67499371921923,2.7747733900743574,0,NORMAL,No Incident,0.0,LOW
2026-01-01 01:08:00,53.61636025047634,59.835515541195946,124.31337541867236,1.6316672899608236,0,NORMAL,No Incident,0.0,LOW
2026-01-01 01:09:00,43.54880245394876,62.313469384949805,112.9490751452676,1.519640327508645,0,NORMAL,No Incident,0.0,LOW
2026-01-01 01:10:00,53.61395605508414,50.568612069613394,111.18195622778288,0.4058236747323964,0,NORMAL,No Incident,0.0,LOW
2026-01-01 01:11:00,65.38036566465969,58.24264438119232,97.67098289631905,2.523219011176937,0,NORMAL,No Incident,0.0,LOW
2026-01-01 01:12:00,49.64173960890049,64.87620836166882,139.7572316481302,3.0823787113234427,0,NORMAL,No Incident,0.0,LOW
2026-01-01 01:13:00,65.64643655814007,47.55701012927006,129.18408363199055,3.6159816799179296,0,NORMAL,No Incident,0.0,LOW
2026-01-01 01:14:00,23.802548959102555,61.60676074492568,138.35536395590276,2.305172634580508,0,NORMAL,No Incident,0.0,LOW
2026-01-01 01:15:00,58.21902504375224,60.80632858115845,113.79207727048971,1.2335202270914307,0,NORMAL,No Incident,0.0,LOW
2026-01-01 01:16:00,50.87047068238172,60.33029964469952,106.8632906261114,0.3029038567105446,0,NORMAL,No Incident,0.0,LOW
2026-01-01 01:17:00,47.009926495341325,68.29727118926594,98.43369866741544,3.0416667330833507,0,NORMAL,No Incident,0.0,LOW
2026-01-01 01:18:00,50.91760776535502,62.67550811878817,127.1783516748132,0.2037234332224644,0,NORMAL,No Incident,0.0,LOW
2026-01-01 01:19:00,30.12431085399108,71.82457518685155,99.2041355094353,1.6593959222562331,0,NORMAL,No Incident,0.0,LOW
2026-01-01 01:20:00,47.80328112162488,52.05128387524771,156.973261379331,1.775693172056354,0,NORMAL,No Incident,0.0,LOW
2026-01-01 01:21:00,53.57112571511746,61.087396537746784,93.8471483781312,1.9305448621489807,0,NORMAL,No Incident,0.0,LOW
2026-01-01 01:22:00,64.77894044741517,60.67573429111958,125.47320238425004,2.03580260003584,0,NORMAL,No Incident,0.0,LOW
2026-01-01 01:23:00,44.81729781726352,51.44596404995936,151.33709414427574,2.138147556367575,0,NORMAL,No Incident,0.0,LOW
2026-01-01 01:24:00,41.91506397106812,67.65036001673077,131.98179518527618,0.0,0,NORMAL,No Incident,0.0,LOW
2026-01-01 01:25:00,44.98242956415464,78.59738644682254,123.51347424983558,2.0146559098701267,0,NORMAL,No Incident,0.0,LOW
2026-01-01 01:26:00,59.15402117702074,59.86395140412935,100.63032706076208,0.0,0,NORMAL,No Incident,0.0,LOW
2026-01-01 01:27:00,53.287511096596845,64.04016870619013,92.36461622864591,2.732218073090995,0,NORMAL,No Incident,0.0,LOW
2026-01-01 01:28:00,44.70239796232961,60.67614780652262,135.40100217835172,1.444874844196388,0,NORMAL,No Incident,0.0,LOW
2026-01-01 01:29:00,55.13267433113356,54.29132264074259,150.12294481549893,0.0,0,NORMAL,No Incident,0.0,LOW
2026-01-01 01:30:00,50.9707754934804,45.43391777758387,111.22300019043657,1.185795322614624,0,NORMAL,No Incident,0.0,LOW
2026-01-01 01:31:00,59.68644990532889,54.35381213523708,97.21876984767296,1.4299246608153462,0,NORMAL,No Incident,0.0,LOW
2026-01-01 01:32:00,42.97946906122648,48.86433295238615,70.83661138901962,3.190699617555005,0,NORMAL,No Incident,0.0,LOW
2026-01-01 01:33:00,46.72337853402232,73.63281662447294,100.38470312674924,2.196637741750245,0,NORMAL,No Incident,0.0,LOW
2026-01-01 01:34:00,46.07891846867842,59.079122448614086,117.7268631500192,2.34444494435058,0,NORMAL,No Incident,0.0,LOW
2026-01-01 01:35:00,35.364850518678814,57.23264536762264,151.98246481673468,3.181221634220601,0,NORMAL,No Incident,0.0,LOW
2026-01-01 01:36:00,52.96120277064576,67.11323059830245,133.46267384465938,1.9038557120755104,0,NORMAL,No Incident,0.0,LOW
2026-01-01 01:37:00,52.610552721798896,51.025991177152896,126.10170809413506,2.754187961032404,0,NORMAL,No Incident,0.0,LOW
2026-01-01 01:38:00,50.05113456642461,53.86508769596358,111.99760677397738,2.683861113931992,0,NORMAL,No Incident,0.0,LOW
2026-01-01 01:39:00,47.65412866624853,60.544578153988965,108.33668565488088,0.7135305064305877,0,NORMAL,No Incident,0.0,LOW
2026-01-01 01:40:00,35.84629257949586,68.23015193138784,148.11295195015927,3.472983577629829,0,NORMAL,No Incident,0.0,LOW
2026-01-01 01:41:00,45.79354677234641,64.0134803613503,124.0147708151678,0.5796982199293055,0,NORMAL,No Incident,0.0,LOW
2026-01-01 01:42:00,46.572854834732304,61.98660114012706,77.94798616157956,2.917366649477848,0,NORMAL,No Incident,0.0,LOW
2026-01-01 01:43:00,41.97722730778381,60.62494188188813,106.52920704205516,0.4829269630943673,0,NORMAL,No Incident,0.0,LOW
2026-01-01 01:44:00,48.38714288333991,63.2018868442142,102.83567936456748,2.6012367881516734,0,NORMAL,No Incident,0.0,LOW
2026-01-01 01:45:00,54.04050856814538,61.61322324103404,109.07471981645072,3.8619148781501726,0,NORMAL,No Incident,0.0,LOW
2026-01-01 01:46:00,68.8618590121053,51.76022180178451,131.2582132057017,1.7870213434497888,0,NORMAL,No Incident,0.0,LOW
2026-01-01 01:47:00,51.74577812831839,60.36863377306521,117.851102364115,1.7436443571468536,0,NORMAL,No Incident,0.0,LOW
2026-01-01 01:48:00,52.57550390722764,51.410490728657976,118.46269185992676,2.610439999316849,0,NORMAL,No Incident,0.0,LOW
2026-01-01 01:49:00,49.25554084233833,60.648660343206586,146.26946322650474,1.670603544037457,0,NORMAL,No Incident,0.0,LOW
2026-01-01 01:50:00,30.812287847009586,56.15481646809407,106.07077820426623,3.8182787037428216,0,NORMAL,No Incident,0.0,LOW
2026-01-01 01:51:00,49.73486124550783,80.3150529822629,157.283990517747,2.192192249458696,0,NORMAL,No Incident,0.0,LOW
2026-01-01 01:52:00,50.60230209941027,59.68084492998631,106.57384817257828,1.679830491779274,0,NORMAL,No Incident,0.0,LOW
2026-01-01 01:53:00,100.0,78.76608346990729,621.7839639322515,11.459714472104316,1,CRITICAL,High API Latency / Database Performance Issue,100.0,HIGH
2026-01-01 01:54:00,48.07639035218877,58.92655831458461,114.37592809194466,1.0670515298269794,0,NORMAL,No Incident,0.0,LOW
2026-01-01 01:55:00,53.015473423336125,64.1548699651031,122.46838267001922,1.3722450132425104,0,NORMAL,No Incident,0.0,LOW
2026-01-01 01:56:00,49.65288230294757,73.38691156922019,128.8918399014626,1.6493266063414036,0,NORMAL,No Incident,0.0,LOW
2026-01-01 01:57:00,38.31321962380468,55.284380800490254,128.67670480177753,1.51236092650142,0,NORMAL,No Incident,0.0,LOW
2026-01-01 01:58:00,61.42822814515021,47.34057620781088,104.9376533875884,1.341824725862896,0,NORMAL,No Incident,0.0,LOW
2026-01-01 01:59:00,57.51933032686775,66.53469609144786,97.54170645104858,4.09884123035244,0,NORMAL,No Incident,0.0,LOW
2026-01-01 02:00:00,57.91031947043047,48.9552103528028,170.0634358181142,0.9699049235105102,0,NORMAL,No Incident,0.0,LOW
2026-01-01 02:01:00,40.906125452052606,56.51075646794012,110.32031320798892,2.1466325876461747,0,NORMAL,No Incident,0.0,LOW
2026-01-01 02:02:00,64.02794310936099,57.939036115912046,133.98424877343973,2.592521009760872,0,NORMAL,No Incident,0.0,LOW
2026-01-01 02:03:00,35.98148937207719,59.442932373599135,87.84717378953607,2.6301079955837325,0,NORMAL,No Incident,0.0,LOW
2026-01-01 02:04:00,55.86857093800271,65.51331565659468,114.40774560190648,1.941392924217528,0,NORMAL,No Incident,0.0,LOW
2026-01-01 02:05:00,71.90455625809979,54.5309257417089,117.45601232035114,1.7592974281526903,0,NORMAL,No Incident,0.0,LOW
2026-01-01 02:06:00,40.09463674869312,57.81016598266592,129.45630139855666,2.4515474912395065,0,NORMAL,No Incident,0.0,LOW
2026-01-01 02:07:00,44.33702270397228,59.88583717640489,65.55091718016122,2.2665216499782006,0,NORMAL,No Incident,0.0,LOW
2026-01-01 02:08:00,50.99651365087641,61.1967836601503,123.3228122615666,1.7410411652324866,0,NORMAL,No Incident,0.0,LOW
2026-01-01 02:09:00,44.96524345883801,60.78261739766338,97.00517089264214,0.4381214282755692,0,NORMAL,No Incident,0.0,LOW
2026-01-01 02:10:00,34.493365689338674,63.48804620178064,126.48691422389848,1.5320762776667525,0,NORMAL,No Incident,0.0,LOW
2026-01-01 02:11:00,50.68562974806027,66.7507160771339,99.27341606323674,0.8534498362925422,0,NORMAL,No Incident,0.0,LOW
2026-01-01 02:12:00,39.37696286273895,63.14107292520775,102.89034608148836,1.3328404499336737,0,NORMAL,No Incident,0.0,LOW
2026-01-01 02:13:00,54.73592430635182,63.62868418807375,114.52744779213464,2.0332232385169595,0,NORMAL,No Incident,0.0,LOW
2026-01-01 02:14:00,40.80575765766197,47.34221466602818,98.95341060793608,2.3587361439966164,0,NORMAL,No Incident,0.0,LOW
2026-01-01 02:15:00,65.4993440501754,60.40182159332544,110.4893110652929,3.7804527512924064,0,NORMAL,No Incident,0.0,LOW
2026-01-01 02:16:00,42.16746707663763,63.83606038401287,96.1324846291337,1.462593621096186,0,NORMAL,No Incident,0.0,LOW
2026-01-01 02:17:00,46.77938483794324,65.8315295565636,83.33659096602545,2.7746256352751506,0,NORMAL,No Incident,0.0,LOW
2026-01-01 02:18:00,58.135172173696695,54.46119380612964,140.3591410485872,2.3059600244378364,0,NORMAL,No Incident,0.0,LOW
2026-01-01 02:19:00,37.69135683566045,54.72768580089084,94.07902614352145,3.2959976706397898,0,NORMAL,No Incident,0.0,LOW
2026-01-01 02:20:00,52.27459934604129,55.40719459773121,116.42638224784032,2.576228719595626,0,NORMAL,No Incident,0.0,LOW
2026-01-01 02:21:00,63.07142754282428,64.29131119913075,135.0578216298757,0.9915185727136836,0,NORMAL,No Incident,0.0,LOW
2026-01-01 02:22:00,33.92516765438772,68.27104843939367,107.70111794967914,0.2769539707087687,0,NORMAL,No Incident,0.0,LOW
2026-01-01 02:23:00,51.84633858532304,56.74031914166719,103.49668200508924,2.311261699667505,0,NORMAL,No Incident,0.0,LOW
2026-01-01 02:24:00,52.59882794248424,67.2636985090164,124.52476177334844,1.4715490020996094,0,NORMAL,No Incident,0.0,LOW
2026-01-01 02:25:00,57.8182287177731,60.98783847331676,142.35867645454303,1.0196862540494027,0,NORMAL,No Incident,0.0,LOW
2026-01-01 02:26:00,37.63049289121918,59.00571378270051,96.61369469827062,0.7324222954669224,0,NORMAL,No Incident,0.0,LOW
2026-01-01 02:27:00,36.79543386915724,58.30892616145625,116.99704335965122,2.160975497587156,0,NORMAL,No Incident,0.0,LOW
2026-01-01 02:28:00,55.21941565616898,65.97289091681726,85.35010810065344,3.507707699313365,0,NORMAL,No Incident,0.0,LOW
2026-01-01 02:29:00,52.96984673233186,62.60462253429656,112.1359799263562,1.5913276542939585,0,NORMAL,No Incident,0.0,LOW
2026-01-01 02:30:00,52.50492850345877,78.2066034211811,120.68409369076151,2.5902703110753222,0,NORMAL,No Incident,0.0,LOW
2026-01-01 02:31:00,53.46448209496975,53.182202856021405,102.90750716489868,1.897733649782408,0,NORMAL,No Incident,0.0,LOW
2026-01-01 02:32:00,43.19975278421509,64.1448136162398,110.86016332349536,0.7106179108966071,0,NORMAL,No Incident,0.0,LOW
2026-01-01 02:33:00,52.32253697161004,55.766391921507896,91.835464633851,2.734811343510417,0,NORMAL,No Incident,0.0,LOW
2026-01-01 02:34:00,52.93072473298681,53.04570410409085,121.54157222762989,0.9053079559726288,0,NORMAL,No Incident,0.0,LOW
2026-01-01 02:35:00,42.85648581973632,59.913062903720224,141.113884977663,2.021626630593565,0,NORMAL,No Incident,0.0,LOW
2026-01-01 02:36:00,68.65774511144757,61.098819835256286,98.05712260459072,1.6584795849946947,0,NORMAL,No Incident,0.0,LOW
2026-01-01 02:37:00,54.73832920911788,83.34538844048075,107.54656466895234,2.893077434565692,0,NORMAL,No Incident,0.0,LOW
2026-01-01 02:38:00,38.08696502797351,58.52683347453439,130.05092492908364,0.9418490075293132,0,NORMAL,No Incident,0.0,LOW
2026-01-01 02:39:00,56.5655360863383,50.95857016412253,144.2418143864547,2.39086990780196,0,NORMAL,No Incident,0.0,LOW
2026-01-01 02:40:00,40.25318329772679,62.18408573995509,90.13620375582136,1.160202592651299,0,NORMAL,No Incident,0.0,LOW
2026-01-01 02:41:00,57.87084603742452,43.402879699629054,116.624305251681,1.4888947876712149,0,NORMAL,No Incident,0.0,LOW
2026-01-01 02:42:00,61.58595579007404,59.26434573916588,125.6626164463905,0.0,0,NORMAL,No Incident,0.0,LOW
2026-01-01 02:43:00,41.7931768164829,60.12820225836128,117.95887218742304,4.092098571617909,0,NORMAL,No Incident,0.0,LOW
2026-01-01 02:44:00,59.63376129244322,66.35680306356169,70.46415866245826,2.550556932826232,0,NORMAL,No Incident,0.0,LOW
2026-01-01 02:45:00,54.12780926936498,67.78897799542277,130.02180018617543,1.2326525140618356,0,NORMAL,No Incident,0.0,LOW
2026-01-01 02:46:00,58.2206015999449,55.97144304873826,150.38672702181287,0.8753443116670061,0,NORMAL,No Incident,0.0,LOW
2026-01-01 02:47:00,68.96792982653947,58.79508788296054,122.33323502339007,1.5043512471206597,0,NORMAL,No Incident,0.0,LOW
2026-01-01 02:48:00,47.54611883997129,53.87103335511463,99.37787893411472,2.7168795348194514,0,NORMAL,No Incident,0.0,LOW
2026-01-01 02:49:00,42.4626383564251,50.97549956153845,109.73745507271434,0.1079150744150745,0,NORMAL,No Incident,0.0,LOW
2026-01-01 02:50:00,41.10485570374477,62.47915823504508,155.39826135311188,1.858415580705662,0,NORMAL,No Incident,0.0,LOW
2026-01-01 02:51:00,41.841897150345616,49.81131561122721,138.19925081721118,3.770641872462673,0,NORMAL,No Incident,0.0,LOW
2026-01-01 02:52:00,49.22898290585896,56.68298479542509,132.80053236768657,0.8660536640321959,0,NORMAL,No Incident,0.0,LOW
2026-01-01 02:53:00,53.41151974816644,52.0386083208061,127.12825167068752,2.080385038763655,0,NORMAL,No Incident,0.0,LOW
2026-01-01 02:54:00,52.766907993300194,64.39746549032208,106.77725775618056,4.203309815257757,0,NORMAL,No Incident,0.0,LOW
2026-01-01 02:55:00,58.27183249036024,74.4114407941319,115.98857638688465,2.6321516296907728,0,NORMAL,No Incident,0.0,LOW
2026-01-01 02:56:00,50.13001891877907,49.58729613757335,118.44154528642969,2.125923820485455,0,NORMAL,No Incident,0.0,LOW
2026-01-01 02:57:00,64.53534077157317,45.17585213681944,130.99148632128887,2.5066364549090028,0,NORMAL,No Incident,0.0,LOW
2026-01-01 02:58:00,47.35343166762044,59.00090491719946,150.17837788533808,1.5991346649902978,0,NORMAL,No Incident,0.0,LOW
2026-01-01 02:59:00,77.20169166589619,60.12558236766207,142.36676273586255,3.29963128530344,0,NORMAL,No Incident,0.0,LOW
2026-01-01 03:00:00,56.25667347765006,61.74927445405838,91.6123128840792,1.600669977099788,0,NORMAL,No Incident,0.0,LOW
2026-01-01 03:01:00,41.42842443583717,56.42943587812524,124.47989937802096,0.0408183912640229,0,NORMAL,No Incident,0.0,LOW
2026-01-01 03:02:00,39.29107501938888,58.39488560939655,134.73526690335794,1.60869689605954,0,NORMAL,No Incident,0.0,LOW
2026-01-01 03:03:00,54.824724152431855,62.940083284324814,132.3772066028927,1.0332654701232964,0,NORMAL,No Incident,0.0,LOW
2026-01-01 03:04:00,47.76537214674149,68.32344714115871,107.4153247322516,1.7188059878025708,0,NORMAL,No Incident,0.0,LOW
2026-01-01 03:05:00,57.14000494092092,44.35960983745374,178.28218431536723,1.740915940919369,0,NORMAL,No Incident,0.0,LOW
2026-01-01 03:06:00,54.73237624573545,57.048484487748304,94.45830875337762,3.1974231998049074,0,NORMAL,No Incident,0.0,LOW
2026-01-01 03:07:00,49.27171087343128,61.71047035152851,98.336231066679,2.695292726664386,0,NORMAL,No Incident,0.0,LOW
2026-01-01 03:08:00,41.532062819315954,52.65619116311412,124.67190162523153,2.2632654875753966,0,NORMAL,No Incident,0.0,LOW
2026-01-01 03:09:00,34.851527753141355,73.8493570541384,162.33606109927706,1.997054588667405,0,NORMAL,No Incident,0.0,LOW
2026-01-01 03:10:00,45.53485047932979,54.9167209581701,103.27610298591658,0.9411419911420056,0,NORMAL,No Incident,0.0,LOW
2026-01-01 03:11:00,98.56398794323472,89.66965850394175,614.6834326870602,9.818824762334325,1,CRITICAL,High API Latency / Database Performance Issue,100.0,HIGH
2026-01-01 03:12:00,52.14093744130204,64.44817677473833,141.54587346031386,2.113160011392784,0,NORMAL,No Incident,0.0,LOW
2026-01-01 03:13:00,37.54261221288012,55.26972168958484,119.64275690224532,2.7946412035736587,0,NORMAL,No Incident,0.0,LOW
2026-01-01 03:14:00,51.73180925851182,45.22741561756466,113.30792290939408,1.8916661167554107,0,NORMAL,No Incident,0.0,LOW
2026-01-01 03:15:00,53.85317379728837,56.57076378466773,131.3126580377344,1.4651456772132998,0,NORMAL,No Incident,0.0,LOW
2026-01-01 03:16:00,41.16142563798867,68.23552444741632,125.45035980459188,2.4645021652142125,0,NORMAL,No Incident,0.0,LOW
2026-01-01 03:17:00,51.53725105945528,57.30483898571889,140.60877571273582,1.916667799375653,0,NORMAL,No Incident,0.0,LOW
2026-01-01 03:18:00,50.58208718446,53.22852558832817,145.82937778130727,3.685744191973961,0,NORMAL,No Incident,0.0,LOW
2026-01-01 03:19:00,38.57029702169377,67.40537767602177,126.14006120010724,3.2327283420682846,0,NORMAL,No Incident,0.0,LOW
2026-01-01 03:20:00,53.57787360348284,57.353800831815576,125.8346545075662,2.9595080570233296,0,NORMAL,No Incident,0.0,LOW
2026-01-01 03:21:00,55.60784526368234,55.91871349079826,124.28221964572268,2.757734114209904,0,NORMAL,No Incident,0.0,LOW
2026-01-01 03:22:00,60.830512431752766,61.19564871730648,129.78261113298575,0.709832585548543,0,NORMAL,No Incident,0.0,LOW
2026-01-01 03:23:00,60.53802052034903,66.1660016769503,121.10341275742928,2.6629937020526,0,NORMAL,No Incident,0.0,LOW
2026-01-01 03:24:00,36.22330632042909,79.05370825386036,119.98783035355422,2.3763259576465754,0,NORMAL,No Incident,0.0,LOW
2026-01-01 03:25:00,40.62174960084877,66.61788886125939,143.93254241654483,2.6064247283911635,0,NORMAL,No Incident,0.0,LOW
2026-01-01 03:26:00,55.1503526720866,69.27871973110675,150.32232360710086,2.4926094868130524,0,NORMAL,No Incident,0.0,LOW
2026-01-01 03:27:00,55.13785950912209,55.95227040809716,89.84894110733158,2.4527625878480657,0,NORMAL,No Incident,0.0,LOW
2026-01-01 03:28:00,55.15047686306048,51.79305515224419,120.20042303481138,4.700866469549595,0,NORMAL,No Incident,0.0,LOW
2026-01-01 03:29:00,88.52731490654722,60.49865079695299,106.22611133109532,1.923814330048081,0,NORMAL,No Incident,0.0,LOW
2026-01-01 03:30:00,55.70890510693167,60.85735932207677,113.78057067027856,2.9363373808293303,0,NORMAL,No Incident,0.0,LOW
2026-01-01 03:31:00,61.35565640180599,51.37189806908322,128.05032419470643,1.529010189735997,0,NORMAL,No Incident,0.0,LOW
2026-01-01 03:32:00,59.54001763493203,58.597643760767895,133.38876743084936,2.790641583887672,0,NORMAL,No Incident,0.0,LOW
2026-01-01 03:33:00,56.51391251305798,63.19454081375305,117.7574711277731,2.9393198902324555,0,NORMAL,No Incident,0.0,LOW
2026-01-01 03:34:00,46.84730755359654,62.88314716014464,81.73319330554395,2.364426077135348,0,NORMAL,No Incident,0.0,LOW
2026-01-01 03:35:00,57.58969220493268,64.03430282707419,100.6990883884764,3.6692469423765,0,NORMAL,No Incident,0.0,LOW
2026-01-01 03:36:00,42.27174785462428,62.32771784109954,137.9299934040033,1.1157239636395824,0,NORMAL,No Incident,0.0,LOW
2026-01-01 03:37:00,47.63181393259991,55.94393072583955,65.19147155930138,1.512779058331778,0,NORMAL,No Incident,0.0,LOW
2026-01-01 03:38:00,45.14636452170897,55.88879498680925,143.74854303364,2.2123800860234897,0,NORMAL,No Incident,0.0,LOW
2026-01-01 03:39:00,50.81874139386323,50.40838881604899,130.42459981289082,2.880806853484222,0,NORMAL,No Incident,0.0,LOW
2026-01-01 03:40:00,73.14658566673509,74.27820031348077,146.32352163060045,2.1794295212949333,0,NORMAL,No Incident,0.0,LOW
2026-01-01 03:41:00,31.32734807408252,60.10760291695434,116.0286162623808,3.285759036510566,0,NORMAL,No Incident,0.0,LOW
2026-01-01 03:42:00,56.86260190374514,58.20117555364119,78.7718915195419,1.3383101290336803,0,NORMAL,No Incident,0.0,LOW
2026-01-01 03:43:00,33.87284128810349,52.56966334838033,128.60725283012997,0.8594215105114456,0,NORMAL,No Incident,0.0,LOW
2026-01-01 03:44:00,45.28068134210567,83.48526321862222,145.4930624807668,2.3081283365365044,0,NORMAL,No Incident,0.0,LOW
2026-01-01 03:45:00,60.889505969673664,51.41337574221684,138.49443611026842,1.922819723886304,0,NORMAL,No Incident,0.0,LOW
2026-01-01 03:46:00,50.64280019095463,56.56921659515141,106.7461703302393,2.54286372035822,0,NORMAL,No Incident,0.0,LOW
2026-01-01 03:47:00,39.22255222070694,63.32669469028848,121.73522150925294,1.972597709133496,0,NORMAL,No Incident,0.0,LOW
2026-01-01 03:48:00,82.84696290740033,94.80170372595424,609.3432746244015,11.659980209376544,1,CRITICAL,High API Latency / Database Performance Issue,100.0,HIGH
2026-01-01 03:49:00,56.79597748934676,67.66345644172547,103.61467071621256,1.9250624282762765,0,NORMAL,No Incident,0.0,LOW
2026-01-01 03:50:00,42.69633368282864,74.4608680621541,139.10777142359703,2.028848894793185,0,NORMAL,No Incident,0.0,LOW
2026-01-01 03:51:00,52.16458589581975,64.04926124368569,96.04935377469675,1.6950187001516697,0,NORMAL,No Incident,0.0,LOW
2026-01-01 03:52:00,50.45571839903814,51.55175360026666,102.12367138836774,1.796867953676572,0,NORMAL,No Incident,0.0,LOW
2026-01-01 03:53:00,43.48399652394183,57.94443899902575,97.91948733055229,1.5964066630130898,0,NORMAL,No Incident,0.0,LOW
2026-01-01 03:54:00,71.43944089325325,62.46265898011108,90.19504953401906,2.8566651198694064,0,NORMAL,No Incident,0.0,LOW
2026-01-01 03:55:00,56.33919022318011,76.54580833204659,122.92828583685208,2.1940210045057995,0,NORMAL,No Incident,0.0,LOW
2026-01-01 03:56:00,29.74857413342393,48.81755617260562,143.2300609696395,4.256752472168767,0,NORMAL,No Incident,0.0,LOW
2026-01-01 03:57:00,51.86454314769428,69.62061204180182,116.30246487509469,2.160704551278462,0,NORMAL,No Incident,0.0,LOW
2026-01-01 03:58:00,43.38213535231612,61.43931495637133,89.88504398871667,1.4491425296713385,0,NORMAL,No Incident,0.0,LOW
2026-01-01 03:59:00,58.52433334796224,66.70264428183584,136.79889079484056,4.670675374863064,0,NORMAL,No Incident,0.0,LOW
2026-01-01 04:00:00,42.07479261567299,59.18404226691254,153.71403508069943,2.413626377714335,0,NORMAL,No Incident,0.0,LOW
2026-01-01 04:01:00,48.85263558533101,53.260538958989386,107.07515351706812,2.9901247868928165,0,NORMAL,No Incident,0.0,LOW
2026-01-01 04:02:00,55.049872789804574,66.00698223521066,110.42891466564564,2.592102983202492,0,NORMAL,No Incident,0.0,LOW
2026-01-01 04:03:00,58.657551941701215,65.23544821684497,130.31321260166789,2.6230110292977487,0,NORMAL,No Incident,0.0,LOW
2026-01-01 04:04:00,37.99703592944224,67.77645572591777,152.43747495570102,2.5356540513524743,0,NORMAL,No Incident,0.0,LOW
2026-01-01 04:05:00,46.65498764159052,59.89356291697092,109.60331708549548,0.8979154352239347,0,NORMAL,No Incident,0.0,LOW
2026-01-01 04:06:00,45.25054688839044,55.2014238134412,93.3510043800359,2.367529047561412,0,NORMAL,No Incident,0.0,LOW
2026-01-01 04:07:00,43.46670767426288,47.52970403980927,132.62837212544812,0.675138696149761,0,NORMAL,No Incident,0.0,LOW
2026-01-01 04:08:00,67.65454240281096,66.55498614511525,135.981361462846,1.8256371635874653,0,NORMAL,No Incident,0.0,LOW
2026-01-01 04:09:00,54.04981710960956,63.39111585955189,120.12262900870454,1.2743825434367126,0,NORMAL,No Incident,0.0,LOW
2026-01-01 04:10:00,37.39116045664954,52.273738937088325,108.837334806851,2.357470185848724,0,NORMAL,No Incident,0.0,LOW
2026-01-01 04:11:00,59.17861947054776,55.691410613627006,139.88757461984093,2.3341262473382347,0,NORMAL,No Incident,0.0,LOW
2026-01-01 04:12:00,71.22156197012633,56.26592950438848,130.56072009095928,2.4811458907651867,0,NORMAL,No Incident,0.0,LOW
2026-01-01 04:13:00,60.32465260551147,48.13612454414066,104.63128966193014,2.287296572749088,0,NORMAL,No Incident,0.0,LOW
2026-01-01 04:14:00,34.80630034045987,53.45854082715893,120.98189462611344,1.393174658213601,0,NORMAL,No Incident,0.0,LOW
2026-01-01 04:15:00,45.15765927133749,50.92935714554917,92.96584935950708,1.7389965106483205,0,NORMAL,No Incident,0.0,LOW
2026-01-01 04:16:00,62.66911149186623,56.7001679048965,133.7178091287584,2.9203961612544846,0,NORMAL,No Incident,0.0,LOW
2026-01-01 04:17:00,42.92330534381219,54.0904200133635,114.75532861234288,3.0678566772944,0,NORMAL,No Incident,0.0,LOW
2026-01-01 04:18:00,54.43819428146229,46.98396063306601,111.28578335230526,0.8532169013734507,0,NORMAL,No Incident,0.0,LOW
2026-01-01 04:19:00,57.74634053429337,76.18072184455585,119.34251029695132,0.4690723674873536,0,NORMAL,No Incident,0.0,LOW
2026-01-01 04:20:00,40.730695284219166,70.02032584823385,120.80615398660495,1.273110616795288,0,NORMAL,No Incident,0.0,LOW
2026-01-01 04:21:00,49.404746439382,53.76784462784011,137.8986012313112,3.0452075820322504,0,NORMAL,No Incident,0.0,LOW
2026-01-01 04:22:00,17.58732659930927,62.17937117322888,131.82181062650443,3.2148840301830344,0,NORMAL,No Incident,0.0,LOW
2026-01-01 04:23:00,39.756123586657104,63.33972071857036,116.87181442414396,1.0752881195988284,0,NORMAL,No Incident,0.0,LOW
2026-01-01 04:24:00,47.4743184860684,69.52868683818781,135.2733629943799,2.307309353736338,0,NORMAL,No Incident,0.0,LOW
2026-01-01 04:25:00,37.52216818035151,53.45115978671937,128.01474507383227,3.834431333140088,0,NORMAL,No Incident,0.0,LOW
2026-01-01 04:26:00,66.32411303931636,68.73685427185941,111.46800727427926,2.415311477240334,0,NORMAL,No Incident,0.0,LOW
2026-01-01 04:27:00,35.69858622039367,55.61675756634452,117.50563683527028,3.421503285233093,0,NORMAL,No Incident,0.0,LOW
2026-01-01 04:28:00,45.599555133030165,49.31310076665109,117.03554222313758,2.9987265700830985,0,NORMAL,No Incident,0.0,LOW
2026-01-01 04:29:00,51.30740577286091,65.79309247451597,130.10522686348403,1.0898012937720891,0,NORMAL,No Incident,0.0,LOW
2026-01-01 04:30:00,64.41273289066116,70.32606739297943,112.65954770556716,1.8100185765029213,0,NORMAL,No Incident,0.0,LOW
2026-01-01 04:31:00,35.6413784882056,80.70327178824547,112.19181627156732,2.034754478291848,0,NORMAL,No Incident,0.0,LOW
2026-01-01 04:32:00,61.63163752154959,50.40219787927829,159.37514618867917,2.10413338802134,0,NORMAL,No Incident,0.0,LOW
2026-01-01 04:33:00,50.10233061019587,65.59135748064631,138.79470963494208,2.9163289534385712,0,NORMAL,No Incident,0.0,LOW
2026-01-01 04:34:00,40.18491348952049,56.72159004965174,104.7879867114972,2.4086847622754086,0,NORMAL,No Incident,0.0,LOW
2026-01-01 04:35:00,54.62103474263271,66.26686968419224,131.41881987884398,0.0,0,NORMAL,No Incident,0.0,LOW
2026-01-01 04:36:00,51.9905969557347,48.23608359015,122.36700131310354,0.687159726907274,0,NORMAL,No Incident,0.0,LOW
2026-01-01 04:37:00,43.99783122841205,49.89784179441149,127.83102350520188,0.0,0,NORMAL,No Incident,0.0,LOW
2026-01-01 04:38:00,50.69802084990019,53.793001414668126,122.74682649130207,2.175365240655334,0,NORMAL,No Incident,0.0,LOW
2026-01-01 04:39:00,46.1468640313824,60.63171236534468,143.79285290970472,2.240487649467761,0,NORMAL,No Incident,0.0,LOW
2026-01-01 04:40:00,51.13517345251248,54.87134986769316,126.91240689302892,2.2832249586107185,0,NORMAL,No Incident,0.0,LOW
2026-01-01 04:41:00,56.62130674521047,65.27243475130736,118.75822603571426,1.0410717322853835,0,NORMAL,No Incident,0.0,LOW
2026-01-01 04:42:00,65.86016816145352,68.21515694606332,140.84381153966035,2.674144005119989,0,NORMAL,No Incident,0.0,LOW
2026-01-01 04:43:00,37.62184501173151,64.79662032996285,124.66570082175744,2.716262496468529,0,NORMAL,No Incident,0.0,LOW
2026-01-01 04:44:00,71.33033374656267,72.95030111728694,122.42957158658116,0.7448509327948423,0,NORMAL,No Incident,0.0,LOW
2026-01-01 04:45:00,30.479122004774982,63.32661303564274,126.28045204972229,0.5339617985511278,0,NORMAL,No Incident,0.0,LOW
2026-01-01 04:46:00,48.48214904964416,50.26482631727866,118.12781953267267,1.9998683137730624,0,NORMAL,No Incident,0.0,LOW
2026-01-01 04:47:00,55.883172064845766,70.90701210830672,120.18453985990938,3.791782273613359,0,NORMAL,No Incident,0.0,LOW
2026-01-01 04:48:00,52.809918677350325,55.15875011515202,108.26610822476256,3.699742742198642,0,NORMAL,No Incident,0.0,LOW
2026-01-01 04:49:00,43.77300480179406,67.28334799748455,104.97665560752242,2.5634043604480525,0,NORMAL,No Incident,0.0,LOW
2026-01-01 04:50:00,47.918777496427246,72.58987373244085,100.0285922703512,1.2700033284199237,0,NORMAL,No Incident,0.0,LOW
2026-01-01 04:51:00,45.06999065341167,63.6535040858432,92.16033426405848,2.886842659488585,0,NORMAL,No Incident,0.0,LOW
2026-01-01 04:52:00,44.10635243055789,48.0307294946828,102.40565277230888,1.5475757351909585,0,NORMAL,No Incident,0.0,LOW
2026-01-01 04:53:00,58.496020970210246,52.65430266792167,116.51465931066149,1.2324929633261896,0,NORMAL,No Incident,0.0,LOW
2026-01-01 04:54:00,53.57015485965047,70.58195573508108,122.06235164891274,0.0,0,NORMAL,No Incident,0.0,LOW
2026-01-01 04:55:00,43.070904047393455,58.64701851485747,114.57406873704718,2.102382198347653,0,NORMAL,No Incident,0.0,LOW
2026-01-01 04:56:00,58.9959987543325,60.63658827953733,72.88593019745284,1.3701326508626248,0,NORMAL,No Incident,0.0,LOW
2026-01-01 04:57:00,53.072995208766095,66.07059532930887,151.49172715524685,2.0964303795285044,0,NORMAL,No Incident,0.0,LOW
2026-01-01 04:58:00,58.1286211883896,65.57058289664259,141.72960245780763,0.0,0,NORMAL,No Incident,0.0,LOW
2026-01-01 04:59:00,56.29628841923612,62.23039849908368,128.91519702434258,2.169826672583687,0,NORMAL,No Incident,0.0,LOW
2026-01-01 05:00:00,41.71004989077928,58.33065303023627,158.14981345106537,0.0,0,NORMAL,No Incident,0.0,LOW
2026-01-01 05:01:00,44.39818959803031,57.49865243414114,100.45271765032578,3.087940253268552,0,NORMAL,No Incident,0.0,LOW
2026-01-01 05:02:00,57.472936051232615,66.86319060233075,157.7525024125201,2.5218912341350843,0,NORMAL,No Incident,0.0,LOW
2026-01-01 05:03:00,56.10370265433465,64.42855624854235,100.69571846498904,1.7213352285754122,0,NORMAL,No Incident,0.0,LOW
2026-01-01 05:04:00,49.79098406035852,57.941599995057686,124.77475850582714,2.56271986008208,0,NORMAL,No Incident,0.0,LOW
2026-01-01 05:05:00,51.17327383308782,68.65689850394513,94.52325349731592,1.0219257373364476,0,NORMAL,No Incident,0.0,LOW
2026-01-01 05:06:00,62.77664895788425,58.96772707896173,120.29388191088734,2.0723755156148926,0,NORMAL,No Incident,0.0,LOW
2026-01-01 05:07:00,44.0842861116417,53.18670260532485,127.72332995996776,2.794774038460336,0,NORMAL,No Incident,0.0,LOW
2026-01-01 05:08:00,55.470973811700375,53.92823440877324,116.90619337730892,0.0,0,NORMAL,No Incident,0.0,LOW
2026-01-01 05:09:00,47.97807347566106,52.17007330952187,134.27754888180274,1.5527756403224762,0,NORMAL,No Incident,0.0,LOW
2026-01-01 05:10:00,47.8231879677278,57.8207198671705,121.98028898974516,1.977355869863625,0,NORMAL,No Incident,0.0,LOW
2026-01-01 05:11:00,60.9877685198719,69.86979422668955,109.5517054324498,1.8037063822542327,0,NORMAL,No Incident,0.0,LOW
2026-01-01 05:12:00,58.2541634898803,53.55923855175593,108.6637336439532,3.4571018262274054,0,NORMAL,No Incident,0.0,LOW
2026-01-01 05:13:00,58.13509636000639,61.507806088144825,136.21827545231392,0.8760988750771155,0,NORMAL,No Incident,0.0,LOW
2026-01-01 05:14:00,63.05478807154329,54.746485234980696,106.92515940386065,1.3788407565547711,0,NORMAL,No Incident,0.0,LOW
2026-01-01 05:15:00,50.21003841632759,57.9175276698285,138.30805940969873,0.0841309736915516,0,NORMAL,No Incident,0.0,LOW
2026-01-01 05:16:00,56.81952971294964,47.91967030411799,144.4542358566386,3.510286651273145,0,NORMAL,No Incident,0.0,LOW
2026-01-01 05:17:00,46.89733243406544,58.2356941667477,86.6257227530774,1.7537098573912,0,NORMAL,No Incident,0.0,LOW
2026-01-01 05:18:00,53.24166352488442,58.4503569615603,142.6585277460207,1.561591111963293,0,NORMAL,No Incident,0.0,LOW
2026-01-01 05:19:00,48.69856945632316,64.32230355228556,161.208453968894,1.947517317689286,0,NORMAL,No Incident,0.0,LOW
2026-01-01 05:20:00,50.96995964992718,61.786247306042966,125.04007522403856,2.636235828430324,0,NORMAL,No Incident,0.0,LOW
2026-01-01 05:21:00,55.95157025436914,50.41286300038364,131.98168370589644,2.3473634035161246,0,NORMAL,No Incident,0.0,LOW
2026-01-01 05:22:00,41.81779316766527,68.67358595234835,140.74010648738317,4.647884213557088,0,NORMAL,No Incident,0.0,LOW
2026-01-01 05:23:00,70.9238727568546,61.68242432177596,114.49035369641956,2.4539358884037745,0,NORMAL,No Incident,0.0,LOW
2026-01-01 05:24:00,39.93982618500298,61.587148137419895,123.6456044707574,1.534754570830919,0,NORMAL,No Incident,0.0,LOW
2026-01-01 05:25:00,37.85811387212268,59.92654117291889,93.7160094075378,1.4386432624760528,0,NORMAL,No Incident,0.0,LOW
2026-01-01 05:26:00,61.58110873500068,55.85794042222224,122.77270057060902,1.6072410475831909,0,NORMAL,No Incident,0.0,LOW
2026-01-01 05:27:00,57.91662693962936,61.74241871798981,129.96223991289082,0.498163075370162,0,NORMAL,No Incident,0.0,LOW
2026-01-01 05:28:00,56.24119817052155,63.80470748742866,130.32326045852938,2.0398642074915863,0,NORMAL,No Incident,0.0,LOW
2026-01-01 05:29:00,56.2834550926428,46.02483446923556,141.3084944719516,2.7834681062089173,0,NORMAL,No Incident,0.0,LOW
2026-01-01 05:30:00,49.87753227153085,55.68991330123124,104.50395643728942,1.386636399376764,0,NORMAL,No Incident,0.0,LOW
2026-01-01 05:31:00,41.02745628514168,57.96042423677129,109.34786486653007,1.1926199437158884,0,NORMAL,No Incident,0.0,LOW
2026-01-01 05:32:00,50.75804558193726,62.04936484555422,157.9101469198271,3.515945146294234,0,NORMAL,No Incident,0.0,LOW
2026-01-01 05:33:00,43.22838288487888,69.546488047417,116.9934325247258,0.5735168433788349,0,NORMAL,No Incident,0.0,LOW
2026-01-01 05:34:00,59.75119733417751,53.82607348322574,124.00067574624656,0.0,0,NORMAL,No Incident,0.0,LOW
2026-01-01 05:35:00,48.52942618497861,56.01630522545727,118.65979916549558,0.8470980563526174,0,NORMAL,No Incident,0.0,LOW
2026-01-01 05:36:00,41.745028032074885,55.8997271148276,103.56638347389956,0.4595672828757036,0,NORMAL,No Incident,0.0,LOW
2026-01-01 05:37:00,46.78614158347007,53.58777927916367,152.47058421783612,2.386226064104582,0,NORMAL,No Incident,0.0,LOW
2026-01-01 05:38:00,54.12931454275624,57.2225080391019,109.44597176158788,1.6392954995504263,0,NORMAL,No Incident,0.0,LOW
2026-01-01 05:39:00,44.36275447196025,66.16641775990377,97.4542895258614,1.78031295497616,0,NORMAL,No Incident,0.0,LOW
2026-01-01 05:40:00,41.77779604433569,51.56931603708524,110.98519445394496,3.152934176974773,0,NORMAL,No Incident,0.0,LOW
2026-01-01 05:41:00,52.436872114919126,63.42251516122322,79.96587996548934,1.3086651388372237,0,NORMAL,No Incident,0.0,LOW
2026-01-01 05:42:00,52.44966571108723,46.38478215985332,106.97425070033636,2.7750894117456406,0,NORMAL,No Incident,0.0,LOW
2026-01-01 05:43:00,44.9305682462887,55.50929602846235,100.63742804295347,3.511322799203203,0,NORMAL,No Incident,0.0,LOW
2026-01-01 05:44:00,45.289616943816775,57.36408559825611,132.34857261854648,1.5443375019863392,0,NORMAL,No Incident,0.0,LOW
2026-01-01 05:45:00,52.32049937357636,73.39887738331252,106.53171520880257,2.7370228555563134,0,NORMAL,No Incident,0.0,LOW
2026-01-01 05:46:00,35.51915658502676,57.801581561978495,137.75607871157698,1.75818208747102,0,NORMAL,No Incident,0.0,LOW
2026-01-01 05:47:00,35.92536225623445,42.39005221239265,147.96967986138642,2.924098128840789,0,NORMAL,No Incident,0.0,LOW
2026-01-01 05:48:00,42.81555778747564,44.00888874511,135.62350672575198,0.4285108124237269,0,NORMAL,No Incident,0.0,LOW
2026-01-01 05:49:00,47.86552848288153,60.27223669077345,115.69223422279846,0.3544877548746536,0,NORMAL,No Incident,0.0,LOW
2026-01-01 05:50:00,53.10907565598005,64.91016684631927,122.82228993411186,1.6087322850924592,0,NORMAL,No Incident,0.0,LOW
2026-01-01 05:51:00,64.75356216949552,63.00364686101802,89.5003011971188,1.1110751909402294,0,NORMAL,No Incident,0.0,LOW
2026-01-01 05:52:00,58.576596232020194,61.340560846407925,117.3244125495752,1.4832908905701148,0,NORMAL,No Incident,0.0,LOW
2026-01-01 05:53:00,48.40061470036573,69.29807678004533,102.79123063866334,1.78047341755286,0,NORMAL,No Incident,0.0,LOW
2026-01-01 05:54:00,49.80983792097311,55.68327023410295,133.88652762298597,2.720013531836252,0,NORMAL,No Incident,0.0,LOW
2026-01-01 05:55:00,39.97470635362191,67.1592844482146,171.45504778488947,1.5923394214340651,0,NORMAL,No Incident,0.0,LOW
2026-01-01 05:56:00,49.8148686400761,46.94388091978866,129.9964327194762,1.1761386893769132,0,NORMAL,No Incident,0.0,LOW
2026-01-01 05:57:00,47.11341361079862,52.76041733649547,80.17719702090668,1.648486623241101,0,NORMAL,No Incident,0.0,LOW
2026-01-01 05:58:00,53.227185603380896,45.54366884054547,112.77539614171256,1.2308547201933822,0,NORMAL,No Incident,0.0,LOW
2026-01-01 05:59:00,81.72769056447677,87.80123759464166,622.4498185074891,11.065994497937286,1,CRITICAL,High API Latency / Database Performance Issue,100.0,HIGH
2026-01-01 06:00:00,55.193465142411725,59.62991026186926,121.74714850520527,0.3869831864230308,0,NORMAL,No Incident,0.0,LOW
2026-01-01 06:01:00,65.32738913002578,60.91281193781216,105.38373748782492,2.0694781162210787,0,NORMAL,No Incident,0.0,LOW
2026-01-01 06:02:00,48.91239851543143,60.49506682309708,124.9058348527387,1.431294293402947,0,NORMAL,No Incident,0.0,LOW
2026-01-01 06:03:00,54.01711722098941,52.57957335350618,95.14998326161223,2.966278739234672,0,NORMAL,No Incident,0.0,LOW
2026-01-01 06:04:00,56.90143991711113,58.47807324469427,101.10182554629866,0.5526039079410594,0,NORMAL,No Incident,0.0,LOW
2026-01-01 06:05:00,45.98779528114164,48.02042665115401,132.91595283207425,1.4579164449521211,0,NORMAL,No Incident,0.0,LOW
2026-01-01 06:06:00,52.24092481810417,70.905831801058,99.68673538240348,3.812907220658749,0,NORMAL,No Incident,0.0,LOW
2026-01-01 06:07:00,50.12592400781795,57.57099141681599,130.76423210984515,1.0603904829021509,0,NORMAL,No Incident,0.0,LOW
2026-01-01 06:08:00,50.97676098548832,56.08891104765047,92.61072450687884,1.763466747903876,0,NORMAL,No Incident,0.0,LOW
2026-01-01 06:09:00,42.26990216144534,72.71152262755267,155.2965176758347,0.7841560171746316,0,NORMAL,No Incident,0.0,LOW
2026-01-01 06:10:00,50.24510174258943,50.062027731606165,104.5146015519189,0.651572487219019,0,NORMAL,No Incident,0.0,LOW
2026-01-01 06:11:00,54.979982912454496,50.99530308774425,115.52666856393112,3.5473109830876783,0,NORMAL,No Incident,0.0,LOW
2026-01-01 06:12:00,64.51143607795042,51.23023740105148,126.61226522180812,2.1710394926371475,0,NORMAL,No Incident,0.0,LOW
2026-01-01 06:13:00,99.59270826085208,89.45702894640414,608.6930009499781,12.133678838237625,1,CRITICAL,High API Latency / Database Performance Issue,100.0,HIGH
2026-01-01 06:14:00,71.53182457511556,63.45305303710078,122.86811922142608,0.3036837648837778,0,NORMAL,No Incident,0.0,LOW
2026-01-01 06:15:00,42.326524371119504,65.91740374494267,131.5071344904025,2.358741388108303,0,NORMAL,No Incident,0.0,LOW
2026-01-01 06:16:00,58.72320636720679,80.57596253995975,139.2122646500697,3.1574219459938258,0,NORMAL,No Incident,0.0,LOW
2026-01-01 06:17:00,51.83342005738352,42.00454036639389,135.82994871945914,3.14947706082853,0,NORMAL,No Incident,0.0,LOW
2026-01-01 06:18:00,71.89802933217672,64.86988471299533,116.56379072394652,2.668333229606161,0,NORMAL,No Incident,0.0,LOW
2026-01-01 06:19:00,41.91701714644849,55.54295541942215,117.06736451912796,0.870514422404596,0,NORMAL,No Incident,0.0,LOW
2026-01-01 06:20:00,41.60278157819224,55.30867880888981,166.98217116050066,2.313123417192992,0,NORMAL,No Incident,0.0,LOW
2026-01-01 06:21:00,44.00607354555978,55.041822973968976,138.99778136498583,2.667584960476608,0,NORMAL,No Incident,0.0,LOW
2026-01-01 06:22:00,28.76104275690193,52.729842633536215,101.56352687359572,0.2055564149110986,0,NORMAL,No Incident,0.0,LOW
2026-01-01 06:23:00,44.74244978319239,73.47619867682761,121.99976327531104,0.8787204085182152,0,NORMAL,No Incident,0.0,LOW
2026-01-01 06:24:00,42.40867338446302,66.73837861611122,113.29713722443616,2.8881573217434418,0,NORMAL,No Incident,0.0,LOW
2026-01-01 06:25:00,51.50393786476208,60.185567828459,117.2933153215378,2.8760457766719285,0,NORMAL,No Incident,0.0,LOW
2026-01-01 06:26:00,53.41755975777159,70.80812601989601,95.41009684583824,0.4514169663786076,0,NORMAL,No Incident,0.0,LOW
2026-01-01 06:27:00,68.76170839215887,47.899768277609,111.76153531228094,2.7950214592691727,0,NORMAL,No Incident,0.0,LOW
2026-01-01 06:28:00,59.5042383818605,49.35435894935259,156.23111546387827,2.0953033991536176,0,NORMAL,No Incident,0.0,LOW
2026-01-01 06:29:00,44.23096344337597,42.5762581424425,131.58152601751007,2.7810089546071515,0,NORMAL,No Incident,0.0,LOW
2026-01-01 06:30:00,41.01585328651642,54.4046836790137,70.1767718369708,1.3654786765660587,0,NORMAL,No Incident,0.0,LOW
2026-01-01 06:31:00,54.919191715065054,61.29358821363802,144.33446984995894,2.645183496480902,0,NORMAL,No Incident,0.0,LOW
2026-01-01 06:32:00,36.797667929793576,60.82286862345868,141.7925904581832,2.8438287744856243,0,NORMAL,No Incident,0.0,LOW
2026-01-01 06:33:00,68.31458765854353,61.194735288479045,112.81429391387168,1.6486650645442884,0,NORMAL,No Incident,0.0,LOW
2026-01-01 06:34:00,61.79440120721287,48.711545351471344,134.3452708756643,2.017752546173286,0,NORMAL,No Incident,0.0,LOW
2026-01-01 06:35:00,45.30824347895295,66.42523794091218,102.812015783656,1.3514783704953466,0,NORMAL,No Incident,0.0,LOW
2026-01-01 06:36:00,32.868654709091224,61.917020145911984,110.59488567467284,3.6516389486858793,0,NORMAL,No Incident,0.0,LOW
2026-01-01 06:37:00,63.53872374165413,65.86443425172799,149.9709272133971,1.879728060674234,0,NORMAL,No Incident,0.0,LOW
2026-01-01 06:38:00,48.85460154747382,44.85790257927958,114.56539920260585,1.077975674822818,0,NORMAL,No Incident,0.0,LOW
2026-01-01 06:39:00,62.378163119734616,62.49192687038232,82.60536676090018,1.2841740861252495,0,NORMAL,No Incident,0.0,LOW
2026-01-01 06:40:00,34.05572341205633,50.49787808065979,118.73393554437328,2.126770601142113,0,NORMAL,No Incident,0.0,LOW
2026-01-01 06:41:00,44.00624977046227,56.8214139795891,118.42823214171288,2.753331171778212,0,NORMAL,No Incident,0.0,LOW
2026-01-01 06:42:00,50.05243699718183,64.27491918909107,143.9673713874692,0.6641731548494783,0,NORMAL,No Incident,0.0,LOW
2026-01-01 06:43:00,50.46980593764742,60.7287488500473,120.2867284435152,3.847660002942449,0,NORMAL,No Incident,0.0,LOW
2026-01-01 06:44:00,45.49934528520756,53.18768016176545,111.56835377119414,2.3086752940556163,0,NORMAL,No Incident,0.0,LOW
2026-01-01 06:45:00,56.228499323474985,60.05018524947535,140.90112290462412,2.4664559729694124,0,NORMAL,No Incident,0.0,LOW
2026-01-01 06:46:00,39.32379570617405,47.74771747805086,122.4158046500222,1.9028104561765635,0,NORMAL,No Incident,0.0,LOW
2026-01-01 06:47:00,48.57620514978706,69.20213916718637,104.99954636868566,2.0192589673511256,0,NORMAL,No Incident,0.0,LOW
2026-01-01 06:48:00,51.20295631711899,58.35772784402999,143.09995121083236,1.851716862072597,0,NORMAL,No Incident,0.0,LOW
2026-01-01 06:49:00,55.14438834058749,68.94839955404261,123.87323529033598,3.0177959690359604,0,NORMAL,No Incident,0.0,LOW
2026-01-01 06:50:00,57.1161487808889,55.78774650323166,120.05851933358876,1.9920714125466297,0,NORMAL,No Incident,0.0,LOW
2026-01-01 06:51:00,38.75357908162131,55.81139209274734,123.55816782823308,2.76705021849271,0,NORMAL,No Incident,0.0,LOW
2026-01-01 06:52:00,34.65885829264378,53.886505706897225,98.58663257166806,1.5661524766474275,0,NORMAL,No Incident,0.0,LOW
2026-01-01 06:53:00,62.77676821898509,67.00939145354461,109.44692447643324,2.195640528312316,0,NORMAL,No Incident,0.0,LOW
2026-01-01 06:54:00,53.32314011979592,54.32455074137219,120.07165203665566,1.1960796557605788,0,NORMAL,No Incident,0.0,LOW
2026-01-01 06:55:00,42.51513463443446,65.15676345932141,116.1067260995064,3.216528232549537,0,NORMAL,No Incident,0.0,LOW
2026-01-01 06:56:00,65.51151975522524,56.94038081864568,145.4485676563319,1.1662527592808842,0,NORMAL,No Incident,0.0,LOW
2026-01-01 06:57:00,51.156746342928585,44.192293600867046,124.34811705454008,1.6750205557386737,0,NORMAL,No Incident,0.0,LOW
2026-01-01 06:58:00,61.792971840638266,55.43748745770827,137.09807845272806,1.685039587545255,0,NORMAL,No Incident,0.0,LOW
2026-01-01 06:59:00,50.67518481410109,50.56713428509721,120.187907091517,1.6460486123262317,0,NORMAL,No Incident,0.0,LOW
2026-01-01 07:00:00,70.60747924881987,60.2712217894587,141.12576967492245,2.7224957694429373,0,NORMAL,No Incident,0.0,LOW
2026-01-01 07:01:00,67.55340842443204,50.47673811460408,127.95055513146308,1.6833422352633562,0,NORMAL,No Incident,0.0,LOW
2026-01-01 07:02:00,47.51035851520926,67.40780080571693,120.2684097077692,3.393924530541073,0,NORMAL,No Incident,0.0,LOW
2026-01-01 07:03:00,59.71570950954356,59.27139311717578,119.7343382208196,1.1815249138698318,0,NORMAL,No Incident,0.0,LOW
2026-01-01 07:04:00,56.45375949585147,58.57923204193009,100.91122747418072,2.169377469942707,0,NORMAL,No Incident,0.0,LOW
2026-01-01 07:05:00,63.68631557532349,65.24713710230066,130.13831440272622,1.2242140106874002,0,NORMAL,No Incident,0.0,LOW
2026-01-01 07:06:00,40.35076539419896,67.7112554726069,119.19590530927242,2.420972782531466,0,NORMAL,No Incident,0.0,LOW
2026-01-01 07:07:00,56.86051459998439,59.83920998584279,109.9601607963759,1.98405027302323,0,NORMAL,No Incident,0.0,LOW
2026-01-01 07:08:00,60.58424486849588,53.83039760360568,142.12923541624144,1.8449379553015213,0,NORMAL,No Incident,0.0,LOW
2026-01-01 07:09:00,32.41260513576886,45.80824307110296,94.99567948210398,3.188474966503524,0,NORMAL,No Incident,0.0,LOW
2026-01-01 07:10:00,38.16741487334225,54.51160194371856,111.55008209135131,1.3456581289448966,0,NORMAL,No Incident,0.0,LOW
2026-01-01 07:11:00,29.607678222398995,55.06230202681631,140.55437497559066,2.586515157618,0,NORMAL,No Incident,0.0,LOW
2026-01-01 07:12:00,47.30593165555442,60.85645962393838,126.31045881840508,1.2310400873252076,0,NORMAL,No Incident,0.0,LOW
2026-01-01 07:13:00,57.17542255795962,57.23882495089578,119.04282144694486,2.112685200160373,0,NORMAL,No Incident,0.0,LOW
2026-01-01 07:14:00,65.02357052096028,65.50346377641142,125.02007086300291,0.8044246717765546,0,NORMAL,No Incident,0.0,LOW
2026-01-01 07:15:00,50.74094780419775,55.096133829834486,123.58828342097682,1.3374828536932597,0,NORMAL,No Incident,0.0,LOW
2026-01-01 07:16:00,66.28615545571292,59.543670665176464,89.66674907428157,1.9178569544271349,0,NORMAL,No Incident,0.0,LOW
2026-01-01 07:17:00,36.19898541785109,69.47189954557511,113.01476229304076,3.814649167323078,0,NORMAL,No Incident,0.0,LOW
2026-01-01 07:18:00,32.96617560644845,62.73460171163973,152.330433090275,2.100803870459774,0,NORMAL,No Incident,0.0,LOW
2026-01-01 07:19:00,49.44452301103381,59.51969966649148,106.81351730445664,3.654668315866706,0,NORMAL,No Incident,0.0,LOW
2026-01-01 07:20:00,53.840654489393074,55.184444464518585,113.63397971791332,2.220323291690918,0,NORMAL,No Incident,0.0,LOW
2026-01-01 07:21:00,49.67305251905907,54.934148826280186,109.16758473381626,1.6129157555250608,0,NORMAL,No Incident,0.0,LOW
2026-01-01 07:22:00,29.32557899960124,53.19509397638442,118.25969553363726,3.5393565226006936,0,NORMAL,No Incident,0.0,LOW
2026-01-01 07:23:00,49.10879960487212,55.67194507373681,108.33754337351404,2.437017622073419,0,NORMAL,No Incident,0.0,LOW
2026-01-01 07:24:00,36.95530499495147,66.04532670995452,129.7348300431612,1.3572784061172865,0,NORMAL,No Incident,0.0,LOW
2026-01-01 07:25:00,56.69672548830039,58.22489382966185,123.94626824580531,2.470571459400297,0,NORMAL,No Incident,0.0,LOW
2026-01-01 07:26:00,53.66598246096848,49.20181544495015,135.47095230214035,1.7074052500923895,0,NORMAL,No Incident,0.0,LOW
2026-01-01 07:27:00,40.60120213672645,74.14535434447826,98.9811766762208,0.0109658038287041,0,NORMAL,No Incident,0.0,LOW
2026-01-01 07:28:00,44.861330826633065,62.5597215291613,113.19319034234194,2.9359731592656173,0,NORMAL,No Incident,0.0,LOW
2026-01-01 07:29:00,39.40786478111048,48.744452795894645,115.4855473677573,3.0949340556419287,0,NORMAL,No Incident,0.0,LOW
2026-01-01 07:30:00,49.37320902726828,56.46520858207341,129.1129382017719,3.8379420299922753,0,NORMAL,No Incident,0.0,LOW
2026-01-01 07:31:00,59.551423205012384,60.88709106262734,104.1355760558593,2.4221436921952626,0,NORMAL,No Incident,0.0,LOW
2026-01-01 07:32:00,40.14273953664456,73.63673674637901,138.31307608516687,1.7512765759174675,0,NORMAL,No Incident,0.0,LOW
2026-01-01 07:33:00,55.040465155178445,51.135100333929046,143.72831181035218,2.834989427378586,0,NORMAL,No Incident,0.0,LOW
2026-01-01 07:34:00,44.69742381627559,67.80832575484757,100.22255304728832,2.8498203653189065,0,NORMAL,No Incident,0.0,LOW
2026-01-01 07:35:00,42.07127167737656,71.19589141577875,110.18254210212868,3.6382811831364217,0,NORMAL,No Incident,0.0,LOW
2026-01-01 07:36:00,48.929696400454425,54.97076555940344,109.36136983415815,1.9553723769335576,0,NORMAL,No Incident,0.0,LOW
2026-01-01 07:37:00,39.64757677580626,57.779891049118135,172.64772409354998,1.834421027432405,0,NORMAL,No Incident,0.0,LOW
2026-01-01 07:38:00,44.46350694652818,51.70952602100984,111.40199789584229,1.2844555802414723,0,NORMAL,No Incident,0.0,LOW
2026-01-01 07:39:00,38.02122107411152,58.37231087135756,153.5525088431227,2.537462086725202,0,NORMAL,No Incident,0.0,LOW
2026-01-01 07:40:00,69.6472513291639,59.70728020525655,94.6673600978678,0.4517383317691648,0,NORMAL,No Incident,0.0,LOW
2026-01-01 07:41:00,50.35263551971729,65.27719998465896,100.20698067671272,2.7760873728625644,0,NORMAL,No Incident,0.0,LOW
2026-01-01 07:42:00,43.00274492007414,68.72146776816358,106.26790936303598,2.5878351218657896,0,NORMAL,No Incident,0.0,LOW
2026-01-01 07:43:00,52.13979910734222,54.01523148302682,103.08621377106957,2.585070202458372,0,NORMAL,No Incident,0.0,LOW
2026-01-01 07:44:00,48.8767195030917,44.26139948619205,114.64202531683004,2.1382252365018406,0,NORMAL,No Incident,0.0,LOW
2026-01-01 07:45:00,47.79030400466777,59.830041765790064,105.82443594557004,3.5329782475310845,0,NORMAL,No Incident,0.0,LOW
2026-01-01 07:46:00,56.14166700043425,62.34830023974912,103.61316814530852,2.871993465426863,0,NORMAL,No Incident,0.0,LOW
2026-01-01 07:47:00,57.57507710047305,61.99534150148033,143.16943992946656,1.3929228086243004,0,NORMAL,No Incident,0.0,LOW
2026-01-01 07:48:00,44.69498852389472,57.38661401992765,144.4758724502633,1.4108209503023532,0,NORMAL,No Incident,0.0,LOW
2026-01-01 07:49:00,44.2418175935532,60.99801679731148,138.9859299675063,1.120326186585363,0,NORMAL,No Incident,0.0,LOW
2026-01-01 07:50:00,47.24948302848356,72.12355846681798,130.47997911168656,2.551283332775588,0,NORMAL,No Incident,0.0,LOW
2026-01-01 07:51:00,26.98078835264415,63.05387335170008,121.85486131559104,0.9998610787600432,0,NORMAL,No Incident,0.0,LOW
2026-01-01 07:52:00,34.84808937801448,57.013052599975325,110.05938618668182,3.083392143583352,0,NORMAL,No Incident,0.0,LOW
2026-01-01 07:53:00,63.66874267444525,55.99841746323203,100.93684990489815,3.322973308345543,0,NORMAL,No Incident,0.0,LOW
2026-01-01 07:54:00,66.44967713501283,58.64118113857816,127.25991406865374,1.1209837310495487,0,NORMAL,No Incident,0.0,LOW
2026-01-01 07:55:00,47.50963960443622,73.09391969464512,96.52739214906404,1.8144514654071464,0,NORMAL,No Incident,0.0,LOW
2026-01-01 07:56:00,55.765569630557664,58.533594323790425,100.12158141649212,2.0166209813624136,0,NORMAL,No Incident,0.0,LOW
2026-01-01 07:57:00,53.11250154543536,59.841645243834336,143.05826512409618,2.8839831604696675,0,NORMAL,No Incident,0.0,LOW
2026-01-01 07:58:00,80.78880808455239,56.141491432509575,158.01298083444175,3.609343375609877,0,NORMAL,No Incident,0.0,LOW
2026-01-01 07:59:00,61.195749114345766,68.79186685953572,127.8659027633296,0.3145076071314225,0,NORMAL,No Incident,0.0,LOW
2026-01-01 08:00:00,48.72082408519233,75.6786980379574,142.12914304589287,1.6818192824733171,0,NORMAL,No Incident,0.0,LOW
2026-01-01 08:01:00,40.44459559399574,63.60490439545111,115.08303365112032,1.733983304439653,0,NORMAL,No Incident,0.0,LOW
2026-01-01 08:02:00,33.93553679742428,60.66218323028341,93.24651627824632,0.5993301451134523,0,NORMAL,No Incident,0.0,LOW
2026-01-01 08:03:00,52.03463635867223,60.29426266539388,132.24343237237167,1.5148899806959384,0,NORMAL,No Incident,0.0,LOW
2026-01-01 08:04:00,42.436492547156966,40.92554568971404,131.38578646540128,2.427768944350611,0,NORMAL,No Incident,0.0,LOW
2026-01-01 08:05:00,35.77746290402326,65.96120691427853,121.43337107760487,1.721321097160443,0,NORMAL,No Incident,0.0,LOW
2026-01-01 08:06:00,43.534271157574736,61.07333132796675,115.15249083789776,0.4553788313925864,0,NORMAL,No Incident,0.0,LOW
2026-01-01 08:07:00,39.18451996385605,63.4267364052858,139.24421157162195,4.8740826980099135,0,NORMAL,No Incident,0.0,LOW
2026-01-01 08:08:00,66.87141635072564,54.30830244733036,100.28533933145052,2.26617786520418,0,NORMAL,No Incident,0.0,LOW
2026-01-01 08:09:00,58.816397569494505,56.92434496818327,104.52438842218685,2.111694130106675,0,NORMAL,No Incident,0.0,LOW
2026-01-01 08:10:00,49.92027358683383,56.711800507974615,99.83786986479144,0.9020736369329536,0,NORMAL,No Incident,0.0,LOW
2026-01-01 08:11:00,64.79944138890026,68.17298387258431,121.69945925271657,2.2607061619712754,0,NORMAL,No Incident,0.0,LOW
2026-01-01 08:12:00,50.77368307647618,56.969921307175255,98.24213975781484,1.8357862159585057,0,NORMAL,No Incident,0.0,LOW
2026-01-01 08:13:00,41.38715798671736,76.66128257687838,106.31515638969512,0.1114765872845937,0,NORMAL,No Incident,0.0,LOW
2026-01-01 08:14:00,65.23124077269657,63.4468993521203,105.88488875545605,0.9297445599855838,0,NORMAL,No Incident,0.0,LOW
2026-01-01 08:15:00,55.38910043684659,49.79453872003415,114.78783335332083,2.794926017673945,0,NORMAL,No Incident,0.0,LOW
2026-01-01 08:16:00,39.62753845673544,58.97162965398434,90.25251107192048,3.9440176500004416,0,NORMAL,No Incident,0.0,LOW
2026-01-01 08:17:00,48.09661321916392,54.78659902274868,121.74409984074532,2.3671654050430444,0,NORMAL,No Incident,0.0,LOW
2026-01-01 08:18:00,41.24381746615243,42.44494024143981,144.94607301329356,3.103083278293368,0,NORMAL,No Incident,0.0,LOW
2026-01-01 08:19:00,36.17200269035664,72.79576752091032,122.70982744633524,1.84424469141679,0,NORMAL,No Incident,0.0,LOW
2026-01-01 08:20:00,59.26177547531641,65.62514033776003,150.82642289602643,1.9134538393193967,0,NORMAL,No Incident,0.0,LOW
2026-01-01 08:21:00,69.0941664047013,64.2656585431945,146.6799637175385,3.090979027619465,0,NORMAL,No Incident,0.0,LOW
2026-01-01 08:22:00,36.01432426180859,61.323229282397634,135.5547009449571,3.662777289179469,0,NORMAL,No Incident,0.0,LOW
2026-01-01 08:23:00,55.62969236690571,48.9438594504605,121.49371685273772,3.3010966934656216,0,NORMAL,No Incident,0.0,LOW
2026-01-01 08:24:00,43.49357430878173,56.13106288355651,120.4500077649088,0.933636924615181,0,NORMAL,No Incident,0.0,LOW
2026-01-01 08:25:00,45.12874616235304,66.7342461982721,135.2759954472652,1.9330411096847544,0,NORMAL,No Incident,0.0,LOW
2026-01-01 08:26:00,44.07606075761131,51.59023976173998,112.16658780991936,2.277524684476296,0,NORMAL,No Incident,0.0,LOW
2026-01-01 08:27:00,41.36009230320184,39.74584546999349,82.34958497065072,1.740322036492471,0,NORMAL,No Incident,0.0,LOW
2026-01-01 08:28:00,50.48521627944827,58.18315193775259,129.8400810820592,2.3878575434155955,0,NORMAL,No Incident,0.0,LOW
2026-01-01 08:29:00,41.69049883588962,58.86593956777969,97.37862740130058,2.820576811668947,0,NORMAL,No Incident,0.0,LOW
2026-01-01 08:30:00,52.70456825779839,61.08450733131768,100.75717543619233,3.0028097519551404,0,NORMAL,No Incident,0.0,LOW
2026-01-01 08:31:00,89.49761890550863,95.8281491481163,620.0044789599158,13.685870152221522,1,CRITICAL,High API Latency / Database Performance Issue,100.0,HIGH
2026-01-01 08:32:00,47.6105195313359,65.10084649784967,118.0975024489306,1.670558895275165,0,NORMAL,No Incident,0.0,LOW
2026-01-01 08:33:00,40.92436337958402,62.07015844195137,91.7584878736874,0.635966835160686,0,NORMAL,No Incident,0.0,LOW
2026-01-01 08:34:00,44.23228669431667,69.56425110469368,123.3098312826628,2.3582345940144527,0,NORMAL,No Incident,0.0,LOW
2026-01-01 08:35:00,57.55391225825756,47.84824175349348,139.32279321722098,3.883811031184802,0,NORMAL,No Incident,0.0,LOW
2026-01-01 08:36:00,55.009171876243805,64.03665451581912,97.43316859468436,1.523024140045941,0,NORMAL,No Incident,0.0,LOW
2026-01-01 08:37:00,40.22444755201449,65.01230690669554,145.44966661697518,2.68684697706372,0,NORMAL,No Incident,0.0,LOW
2026-01-01 08:38:00,50.99332305429226,50.08350171135808,88.79658349740112,2.6957457924726427,0,NORMAL,No Incident,0.0,LOW
2026-01-01 08:39:00,57.51387123371789,47.97703513054088,162.34648288741909,2.191442047344609,0,NORMAL,No Incident,0.0,LOW
2026-01-01 08:40:00,33.305947188786284,54.03246298819519,111.77479139033034,2.006924721043714,0,NORMAL,No Incident,0.0,LOW
2026-01-01 08:41:00,55.43360192379935,54.70766845987767,122.91233993653782,1.0765707942786076,0,NORMAL,No Incident,0.0,LOW
2026-01-01 08:42:00,43.37376241054153,66.02735570801944,82.1593285502866,0.0,0,NORMAL,No Incident,0.0,LOW
2026-01-01 08:43:00,55.70598668593159,55.08368973047124,118.75727867061384,0.8881492933359711,0,NORMAL,No Incident,0.0,LOW
2026-01-01 08:44:00,42.367408434574834,53.149211853750366,124.56964355436384,1.6096958508883008,0,NORMAL,No Incident,0.0,LOW
2026-01-01 08:45:00,31.95117899335481,55.10693010644353,118.2767579180101,3.097422687422707,0,NORMAL,No Incident,0.0,LOW
2026-01-01 08:46:00,33.72457562116837,68.9490586732337,108.73837845895252,1.8968719376486245,0,NORMAL,No Incident,0.0,LOW
2026-01-01 08:47:00,50.48084946661382,60.10434699501562,101.0687096294437,1.4809742810818514,0,NORMAL,No Incident,0.0,LOW
2026-01-01 08:48:00,52.59722501721482,58.565991797144704,142.61053239074622,1.1090145580465696,0,NORMAL,No Incident,0.0,LOW
2026-01-01 08:49:00,40.95683374895592,59.11995601039159,120.616142699959,2.6568058285094804,0,NORMAL,No Incident,0.0,LOW
2026-01-01 08:50:00,56.38592458777374,70.33648267461218,150.81504753033545,3.358357166430605,0,NORMAL,No Incident,0.0,LOW
2026-01-01 08:51:00,33.3847993773104,54.006626187174064,109.47035290410156,3.06343572186746,0,NORMAL,No Incident,0.0,LOW
2026-01-01 08:52:00,49.33920201352684,70.52406632752083,111.30410613255566,2.606149699758469,0,NORMAL,No Incident,0.0,LOW
2026-01-01 08:53:00,37.88983800237544,61.68397039137203,136.31188489192326,0.52438725361706,0,NORMAL,No Incident,0.0,LOW
2026-01-01 08:54:00,43.48163892197841,58.71664494419722,87.54050075992872,1.6483257571562286,0,NORMAL,No Incident,0.0,LOW
2026-01-01 08:55:00,50.47398671316414,80.00720398347426,95.73073279694154,3.947304228889675,0,NORMAL,No Incident,0.0,LOW
2026-01-01 08:56:00,41.39586634716048,51.55488408161123,141.94969942706328,3.121950491915225,0,NORMAL,No Incident,0.0,LOW
2026-01-01 08:57:00,46.154444557701744,57.17051392346395,96.5613214155361,0.462496781765275,0,NORMAL,No Incident,0.0,LOW
2026-01-01 08:58:00,60.0629280921444,50.140550086688,83.61897969394904,1.9444094768007285,0,NORMAL,No Incident,0.0,LOW
2026-01-01 08:59:00,44.23108130476851,67.61969576428936,157.37054376146182,2.363098432661039,0,NORMAL,No Incident,0.0,LOW
2026-01-01 09:00:00,58.35692112065142,73.51351146921343,92.1236470425159,1.23784153697378,0,NORMAL,No Incident,0.0,LOW
2026-01-01 09:01:00,38.702931453423815,73.35938225123711,123.6823879665634,0.0,0,NORMAL,No Incident,0.0,LOW
2026-01-01 09:02:00,55.298041779152825,69.79159002516803,121.38170385448542,2.098824045016432,0,NORMAL,No Incident,0.0,LOW
2026-01-01 09:03:00,64.41568620657901,58.41903625763228,63.787433667638325,1.2122417423795606,0,NORMAL,No Incident,0.0,LOW
2026-01-01 09:04:00,25.283554998727105,57.07807218008123,114.65365953664384,1.216158260915316,0,NORMAL,No Incident,0.0,LOW
2026-01-01 09:05:00,42.03104744529523,46.63064182004748,128.9682649895822,1.6453196400692418,0,NORMAL,No Incident,0.0,LOW
2026-01-01 09:06:00,55.7707212718054,76.28698828145434,127.0861876303772,1.8663240853451883,0,NORMAL,No Incident,0.0,LOW
2026-01-01 09:07:00,47.96954613957007,63.751824625187744,138.07041367607002,1.9909172059043136,0,NORMAL,No Incident,0.0,LOW
2026-01-01 09:08:00,93.71145873371309,86.06434476104414,612.2501737018913,11.116010101078,1,CRITICAL,High API Latency / Database Performance Issue,100.0,HIGH
2026-01-01 09:09:00,43.9601481328418,70.62445511189574,134.25008884184322,1.7797904703659226,0,NORMAL,No Incident,0.0,LOW
2026-01-01 09:10:00,50.865897874729,52.21788386592,106.21341863839857,0.2425766295972449,0,NORMAL,No Incident,0.0,LOW
2026-01-01 09:11:00,48.44322764607921,63.25297627378139,91.7906516717445,2.311039065368078,0,NORMAL,No Incident,0.0,LOW
2026-01-01 09:12:00,61.67782061659807,58.61896692567332,94.04543248637536,0.0,0,NORMAL,No Incident,0.0,LOW
2026-01-01 09:13:00,52.54420843301213,65.1094171190424,90.7577908960917,1.7105099195663804,0,NORMAL,No Incident,0.0,LOW
2026-01-01 09:14:00,53.37602662075202,59.49141168651103,140.19171935782387,2.919186153676953,0,NORMAL,No Incident,0.0,LOW
2026-01-01 09:15:00,45.881230338775325,48.39257687111021,89.70852981882886,0.9406593127251734,0,NORMAL,No Incident,0.0,LOW
2026-01-01 09:16:00,45.123937759275066,60.6046109813603,125.48077681298606,2.7164302036574,0,NORMAL,No Incident,0.0,LOW
2026-01-01 09:17:00,45.67441812180379,68.3909131350029,114.68151611855134,3.1557327121208925,0,NORMAL,No Incident,0.0,LOW
2026-01-01 09:18:00,53.944521423782966,59.76626875316812,117.94702853098735,0.0,0,NORMAL,No Incident,0.0,LOW
2026-01-01 09:19:00,45.79015519179737,66.2009209727127,147.272145903994,1.8486370964242576,0,NORMAL,No Incident,0.0,LOW
2026-01-01 09:20:00,52.89774856896413,51.635764114607575,111.23145265569454,0.0,0,NORMAL,No Incident,0.0,LOW
2026-01-01 09:21:00,70.75400798645438,59.78991365384118,132.23203123099367,1.881791554429054,0,NORMAL,No Incident,0.0,LOW
2026-01-01 09:22:00,58.711247034316926,55.00391635929138,120.75126702762223,1.992828789018673,0,NORMAL,No Incident,0.0,LOW
2026-01-01 09:23:00,46.73976467832159,65.97584672083768,116.95962188734605,0.0,0,NORMAL,No Incident,0.0,LOW
2026-01-01 09:24:00,62.01213922163944,60.25193249809597,165.99938248772946,3.9248383620798655,0,NORMAL,No Incident,0.0,LOW
2026-01-01 09:25:00,45.91924626978449,65.5205894106929,91.1731650856926,2.286015807634625,0,NORMAL,No Incident,0.0,LOW
2026-01-01 09:26:00,29.61875464822146,68.70168340926293,145.7826367087489,1.1509765679179649,0,NORMAL,No Incident,0.0,LOW
2026-01-01 09:27:00,39.91913689082596,65.53294860097111,133.12813130979944,3.4653794274985183,0,NORMAL,No Incident,0.0,LOW
2026-01-01 09:28:00,31.292080789741444,62.18494747434915,110.40950010736432,0.2043867793576832,0,NORMAL,No Incident,0.0,LOW
2026-01-01 09:29:00,46.48486515958692,52.01430193190876,152.58637034883225,0.7708289664816828,0,NORMAL,No Incident,0.0,LOW
2026-01-01 09:30:00,50.18418379189552,59.97771111466479,83.03779775222927,0.0,0,NORMAL,No Incident,0.0,LOW
2026-01-01 09:31:00,66.76437312275283,55.73527678387333,109.56466685401855,3.801045196539334,0,NORMAL,No Incident,0.0,LOW
2026-01-01 09:32:00,53.269273737641626,57.24748834636619,95.83035591461848,2.332346371472004,0,NORMAL,No Incident,0.0,LOW
2026-01-01 09:33:00,47.80899471191136,57.00372679399799,128.2416692974292,2.659401789848495,0,NORMAL,No Incident,0.0,LOW
2026-01-01 09:34:00,58.294055811834895,52.16059540174204,97.73871797625644,2.301001233918476,0,NORMAL,No Incident,0.0,LOW
2026-01-01 09:35:00,27.88864690992115,44.34129128692808,128.66127893482638,2.573767761144585,0,NORMAL,No Incident,0.0,LOW
2026-01-01 09:36:00,52.356145581085656,54.65485561337786,116.27127168356893,2.0780777138959894,0,NORMAL,No Incident,0.0,LOW
2026-01-01 09:37:00,57.708651938869664,61.54703561539327,110.41292114687832,2.270921342707441,0,NORMAL,No Incident,0.0,LOW
2026-01-01 09:38:00,35.214137542201584,49.21458363658008,127.7729449206662,2.1076034362229508,0,NORMAL,No Incident,0.0,LOW
2026-01-01 09:39:00,61.43754043206929,60.125457891773,114.62756752123872,1.3914081944307215,0,NORMAL,No Incident,0.0,LOW
2026-01-01 09:40:00,53.38496407494414,75.20214739448772,98.22730313881922,1.9533752347853308,0,NORMAL,No Incident,0.0,LOW
2026-01-01 09:41:00,45.84712086099199,68.18445244201791,176.02745979269957,2.273594573261678,0,NORMAL,No Incident,0.0,LOW
2026-01-01 09:42:00,56.32781866106285,73.14833207296424,110.2566563394171,2.11054911955213,0,NORMAL,No Incident,0.0,LOW
2026-01-01 09:43:00,72.70692857804396,63.12902301546181,75.6478183969597,0.522227892246683,0,NORMAL,No Incident,0.0,LOW
2026-01-01 09:44:00,51.81866255058495,69.34007858389157,103.15802620557224,0.6550133313915907,0,NORMAL,No Incident,0.0,LOW
2026-01-01 09:45:00,52.48220586300336,54.2082821562577,94.6544662325454,3.082841433916391,0,NORMAL,No Incident,0.0,LOW
2026-01-01 09:46:00,45.40639100459756,54.84527786382412,136.52291232081032,1.6930059541165985,0,NORMAL,No Incident,0.0,LOW
2026-01-01 09:47:00,41.50155630535208,38.08687835090022,126.43305319183172,2.5847253470359406,0,NORMAL,No Incident,0.0,LOW
2026-01-01 09:48:00,58.30335816544245,69.48916379233839,127.97425603580687,0.9078800902776036,0,NORMAL,No Incident,0.0,LOW
2026-01-01 09:49:00,41.43916174091133,72.32259183855909,112.59955068325512,0.52685412335347,0,NORMAL,No Incident,0.0,LOW
2026-01-01 09:50:00,50.715662372193925,55.57458203722184,114.41299505886155,1.1564033874682869,0,NORMAL,No Incident,0.0,LOW
2026-01-01 09:51:00,45.223425532348834,57.96838634882212,112.58137792784665,1.7774349292285867,0,NORMAL,No Incident,0.0,LOW
2026-01-01 09:52:00,54.78979825746392,53.96910309047231,118.3761363172906,1.3348597007155876,0,NORMAL,No Incident,0.0,LOW
2026-01-01 09:53:00,53.33662105286948,63.06122841181993,136.7066687072967,3.293933523105714,0,NORMAL,No Incident,0.0,LOW
2026-01-01 09:54:00,60.375399442579,68.99946036242592,126.72150825010692,2.1795233015374613,0,NORMAL,No Incident,0.0,LOW
2026-01-01 09:55:00,44.89983601145253,46.05782420895167,130.00225659241733,3.8489386185618586,0,NORMAL,No Incident,0.0,LOW
2026-01-01 09:56:00,47.30125064706629,63.27550824513802,129.99117816498406,2.404408154071417,0,NORMAL,No Incident,0.0,LOW
2026-01-01 09:57:00,40.21236284217693,57.78662582624683,137.68884874763475,0.0,0,NORMAL,No Incident,0.0,LOW
2026-01-01 09:58:00,45.55706739923888,60.90715513573352,125.7630008308051,3.0560416064585545,0,NORMAL,No Incident,0.0,LOW
2026-01-01 09:59:00,53.77300493044852,63.671952013394325,127.17696145357836,0.4904483775300452,0,NORMAL,No Incident,0.0,LOW
2026-01-01 10:00:00,57.56988616645352,58.49438048981743,143.77612482386314,2.230533667211339,0,NORMAL,No Incident,0.0,LOW
2026-01-01 10:01:00,40.77834675822375,59.17130517275376,106.69908163993776,1.225315942336155,0,NORMAL,No Incident,0.0,LOW
2026-01-01 10:02:00,58.6960592010566,58.288998659562886,102.88514840096984,4.142711034464186,0,NORMAL,No Incident,0.0,LOW
2026-01-01 10:03:00,63.55637858804951,67.76252961430625,96.28156801626288,3.439597927430136,0,NORMAL,No Incident,0.0,LOW
2026-01-01 10:04:00,54.13434903223701,63.35007968101997,123.65829127240512,1.258179358298242,0,NORMAL,No Incident,0.0,LOW
2026-01-01 10:05:00,68.76795812558066,61.76466830189889,82.92535517561754,1.8726423318788885,0,NORMAL,No Incident,0.0,LOW
2026-01-01 10:06:00,42.26210800896427,49.83238623126174,129.24308192119355,2.2445980696492174,0,NORMAL,No Incident,0.0,LOW
2026-01-01 10:07:00,37.55345296688583,56.971362054294765,117.81613810998894,2.8634140715616105,0,NORMAL,No Incident,0.0,LOW
2026-01-01 10:08:00,32.212797510957216,67.1893532827134,142.69279399642113,2.029151912325013,0,NORMAL,No Incident,0.0,LOW
2026-01-01 10:09:00,64.96044311489183,60.30157258499138,106.5616537907002,0.9751051006191332,0,NORMAL,No Incident,0.0,LOW
2026-01-01 10:10:00,56.54365656354058,65.27625175671311,115.93363429164988,1.2824413607999472,0,NORMAL,No Incident,0.0,LOW
2026-01-01 10:11:00,49.44415329089545,74.13209440262106,142.44406666586738,1.9955182036232089,0,NORMAL,No Incident,0.0,LOW
2026-01-01 10:12:00,52.79968626319821,68.30884855367053,147.66271293556304,3.234456978764692,0,NORMAL,No Incident,0.0,LOW
2026-01-01 10:13:00,38.74510952701623,60.74526670159794,106.3969526849636,2.427837860536044,0,NORMAL,No Incident,0.0,LOW
2026-01-01 10:14:00,74.45751979616827,55.91208663843418,123.6356246517432,1.226585073384984,0,NORMAL,No Incident,0.0,LOW
2026-01-01 10:15:00,51.29221181975228,39.571603231552814,125.88837955368096,2.64837277770979,0,NORMAL,No Incident,0.0,LOW
2026-01-01 10:16:00,51.09394794604893,58.65292062021718,127.47306811242296,1.6130151611218402,0,NORMAL,No Incident,0.0,LOW
2026-01-01 10:17:00,57.25766623898692,57.391900033465205,114.74848681368756,2.890408005186841,0,NORMAL,No Incident,0.0,LOW
2026-01-01 10:18:00,54.810092317367136,63.122929555163005,145.62766796247269,4.527010418328605,0,NORMAL,No Incident,0.0,LOW
2026-01-01 10:19:00,52.23884024279131,58.7687581842025,82.20593032756909,1.6411736290564505,0,NORMAL,No Incident,0.0,LOW
2026-01-01 10:20:00,42.09525544554688,57.43691952450565,111.57739530397832,2.801605159726371,0,NORMAL,No Incident,0.0,LOW
2026-01-01 10:21:00,54.71468357135996,45.76480855594224,128.95861465545894,1.2546066679622705,0,NORMAL,No Incident,0.0,LOW
2026-01-01 10:22:00,68.82024496475034,52.48025736679947,129.14449623898687,1.8877362328087024,0,NORMAL,No Incident,0.0,LOW
2026-01-01 10:23:00,63.454200461549775,63.81320832640446,147.05518061229526,2.029562286872101,0,NORMAL,No Incident,0.0,LOW
2026-01-01 10:24:00,65.93186626639397,73.72726104906155,143.96450786402573,1.80631633995562,0,NORMAL,No Incident,0.0,LOW
2026-01-01 10:25:00,44.88784323568815,59.21979693003501,114.28916749385552,4.463013688775024,0,NORMAL,No Incident,0.0,LOW
2026-01-01 10:26:00,40.10395179741419,62.62248858859299,145.9974248706121,1.6934069253216175,0,NORMAL,No Incident,0.0,LOW
2026-01-01 10:27:00,48.74213079900352,67.61982525562244,105.71916512445092,2.586851538784868,0,NORMAL,No Incident,0.0,LOW
2026-01-01 10:28:00,50.557249122886944,53.512848510398,138.61774765583675,0.0699131306765676,0,NORMAL,No Incident,0.0,LOW
2026-01-01 10:29:00,60.94191518470949,62.93451234628354,156.21044956841985,2.4319965633696103,0,NORMAL,No Incident,0.0,LOW
2026-01-01 10:30:00,33.07535370285181,54.07607914934273,144.29888213709938,3.1420545923522467,0,NORMAL,No Incident,0.0,LOW
2026-01-01 10:31:00,65.29550319460614,66.91859550792809,122.11540767048248,1.472402657420949,0,NORMAL,No Incident,0.0,LOW
2026-01-01 10:32:00,48.4199210142101,61.21122438361386,113.36442456455757,0.0,0,NORMAL,No Incident,0.0,LOW
2026-01-01 10:33:00,45.7311893005258,62.38761451185152,89.42817407481428,1.9613482311726749,0,NORMAL,No Incident,0.0,LOW
2026-01-01 10:34:00,39.87895624739832,53.739211220651285,126.21079275828409,2.017183850385528,0,NORMAL,No Incident,0.0,LOW
2026-01-01 10:35:00,33.451433281342304,65.65625887688628,97.69565544058162,2.724075050744304,0,NORMAL,No Incident,0.0,LOW
2026-01-01 10:36:00,58.231705839619146,76.67770336984813,104.13730672772128,4.010903035413434,0,NORMAL,No Incident,0.0,LOW
2026-01-01 10:37:00,50.73317967188404,51.936706436574354,96.18508398526656,1.6199463493996933,0,NORMAL,No Incident,0.0,LOW
2026-01-01 10:38:00,37.10039100258946,57.28192793881981,110.7921533468669,1.1437118763397196,0,NORMAL,No Incident,0.0,LOW
2026-01-01 10:39:00,37.04921227936384,61.852859793344734,119.44061171026036,0.8330821986285568,0,NORMAL,No Incident,0.0,LOW
2026-01-01 10:40:00,46.64215300709872,66.29124969596653,125.4722916233141,2.1980786170316,0,NORMAL,No Incident,0.0,LOW
2026-01-01 10:41:00,66.69021525289392,55.52362971768425,107.98986729172071,2.479354258818502,0,NORMAL,No Incident,0.0,LOW
2026-01-01 10:42:00,47.40408648636395,37.33575767885808,141.38567412790366,1.4543446056374156,0,NORMAL,No Incident,0.0,LOW
2026-01-01 10:43:00,34.96857046881894,70.8735159533122,115.83589484020068,2.778682745725789,0,NORMAL,No Incident,0.0,LOW
2026-01-01 10:44:00,47.54256935914056,66.08404895667314,104.24555133468962,2.465384076819176,0,NORMAL,No Incident,0.0,LOW
2026-01-01 10:45:00,47.27276430252329,46.05641975610668,124.52584534486871,2.0432316896448905,0,NORMAL,No Incident,0.0,LOW
2026-01-01 10:46:00,23.031133570584284,55.13944966576355,159.2710566708763,1.0975852792558745,0,NORMAL,No Incident,0.0,LOW
2026-01-01 10:47:00,49.45705133482188,72.54545943621861,126.70321133070236,1.518135684515277,0,NORMAL,No Incident,0.0,LOW
2026-01-01 10:48:00,47.69065469791322,71.58237134766293,112.74288745252784,0.0,0,NORMAL,No Incident,0.0,LOW
2026-01-01 10:49:00,56.96206364813418,67.50912018143156,89.45077287762592,2.2357870641980337,0,NORMAL,No Incident,0.0,LOW
2026-01-01 10:50:00,68.48956094945345,58.5911005283211,115.6117535805586,2.0263412887474352,0,NORMAL,No Incident,0.0,LOW
2026-01-01 10:51:00,61.26565029547757,60.66389935050008,124.69856250176232,2.1884789910894864,0,NORMAL,No Incident,0.0,LOW
2026-01-01 10:52:00,47.31111309445169,58.95259355899099,112.2483821748886,2.50431901556456,0,NORMAL,No Incident,0.0,LOW
2026-01-01 10:53:00,78.9347409125833,99.0259182661507,586.69230723518,12.385821486432222,1,CRITICAL,High Memory Usage / Possible Memory Leak,100.0,HIGH
2026-01-01 10:54:00,75.7335980324986,52.99326074803912,102.98869220993132,1.8896168193539649,0,NORMAL,No Incident,0.0,LOW
2026-01-01 10:55:00,50.59218434014488,53.55360276092636,149.09076921775517,2.0486680431627526,0,NORMAL,No Incident,0.0,LOW
2026-01-01 10:56:00,50.13929291912946,68.08219669468812,148.68002007460922,0.5956835833038305,0,NORMAL,No Incident,0.0,LOW
2026-01-01 10:57:00,49.75874912889997,59.64510835590751,102.26721661590804,1.416279354310574,0,NORMAL,No Incident,0.0,LOW
2026-01-01 10:58:00,51.98084760767855,71.02773884363046,133.45513574398845,2.050471053683461,0,NORMAL,No Incident,0.0,LOW
2026-01-01 10:59:00,48.556395880760576,54.62790234415564,96.42854430459651,1.2641464240876394,0,NORMAL,No Incident,0.0,LOW
2026-01-01 11:00:00,44.26337993119763,59.5617731172894,148.08632563989906,2.8601507958725465,0,NORMAL,No Incident,0.0,LOW
2026-01-01 11:01:00,44.53141058759608,52.62069612124837,124.90471695788472,1.3413679190449694,0,NORMAL,No Incident,0.0,LOW
2026-01-01 11:02:00,49.672467297840015,60.058901451388536,138.99282997233067,2.2163054112483165,0,NORMAL,No Incident,0.0,LOW
2026-01-01 11:03:00,44.56575228866235,48.17162450400961,85.69813305634922,2.116565656815336,0,NORMAL,No Incident,0.0,LOW
2026-01-01 11:04:00,42.87154217322836,56.098932632360295,133.55274203849777,2.74627759361041,0,NORMAL,No Incident,0.0,LOW
2026-01-01 11:05:00,51.064302276918966,48.50996908057506,119.84651872630992,2.900791174028302,0,NORMAL,No Incident,0.0,LOW
2026-01-01 11:06:00,47.45022782579144,65.55138586553007,137.03858141581685,2.69403261096794,0,NORMAL,No Incident,0.0,LOW
2026-01-01 11:07:00,65.0399298858269,65.73271471807722,138.297355961957,0.0,0,NORMAL,No Incident,0.0,LOW
2026-01-01 11:08:00,23.49030191606988,46.15789815612524,121.315693789495,3.1941481480131264,0,NORMAL,No Incident,0.0,LOW
2026-01-01 11:09:00,60.91506851922462,70.67108596400459,107.98340721808172,3.5273082241945977,0,NORMAL,No Incident,0.0,LOW
2026-01-01 11:10:00,62.46085192497629,79.97932101135883,135.59392364358987,1.5178757156785303,0,NORMAL,No Incident,0.0,LOW
2026-01-01 11:11:00,29.266097675918505,60.36805109389073,118.79691001189744,2.2366469126728497,0,NORMAL,No Incident,0.0,LOW
2026-01-01 11:12:00,46.57312405919652,54.87108591820285,102.54430092944716,1.1091683198692182,0,NORMAL,No Incident,0.0,LOW
2026-01-01 11:13:00,46.28559134004209,82.59464472802438,101.59695537084627,0.0516214932678487,0,NORMAL,No Incident,0.0,LOW
2026-01-01 11:14:00,35.924883052821784,49.44825201357992,90.45671167375237,1.2612847344576137,0,NORMAL,No Incident,0.0,LOW
2026-01-01 11:15:00,42.22183312409125,60.16085173495279,109.79417680873874,1.4598609605363897,0,NORMAL,No Incident,0.0,LOW
2026-01-01 11:16:00,38.894241545341714,61.43697818105539,142.05384092148756,1.6451492686481846,0,NORMAL,No Incident,0.0,LOW
2026-01-01 11:17:00,67.52270443423623,70.76118096361932,123.55659599410868,1.041085909994012,0,NORMAL,No Incident,0.0,LOW
2026-01-01 11:18:00,59.35678393147461,62.87791180101431,109.40464588153918,1.266574833182761,0,NORMAL,No Incident,0.0,LOW
2026-01-01 11:19:00,100.0,86.01092883369239,636.0971187636017,11.988993678371592,1,CRITICAL,High API Latency / Database Performance Issue,100.0,HIGH
2026-01-01 11:20:00,57.21672064043235,52.39052503689635,103.35046756553224,1.229773016889858,0,NORMAL,No Incident,0.0,LOW
2026-01-01 11:21:00,38.70948228782771,57.26542543803092,121.90700548665558,2.543524332550028,0,NORMAL,No Incident,0.0,LOW
2026-01-01 11:22:00,44.75479733720226,51.94458111243885,116.4073925454897,2.6816606513974395,0,NORMAL,No Incident,0.0,LOW
2026-01-01 11:23:00,54.89374561227918,60.38260255827746,135.58261251176705,4.380387746164489,0,NORMAL,No Incident,0.0,LOW
2026-01-01 11:24:00,37.77872191108055,55.48643056111611,88.45543258160998,3.125679932123462,0,NORMAL,No Incident,0.0,LOW
2026-01-01 11:25:00,57.12998430172388,48.04769765368199,102.99604508370687,2.2431030583284146,0,NORMAL,No Incident,0.0,LOW
2026-01-01 11:26:00,47.59674601841865,70.04116630699923,87.23508681810932,1.3797357033323214,0,NORMAL,No Incident,0.0,LOW
2026-01-01 11:27:00,86.25179192450403,86.01861981256769,614.8080655638146,12.293747351674,1,CRITICAL,High API Latency / Database Performance Issue,100.0,HIGH
2026-01-01 11:28:00,57.10959968203491,49.8549055601975,144.2285500726486,2.326595959916356,0,NORMAL,No Incident,0.0,LOW
2026-01-01 11:29:00,54.4426331148604,58.65392692409967,109.89105580692946,1.4866869109943393,0,NORMAL,No Incident,0.0,LOW
2026-01-01 11:30:00,46.3903383418092,60.54697252774127,109.786321236087,2.7837313967528776,0,NORMAL,No Incident,0.0,LOW
2026-01-01 11:31:00,61.59329803364248,46.028266195367735,137.43448848368274,0.6019019853181247,0,NORMAL,No Incident,0.0,LOW
2026-01-01 11:32:00,39.18936672400103,62.6531813370061,141.370991169106,1.7556001644624897,0,NORMAL,No Incident,0.0,LOW
2026-01-01 11:33:00,56.15935606944264,51.62273945047788,118.2285786546242,2.555858459317407,0,NORMAL,No Incident,0.0,LOW
2026-01-01 11:34:00,55.93101257968384,73.6882304735263,133.69429708099784,1.712415852407903,0,NORMAL,No Incident,0.0,LOW
2026-01-01 11:35:00,46.904535606860094,64.19168409661388,98.46090918244109,1.7932455965707288,0,NORMAL,No Incident,0.0,LOW
2026-01-01 11:36:00,53.26133022242118,56.800800079125466,147.55948667850828,1.86221413880772,0,NORMAL,No Incident,0.0,LOW
2026-01-01 11:37:00,37.488864236146966,54.0386578374612,162.97412587874103,1.1643987593122544,0,NORMAL,No Incident,0.0,LOW
2026-01-01 11:38:00,59.24027019206901,59.16025833949101,130.4243158237745,3.173900931574208,0,NORMAL,No Incident,0.0,LOW
2026-01-01 11:39:00,48.15097863557011,64.90232593266632,78.31336757314399,0.981962328077185,0,NORMAL,No Incident,0.0,LOW
2026-01-01 11:40:00,44.772769794809605,59.7960469713184,108.83539475204432,2.318159327409885,0,NORMAL,No Incident,0.0,LOW
2026-01-01 11:41:00,60.49009225836889,58.26272954290515,132.25650643338642,2.413647898282373,0,NORMAL,No Incident,0.0,LOW
2026-01-01 11:42:00,42.95656309457241,60.46696232654317,111.57034005667276,1.0513780987910333,0,NORMAL,No Incident,0.0,LOW
2026-01-01 11:43:00,35.91538703636441,55.16912855010436,145.44397108500195,2.0731042543807434,0,NORMAL,No Incident,0.0,LOW
2026-01-01 11:44:00,34.433708264760966,57.254352585255695,131.7631452887173,1.0903678272552977,0,NORMAL,No Incident,0.0,LOW
2026-01-01 11:45:00,56.06009951345639,43.313660488759965,105.87048998468408,3.3910424750559454,0,NORMAL,No Incident,0.0,LOW
2026-01-01 11:46:00,37.19570647503717,67.78980984681894,120.64529621542506,0.861217063023787,0,NORMAL,No Incident,0.0,LOW
2026-01-01 11:47:00,67.54794181984364,62.3903822425741,102.1233355872182,1.3461029057680356,0,NORMAL,No Incident,0.0,LOW
2026-01-01 11:48:00,29.18070592116278,53.81235324773256,116.34830243175116,0.7757749916444194,0,NORMAL,No Incident,0.0,LOW
2026-01-01 11:49:00,66.96456368290038,75.1898798508419,108.90813519134896,0.642301273132448,0,NORMAL,No Incident,0.0,LOW
2026-01-01 11:50:00,52.11017467202618,60.69613184313909,143.49523600466077,3.5912152908822934,0,NORMAL,No Incident,0.0,LOW
2026-01-01 11:51:00,49.03286888129608,51.71085142419842,162.3202411366199,2.542774673912562,0,NORMAL,No Incident,0.0,LOW
2026-01-01 11:52:00,44.550809131910505,66.85389937176367,91.37623333528497,2.140293425700544,0,NORMAL,No Incident,0.0,LOW
2026-01-01 11:53:00,53.99136114352071,63.1843857320741,81.53567427580495,1.3434230366530784,0,NORMAL,No Incident,0.0,LOW
2026-01-01 11:54:00,49.62365297575152,63.15663988387375,115.09655156297228,2.9076118110467686,0,NORMAL,No Incident,0.0,LOW
2026-01-01 11:55:00,61.03301882016521,56.59395516278728,89.63168602342634,1.1757775606325471,0,NORMAL,No Incident,0.0,LOW
2026-01-01 11:56:00,51.1422764866204,63.60396579022428,120.92423207341834,2.793639294330103,0,NORMAL,No Incident,0.0,LOW
2026-01-01 11:57:00,51.50301761461878,57.90593367823124,134.97872227611853,1.1274887233943638,0,NORMAL,No Incident,0.0,LOW
2026-01-01 11:58:00,46.36387787786144,64.44753161316673,149.8828379453365,1.3554922981243285,0,NORMAL,No Incident,0.0,LOW
2026-01-01 11:59:00,49.43054376278933,44.760444367914886,124.02789117430562,2.758282386117921,0,NORMAL,No Incident,0.0,LOW
2026-01-01 12:00:00,53.07801768892059,56.529012296166485,116.13689550300842,2.863827344155767,0,NORMAL,No Incident,0.0,LOW
2026-01-01 12:01:00,32.89831607343375,73.77724078246555,80.43230166853832,2.597472933896761,0,NORMAL,No Incident,0.0,LOW
2026-01-01 12:02:00,36.51814577894287,53.8634603567976,120.52370298371596,0.9503258842432052,0,NORMAL,No Incident,0.0,LOW
2026-01-01 12:03:00,57.43264094022715,55.1692936200545,121.42574521098923,1.5532731342771713,0,NORMAL,No Incident,0.0,LOW
2026-01-01 12:04:00,51.708654381279416,56.4163092924002,132.77913628425492,2.156898741198513,0,NORMAL,No Incident,0.0,LOW
2026-01-01 12:05:00,48.16016663647321,50.28155091289085,105.83023796941818,1.1507190380899084,0,NORMAL,No Incident,0.0,LOW
2026-01-01 12:06:00,50.184339330653934,42.33375379017399,111.2989479952828,3.3709627601292933,0,NORMAL,No Incident,0.0,LOW
2026-01-01 12:07:00,53.47581705361671,58.155308811811096,90.43995489391632,0.0,0,NORMAL,No Incident,0.0,LOW
2026-01-01 12:08:00,44.60240319690639,61.086875392653255,74.17414386231869,1.221260484630847,0,NORMAL,No Incident,0.0,LOW
2026-01-01 12:09:00,82.21695274597687,89.57995945169078,597.8300581840643,11.490433497130168,1,CRITICAL,High Memory Usage / Possible Memory Leak,100.0,HIGH
2026-01-01 12:10:00,51.958452550976816,58.840971504416906,88.59348371493967,0.0,0,NORMAL,No Incident,0.0,LOW
2026-01-01 12:11:00,40.21627222384968,60.3443269668031,126.73424590841222,0.6037708697638091,0,NORMAL,No Incident,0.0,LOW
2026-01-01 12:12:00,54.08252755714472,68.18273177240611,109.63731886666284,2.6252895125420683,0,NORMAL,No Incident,0.0,LOW
2026-01-01 12:13:00,32.9741639576216,58.47643051256627,109.23525739850422,2.030283636552964,0,NORMAL,No Incident,0.0,LOW
2026-01-01 12:14:00,100.0,85.40733938330185,600.3117390764958,13.573136022042902,1,CRITICAL,High API Latency / Database Performance Issue,100.0,HIGH
2026-01-01 12:15:00,54.72597482413043,57.75099612089531,55.34869134975133,3.54522644588482,0,NORMAL,No Incident,0.0,LOW
2026-01-01 12:16:00,52.56029734313876,64.6347740780542,150.166214974951,2.4330463786039465,0,NORMAL,No Incident,0.0,LOW
2026-01-01 12:17:00,59.82690983945514,71.296215028346,99.99458954446423,2.313238249000712,0,NORMAL,No Incident,0.0,LOW
2026-01-01 12:18:00,66.65474444462576,54.974850086646576,111.75159860300188,2.0659311085789005,0,NORMAL,No Incident,0.0,LOW
2026-01-01 12:19:00,60.1437006501813,60.79147029623107,90.9021566942138,0.0,0,NORMAL,No Incident,0.0,LOW
2026-01-01 12:20:00,31.591257686683548,62.70685953548768,139.43860686881268,0.6054404866739247,0,NORMAL,No Incident,0.0,LOW
2026-01-01 12:21:00,37.204230332642986,52.05937594616942,122.86857874074649,2.100675503098934,0,NORMAL,No Incident,0.0,LOW
2026-01-01 12:22:00,43.75181422304321,60.16333733770335,103.47269429468264,2.616025708747672,0,NORMAL,No Incident,0.0,LOW
2026-01-01 12:23:00,50.26091050210834,48.27460914126324,112.15540777311952,2.2896698121381407,0,NORMAL,No Incident,0.0,LOW
2026-01-01 12:24:00,55.17659020469123,45.84759757008481,153.5635984424974,1.1075350322843422,0,NORMAL,No Incident,0.0,LOW
2026-01-01 12:25:00,42.742561868465344,62.933971263138055,118.54061136237443,2.9374062824694955,0,NORMAL,No Incident,0.0,LOW
2026-01-01 12:26:00,51.86766764477078,56.929002069353736,116.36532924768188,3.4824440287546365,0,NORMAL,No Incident,0.0,LOW
2026-01-01 12:27:00,42.44617067646678,61.61824326096976,101.1723702772147,2.93798960029134,0,NORMAL,No Incident,0.0,LOW
2026-01-01 12:28:00,43.88482197008052,59.8568401839332,82.10837699055395,2.9895993295904706,0,NORMAL,No Incident,0.0,LOW
2026-01-01 12:29:00,35.93338903151778,52.18879961068962,116.79922652841312,1.4407742020447891,0,NORMAL,No Incident,0.0,LOW
2026-01-01 12:30:00,40.76766753889096,59.63796558428531,126.50970224649237,3.075934122700799,0,NORMAL,No Incident,0.0,LOW
2026-01-01 12:31:00,36.48315394383666,50.13518955988116,141.9916892865534,2.1457586393276573,0,NORMAL,No Incident,0.0,LOW
2026-01-01 12:32:00,40.241267470226674,71.1277788640112,75.0300693100069,2.511555528522005,0,NORMAL,No Incident,0.0,LOW
2026-01-01 12:33:00,60.5364179660784,49.15223724112029,97.49807345953944,2.365431842824709,0,NORMAL,No Incident,0.0,LOW
2026-01-01 12:34:00,40.50601111168057,58.43371783225135,108.385178188871,1.878512894559589,0,NORMAL,No Incident,0.0,LOW
2026-01-01 12:35:00,76.32382064837391,51.66182729562201,119.93038302853596,1.139997524877698,0,NORMAL,No Incident,0.0,LOW
2026-01-01 12:36:00,54.93317900880889,64.56336938688636,117.09932616943156,1.9178633364459536,0,NORMAL,No Incident,0.0,LOW
2026-01-01 12:37:00,91.84836123694872,87.34854902974797,617.5662262862546,12.986761617482824,1,CRITICAL,High API Latency / Database Performance Issue,100.0,HIGH
2026-01-01 12:38:00,41.41642219818787,55.85066624303032,128.1619211713989,1.5585241946870905,0,NORMAL,No Incident,0.0,LOW
2026-01-01 12:39:00,57.00309879408992,66.82561236041244,101.9341377844178,2.8933472626081462,0,NORMAL,No Incident,0.0,LOW
2026-01-01 12:40:00,44.24362173762226,60.235444733420415,138.6828288446739,2.737070670617672,0,NORMAL,No Incident,0.0,LOW
2026-01-01 12:41:00,51.220098146453616,64.13315556748773,128.66904883398962,1.7010626029801696,0,NORMAL,No Incident,0.0,LOW
2026-01-01 12:42:00,75.60084538268795,52.14939250786029,113.6033547174384,3.3888001036195767,0,NORMAL,No Incident,0.0,LOW
2026-01-01 12:43:00,49.0394010027535,48.76146444857994,152.0181598377783,1.644453328809294,0,NORMAL,No Incident,0.0,LOW
2026-01-01 12:44:00,61.49273326285676,60.85766369632107,151.12832071143532,3.5095468626126314,0,NORMAL,No Incident,0.0,LOW
2026-01-01 12:45:00,42.96823574874112,57.44922915604215,138.65790710387617,2.4341269815409725,0,NORMAL,No Incident,0.0,LOW
2026-01-01 12:46:00,49.65011509503038,65.01147737963156,59.62886458864415,1.9841340815464863,0,NORMAL,No Incident,0.0,LOW
2026-01-01 12:47:00,100.0,89.3607323786996,651.5789018543595,11.112198619662346,1,CRITICAL,High API Latency / Database Performance Issue,100.0,HIGH
2026-01-01 12:48:00,43.73032942212232,61.64060271387704,135.8951704494387,1.9117397698649587,0,NORMAL,No Incident,0.0,LOW
2026-01-01 12:49:00,68.12448557996929,47.01293976047005,160.12817275425874,1.7962404865055797,0,NORMAL,No Incident,0.0,LOW
2026-01-01 12:50:00,57.07751935455475,75.10749551691406,144.74929183467077,0.7417036147490945,0,NORMAL,No Incident,0.0,LOW
2026-01-01 12:51:00,44.37533224105732,58.68606411974375,151.5668535499457,1.7823845772823328,0,NORMAL,No Incident,0.0,LOW
2026-01-01 12:52:00,56.32407739055521,65.58069576271359,137.5730970036076,1.1961968199029145,0,NORMAL,No Incident,0.0,LOW
2026-01-01 12:53:00,59.7255444962673,53.31126663824299,146.97386397291024,2.585991768978782,0,NORMAL,No Incident,0.0,LOW
2026-01-01 12:54:00,56.21809962217196,62.46407921773873,159.8824748146888,3.3062804757282027,0,NORMAL,No Incident,0.0,LOW
2026-01-01 12:55:00,34.297752801095434,49.57724189180204,124.33109476756412,0.7730843237047593,0,NORMAL,No Incident,0.0,LOW
2026-01-01 12:56:00,42.72862824175132,63.61654270607737,88.5553891184374,3.7123077283669215,0,NORMAL,No Incident,0.0,LOW
2026-01-01 12:57:00,47.52481364448495,57.15220732491333,113.85078199969716,1.8714489656148705,0,NORMAL,No Incident,0.0,LOW
2026-01-01 12:58:00,89.25566570899954,90.23352403148454,627.7989119876687,11.024978615061483,1,CRITICAL,High API Latency / Database Performance Issue,100.0,HIGH
2026-01-01 12:59:00,56.206720975506784,65.58379224104078,121.49775168743116,2.757754780208183,0,NORMAL,No Incident,0.0,LOW
2026-01-01 13:00:00,51.777010009332535,50.13967751023776,95.06876067681148,1.553545521744952,0,NORMAL,No Incident,0.0,LOW
2026-01-01 13:01:00,36.64655641289899,54.52406615509762,87.37864749610043,1.9182633239685056,0,NORMAL,No Incident,0.0,LOW
2026-01-01 13:02:00,53.801978510059634,63.65859424869412,105.17674662730342,1.595721755787921,0,NORMAL,No Incident,0.0,LOW
2026-01-01 13:03:00,56.10585745283823,76.78577179637398,136.154791119683,1.1832620681350998,0,NORMAL,No Incident,0.0,LOW
2026-01-01 13:04:00,55.5979044793104,58.89534132270815,151.6067954164594,2.723997032401904,0,NORMAL,No Incident,0.0,LOW
2026-01-01 13:05:00,60.807807255546216,64.72908894339146,138.33135227555402,1.7136985971058127,0,NORMAL,No Incident,0.0,LOW
2026-01-01 13:06:00,58.33922154548904,59.14422824113216,141.14854574228272,0.5633482078207541,0,NORMAL,No Incident,0.0,LOW
2026-01-01 13:07:00,54.59180079228437,75.53796475805039,118.38368853672884,2.5510601242159328,0,NORMAL,No Incident,0.0,LOW
2026-01-01 13:08:00,49.29834288541353,46.02222666427795,85.15835084588072,0.7944176489762447,0,NORMAL,No Incident,0.0,LOW
2026-01-01 13:09:00,33.39039066484008,60.756968357354864,110.89558838234588,0.8467398273247413,0,NORMAL,No Incident,0.0,LOW
2026-01-01 13:10:00,54.296182191325855,46.99564773150351,114.82471176255244,3.192606204977316,0,NORMAL,No Incident,0.0,LOW
2026-01-01 13:11:00,52.07687687163112,39.94742743570627,110.05895026328636,0.8036601007897881,0,NORMAL,No Incident,0.0,LOW
2026-01-01 13:12:00,52.715788371953735,62.37969642494253,121.09389730749253,0.0,0,NORMAL,No Incident,0.0,LOW
2026-01-01 13:13:00,37.232514241796906,61.11598236917967,128.828395197859,2.622861484961496,0,NORMAL,No Incident,0.0,LOW
2026-01-01 13:14:00,39.189434595917376,57.72130449806239,137.06030376486996,1.6961365705188696,0,NORMAL,No Incident,0.0,LOW
2026-01-01 13:15:00,60.53152853332904,59.15044727968198,114.43760271267332,1.7823448788618836,0,NORMAL,No Incident,0.0,LOW
2026-01-01 13:16:00,49.60444846143345,84.78639547257006,81.92481188710813,1.6854996066498,0,NORMAL,No Incident,0.0,LOW
2026-01-01 13:17:00,56.81500697372624,57.93459889574852,110.34244561417732,2.231669939018727,0,NORMAL,No Incident,0.0,LOW
2026-01-01 13:18:00,50.28318376130461,64.0809948900006,120.87420793983968,1.247280758096932,0,NORMAL,No Incident,0.0,LOW
2026-01-01 13:19:00,50.297561394957455,54.80508144308895,144.45615844266817,3.4761148745657646,0,NORMAL,No Incident,0.0,LOW
2026-01-01 13:20:00,59.382838059759976,62.361860600324825,108.6438431563179,0.5237695196906016,0,NORMAL,No Incident,0.0,LOW
2026-01-01 13:21:00,44.83955271782626,58.09413059955506,130.25087256798804,2.444874916677123,0,NORMAL,No Incident,0.0,LOW
2026-01-01 13:22:00,50.96120776940983,56.71585213816216,125.80175799270864,2.642121003876584,0,NORMAL,No Incident,0.0,LOW
2026-01-01 13:23:00,45.377247112949576,74.5511882576026,120.87801066246776,1.240348239166622,0,NORMAL,No Incident,0.0,LOW
2026-01-01 13:24:00,45.65503772567684,69.4174797054747,138.61066638649183,0.9762655547221816,0,NORMAL,No Incident,0.0,LOW
2026-01-01 13:25:00,46.9082787653136,61.093973179193846,106.78317606494838,3.017174214170156,0,NORMAL,No Incident,0.0,LOW
2026-01-01 13:26:00,52.22133771633713,41.56630451244827,108.49627100712968,1.009139245983285,0,NORMAL,No Incident,0.0,LOW
2026-01-01 13:27:00,45.212513783365225,57.11192621397944,119.76198353811544,1.393336059249433,0,NORMAL,No Incident,0.0,LOW
2026-01-01 13:28:00,62.55756125573521,81.62422051524067,107.197069898126,2.8873089624597466,0,NORMAL,No Incident,0.0,LOW
2026-01-01 13:29:00,41.05392697780496,58.15470666688233,130.160245821092,2.034741233539024,0,NORMAL,No Incident,0.0,LOW
2026-01-01 13:30:00,48.13128355838641,68.82574057642927,105.73615391267734,0.2028563323708954,0,NORMAL,No Incident,0.0,LOW
2026-01-01 13:31:00,45.60268941725825,71.5355392156208,124.52608415490268,3.747059144553514,0,NORMAL,No Incident,0.0,LOW
2026-01-01 13:32:00,64.46977884353733,61.7517113268478,117.99654462426489,1.4699892412200342,0,NORMAL,No Incident,0.0,LOW
2026-01-01 13:33:00,51.965547765115744,53.265426945054784,124.29851929553412,1.5972427100935829,0,NORMAL,No Incident,0.0,LOW
2026-01-01 13:34:00,60.31844539468635,40.51750134573689,110.80517209873922,2.2557842523263654,0,NORMAL,No Incident,0.0,LOW
2026-01-01 13:35:00,35.14439626963028,65.47330566887163,113.21823410946344,2.625076797004073,0,NORMAL,No Incident,0.0,LOW
2026-01-01 13:36:00,52.67050265869259,53.48195197741161,121.920185359941,3.961104291291467,0,NORMAL,No Incident,0.0,LOW
2026-01-01 13:37:00,58.89630795623437,61.40920361510154,124.04149012322624,0.3399318505943036,0,NORMAL,No Incident,0.0,LOW
2026-01-01 13:38:00,50.82283989275424,50.001437283285085,119.91596169217688,2.825952208925946,0,NORMAL,No Incident,0.0,LOW
2026-01-01 13:39:00,60.65480375065352,57.87809967623839,154.10724713026167,2.7430096940500768,0,NORMAL,No Incident,0.0,LOW
2026-01-01 13:40:00,44.82711549899628,60.269752439208425,100.18526162517432,1.862835089125884,0,NORMAL,No Incident,0.0,LOW
2026-01-01 13:41:00,64.0934744018558,62.14874864835439,118.71592410094571,2.7872736948162222,0,NORMAL,No Incident,0.0,LOW
2026-01-01 13:42:00,72.9889812361925,51.08142250118068,88.52741955766031,2.9342740176365467,0,NORMAL,No Incident,0.0,LOW
2026-01-01 13:43:00,46.37161439560341,69.57528759009082,127.44162957334773,0.6180372150129956,0,NORMAL,No Incident,0.0,LOW
2026-01-01 13:44:00,45.54497478599228,55.22484172214423,97.69506927246373,3.7497665058808303,0,NORMAL,No Incident,0.0,LOW
2026-01-01 13:45:00,64.533844771177,46.60424431637404,114.43379488246848,0.4412377468618582,0,NORMAL,No Incident,0.0,LOW
2026-01-01 13:46:00,65.79572145730712,59.12781264029229,112.55871349337347,0.8646837187612268,0,NORMAL,No Incident,0.0,LOW
2026-01-01 13:47:00,44.77139972846732,60.27500247221168,125.61782253202342,1.7382123263759035,0,NORMAL,No Incident,0.0,LOW
2026-01-01 13:48:00,45.798131829041424,61.28471546537408,108.9441816490964,3.9249405131870567,0,NORMAL,No Incident,0.0,LOW
2026-01-01 13:49:00,47.18215391139493,70.89705922948063,108.09388604612036,1.6917433702466136,0,NORMAL,No Incident,0.0,LOW
2026-01-01 13:50:00,36.555494889657226,58.10840930611312,148.71712928171797,1.9680661099491887,0,NORMAL,No Incident,0.0,LOW
2026-01-01 13:51:00,40.81348053515802,59.04304300504983,125.69133580949052,3.4320786039045634,0,NORMAL,No Incident,0.0,LOW
2026-01-01 13:52:00,39.95859233247932,51.17452495013525,108.77898295955464,1.6996818574345274,0,NORMAL,No Incident,0.0,LOW
2026-01-01 13:53:00,42.32202434895871,66.56442802310318,114.98332656377538,0.8215632870693244,0,NORMAL,No Incident,0.0,LOW
2026-01-01 13:54:00,49.65315112613219,61.47447251262483,152.9070990454149,1.5827651647616854,0,NORMAL,No Incident,0.0,LOW
2026-01-01 13:55:00,52.3421473253652,56.6397781816467,115.29670243497806,3.3707918338057774,0,NORMAL,No Incident,0.0,LOW
2026-01-01 13:56:00,65.50500492814076,44.76260245227629,106.21446753695224,2.0708649970551365,0,NORMAL,No Incident,0.0,LOW
2026-01-01 13:57:00,40.016459592612094,71.55529756044069,106.30007699747216,3.93065825905626,0,NORMAL,No Incident,0.0,LOW
2026-01-01 13:58:00,59.84322398476584,50.17856028435154,109.01747038020844,2.737934926262155,0,NORMAL,No Incident,0.0,LOW
2026-01-01 13:59:00,47.86011155774491,55.26977592504235,108.11004555146556,1.3551910636065163,0,NORMAL,No Incident,0.0,LOW
2026-01-01 14:00:00,49.50536290347567,62.86675608860803,94.40704303301514,2.051076304465078,0,NORMAL,No Incident,0.0,LOW
2026-01-01 14:01:00,56.74819492166604,50.42753657106651,97.51599806106044,1.1467818818581206,0,NORMAL,No Incident,0.0,LOW
2026-01-01 14:02:00,38.772779784377015,48.05192177397485,103.4135925127726,1.33156696935123,0,NORMAL,No Incident,0.0,LOW
2026-01-01 14:03:00,53.82409746184051,43.00841933839468,131.83142036906196,6.479084251025757,0,NORMAL,No Incident,0.0,LOW
2026-01-01 14:04:00,51.66452208213056,65.76797562324509,112.37525425454253,3.0186245100338107,0,NORMAL,No Incident,0.0,LOW
2026-01-01 14:05:00,54.92451264008149,55.638510042189424,115.8567662181192,2.861097989006673,0,NORMAL,No Incident,0.0,LOW
2026-01-01 14:06:00,52.89168643907818,83.41816073978664,145.40176050509794,1.376819684691936,0,NORMAL,No Incident,0.0,LOW
2026-01-01 14:07:00,74.55300139910895,52.04515947495301,145.90014299876836,3.569584066281079,0,NORMAL,No Incident,0.0,LOW
2026-01-01 14:08:00,43.62260015748684,52.62839181256863,114.3575011372453,3.099415601792937,0,NORMAL,No Incident,0.0,LOW
2026-01-01 14:09:00,44.69003044998183,55.47685623771679,107.38272978633182,3.8816212893577706,0,NORMAL,No Incident,0.0,LOW
2026-01-01 14:10:00,43.76859473575236,61.94507724110791,102.71139372652924,3.833114148398449,0,NORMAL,No Incident,0.0,LOW
2026-01-01 14:11:00,44.44522880839745,56.23837328971751,133.85551539416474,0.5209107119024781,0,NORMAL,No Incident,0.0,LOW
2026-01-01 14:12:00,43.62612872693482,64.8986577120201,115.90585532955424,0.8901605107300927,0,NORMAL,No Incident,0.0,LOW
2026-01-01 14:13:00,100.0,82.17129288009076,612.2701021935442,10.996212184536365,1,CRITICAL,High API Latency / Database Performance Issue,100.0,HIGH
2026-01-01 14:14:00,64.20504247989855,48.94726625229135,103.72670849724896,1.056059356667563,0,NORMAL,No Incident,0.0,LOW
2026-01-01 14:15:00,44.29253706250524,45.61428208472714,104.60667181977225,2.3234523642603904,0,NORMAL,No Incident,0.0,LOW
2026-01-01 14:16:00,41.67644426895771,42.211406656502426,126.40116382986488,1.4331965479041824,0,NORMAL,No Incident,0.0,LOW
2026-01-01 14:17:00,54.71415556386404,55.855447844199546,93.69123468225476,4.072598540762519,0,NORMAL,No Incident,0.0,LOW
2026-01-01 14:18:00,44.477769557190285,57.59215750085423,139.89737387575877,3.9046798820816377,0,NORMAL,No Incident,0.0,LOW
2026-01-01 14:19:00,56.32931817755511,54.94850378013453,109.32310712370165,1.99353840592096,0,NORMAL,No Incident,0.0,LOW
2026-01-01 14:20:00,52.029230208513,69.9472463774973,117.00728111496414,3.95532621614979,0,NORMAL,No Incident,0.0,LOW
2026-01-01 14:21:00,34.84255885002768,69.82424167686509,93.26044083718892,3.4881346272402016,0,NORMAL,No Incident,0.0,LOW
2026-01-01 14:22:00,65.47505201330061,57.321576100443984,119.7526812351527,1.549293440822741,0,NORMAL,No Incident,0.0,LOW
2026-01-01 14:23:00,67.95877673095522,45.64863109446429,113.4335811461888,0.0,0,NORMAL,No Incident,0.0,LOW
2026-01-01 14:24:00,43.87211309515614,55.46635913555958,118.99838802287069,1.7820316150392703,0,NORMAL,No Incident,0.0,LOW
2026-01-01 14:25:00,46.12298440064016,55.20142884866351,149.43417796723782,1.355377868921527,0,NORMAL,No Incident,0.0,LOW
2026-01-01 14:26:00,52.85865390724905,54.742920301775534,123.5539609158048,2.20650562514583,0,NORMAL,No Incident,0.0,LOW
2026-01-01 14:27:00,53.34456789987025,54.41824876881404,104.10681631708393,2.089228286874749,0,NORMAL,No Incident,0.0,LOW
2026-01-01 14:28:00,56.5854427267283,54.77229683420154,105.77360178906864,2.0630176588992284,0,NORMAL,No Incident,0.0,LOW
2026-01-01 14:29:00,70.1020453876635,56.90766707281792,131.90262371827538,2.5236847413791645,0,NORMAL,No Incident,0.0,LOW
2026-01-01 14:30:00,48.2305277250595,54.91567120947555,145.97386581986848,0.7874780529163214,0,NORMAL,No Incident,0.0,LOW
2026-01-01 14:31:00,42.01702755461546,61.66658006900474,125.638360415021,2.411360277569708,0,NORMAL,No Incident,0.0,LOW
2026-01-01 14:32:00,36.20680771985473,62.88294972723889,133.77425489109538,1.5603838469829938,0,NORMAL,No Incident,0.0,LOW
2026-01-01 14:33:00,42.69069960058081,52.714839302540085,132.1947544667341,2.199982199863687,0,NORMAL,No Incident,0.0,LOW
2026-01-01 14:34:00,49.66873027126203,70.16852260805626,148.3812882671504,2.9574098452321897,0,NORMAL,No Incident,0.0,LOW
2026-01-01 14:35:00,67.94557863517788,52.15950158527509,81.00819654547934,0.7756002267789703,0,NORMAL,No Incident,0.0,LOW
2026-01-01 14:36:00,44.82388700963829,47.0575950894773,133.34437878609057,1.7187063473304307,0,NORMAL,No Incident,0.0,LOW
2026-01-01 14:37:00,52.237879516388986,63.046224570920415,139.67472087807127,1.881465765971136,0,NORMAL,No Incident,0.0,LOW
2026-01-01 14:38:00,49.83577103927248,53.46073492468528,93.22552587728852,1.4857310284293592,0,NORMAL,No Incident,0.0,LOW
2026-01-01 14:39:00,61.88393273448084,62.57033176605911,102.28663631987168,2.8998294961329574,0,NORMAL,No Incident,0.0,LOW
2026-01-01 14:40:00,75.26932425873622,40.77065119119575,102.98434502743692,1.2796116411995284,0,NORMAL,No Incident,0.0,LOW
2026-01-01 14:41:00,44.69131227079679,71.13964753186454,105.42419607245232,1.4445996005576611,0,NORMAL,No Incident,0.0,LOW
2026-01-01 14:42:00,45.10560557481778,65.37834726432322,110.36565898128949,1.2900808670479351,0,NORMAL,No Incident,0.0,LOW
2026-01-01 14:43:00,60.44160877069072,47.99618760669598,124.85205626109882,3.092055411438801,0,NORMAL,No Incident,0.0,LOW
2026-01-01 14:44:00,56.81891489626312,48.16978300922972,137.3134930233474,1.5075558875877832,0,NORMAL,No Incident,0.0,LOW
2026-01-01 14:45:00,68.46707325736034,73.37812723278022,141.62633915537072,2.460045390883556,0,NORMAL,No Incident,0.0,LOW
2026-01-01 14:46:00,55.83928185325964,54.10096077201633,103.24353877664436,3.975705101230074,0,NORMAL,No Incident,0.0,LOW
2026-01-01 14:47:00,46.40707909212941,53.326521210139006,103.10594002594034,1.9251815796494147,0,NORMAL,No Incident,0.0,LOW
2026-01-01 14:48:00,55.90654830692309,41.87158324680574,146.31643680032445,3.1120606800331574,0,NORMAL,No Incident,0.0,LOW
2026-01-01 14:49:00,61.08703580582908,57.19377435518757,132.93487870837288,3.671354084093128,0,NORMAL,No Incident,0.0,LOW
2026-01-01 14:50:00,58.204821811973645,58.17824308131398,121.65729683737992,3.027191560040414,0,NORMAL,No Incident,0.0,LOW
2026-01-01 14:51:00,55.07274031107298,65.72394477415588,129.4667335110993,1.9831986840222595,0,NORMAL,No Incident,0.0,LOW
2026-01-01 14:52:00,60.666746895891535,48.807372574524194,119.40392436297118,2.642107758998613,0,NORMAL,No Incident,0.0,LOW
2026-01-01 14:53:00,61.69295590445672,47.83770566207512,130.4916936609523,0.7126214068646546,0,NORMAL,No Incident,0.0,LOW
2026-01-01 14:54:00,63.82158991037527,63.60770107821182,113.2786660698852,1.2199568418500482,0,NORMAL,No Incident,0.0,LOW
2026-01-01 14:55:00,56.48709887589643,68.05384056981651,125.37609868878462,1.3953248183680809,0,NORMAL,No Incident,0.0,LOW
2026-01-01 14:56:00,48.328819196831454,47.43078119105694,89.78907899261007,4.240612120174282,0,NORMAL,No Incident,0.0,LOW
2026-01-01 14:57:00,51.46713686433323,68.65211269039793,106.24431410349138,1.187415485744733,0,NORMAL,No Incident,0.0,LOW
2026-01-01 14:58:00,62.06508966508357,60.30033473189457,106.45977646419313,1.1725232487381705,0,NORMAL,No Incident,0.0,LOW
2026-01-01 14:59:00,41.83064329012764,68.73444271259717,112.51219933586172,0.9560790197510164,0,NORMAL,No Incident,0.0,LOW
2026-01-01 15:00:00,53.68673308872901,59.43823710785907,101.46973490440504,2.559811761930761,0,NORMAL,No Incident,0.0,LOW
2026-01-01 15:01:00,46.06661187672639,39.8217766600964,109.32912748353836,2.142621392668883,0,NORMAL,No Incident,0.0,LOW
2026-01-01 15:02:00,50.28744822934817,58.784260941471686,89.71171875203758,3.086758977026565,0,NORMAL,No Incident,0.0,LOW
2026-01-01 15:03:00,62.78451862607299,68.48115054937016,130.974009527898,2.671259666077354,0,NORMAL,No Incident,0.0,LOW
2026-01-01 15:04:00,51.91099068019904,52.850031847330285,118.34972962177213,0.6196101532759326,0,NORMAL,No Incident,0.0,LOW
2026-01-01 15:05:00,50.46436548156149,56.89628024874038,85.89584784447966,1.1927222299896294,0,NORMAL,No Incident,0.0,LOW
2026-01-01 15:06:00,36.40143859020081,58.59093197159218,103.30340178906654,3.3653287482758216,0,NORMAL,No Incident,0.0,LOW
2026-01-01 15:07:00,57.46253566027221,36.80388896105215,126.73202855124332,1.796701755423195,0,NORMAL,No Incident,0.0,LOW
2026-01-01 15:08:00,56.45484181141075,73.37078060349981,109.1395610722842,3.1875918180180127,0,NORMAL,No Incident,0.0,LOW
2026-01-01 15:09:00,71.6325472330546,52.7889945608226,106.06117079723806,1.850319052084683,0,NORMAL,No Incident,0.0,LOW
2026-01-01 15:10:00,46.92221765046999,64.04588345978239,118.50814645983849,1.0323435717114786,0,NORMAL,No Incident,0.0,LOW
2026-01-01 15:11:00,52.19150327663939,59.30639091081433,126.87195070356432,1.696739222333294,0,NORMAL,No Incident,0.0,LOW
2026-01-01 15:12:00,52.49383683710755,70.06095245087488,91.2729508592168,1.031950204450304,0,NORMAL,No Incident,0.0,LOW
2026-01-01 15:13:00,65.77453279763475,63.24844897942464,131.0025696243576,1.4344472375975763,0,NORMAL,No Incident,0.0,LOW
2026-01-01 15:14:00,49.04704467613048,58.1206058278322,103.99413436785248,2.200925706565246,0,NORMAL,No Incident,0.0,LOW
2026-01-01 15:15:00,52.7902152577034,52.85187925984576,119.64144063500405,2.511605090369021,0,NORMAL,No Incident,0.0,LOW
2026-01-01 15:16:00,56.078965097165394,66.38280561105711,119.2915971861698,0.4098086767457018,0,NORMAL,No Incident,0.0,LOW
2026-01-01 15:17:00,51.86609123156358,45.012469568363066,109.45867763520452,1.982631992490902,0,NORMAL,No Incident,0.0,LOW
2026-01-01 15:18:00,45.53566385449472,65.16712336220714,99.52680507738572,1.4133842644402477,0,NORMAL,No Incident,0.0,LOW
2026-01-01 15:19:00,51.94089992898308,51.20764198756102,114.28626903815471,1.3515851910411876,0,NORMAL,No Incident,0.0,LOW
2026-01-01 15:20:00,60.73631749859772,70.01826929565311,152.5066061815039,2.1326846191330766,0,NORMAL,No Incident,0.0,LOW
2026-01-01 15:21:00,39.7348470058894,61.29039634130156,92.76649939072738,1.449548127310788,0,NORMAL,No Incident,0.0,LOW
2026-01-01 15:22:00,51.32969674146876,65.15299014280087,153.8462603820975,3.382137994846674,0,NORMAL,No Incident,0.0,LOW
2026-01-01 15:23:00,42.99879185060827,60.65591051059776,114.80557657846936,3.1880618762510604,0,NORMAL,No Incident,0.0,LOW
2026-01-01 15:24:00,61.950466289248425,45.98098323887203,120.70742834177278,3.1818282939420395,0,NORMAL,No Incident,0.0,LOW
2026-01-01 15:25:00,34.76813095216225,53.114166692837294,98.26578377230544,1.505089804509698,0,NORMAL,No Incident,0.0,LOW
2026-01-01 15:26:00,44.41078152728412,65.37911470089107,104.57461166645038,1.0375011650806778,0,NORMAL,No Incident,0.0,LOW
2026-01-01 15:27:00,53.772118750645205,61.333246538878754,109.94180699923962,2.082029929388116,0,NORMAL,No Incident,0.0,LOW
2026-01-01 15:28:00,65.65524029234341,69.44791924244538,99.08610058244176,1.8496516337137328,0,NORMAL,No Incident,0.0,LOW
2026-01-01 15:29:00,49.34249738927012,63.22619650429738,115.82164085258256,1.3911768375766351,0,NORMAL,No Incident,0.0,LOW
2026-01-01 15:30:00,44.44800473306802,52.26638487437872,111.85968216386458,0.8242655533330385,0,NORMAL,No Incident,0.0,LOW
2026-01-01 15:31:00,68.8115706944059,53.631486898234925,157.01562284871466,1.9584820307319284,0,NORMAL,No Incident,0.0,LOW
2026-01-01 15:32:00,35.51986099583756,60.8233391241859,96.68051628639076,1.595930549747527,0,NORMAL,No Incident,0.0,LOW
2026-01-01 15:33:00,28.011940433799182,41.48764747199915,122.05381033497174,2.68834703703802,0,NORMAL,No Incident,0.0,LOW
2026-01-01 15:34:00,54.40014450053332,73.38753508498388,124.9569256380365,2.66510605152148,0,NORMAL,No Incident,0.0,LOW
2026-01-01 15:35:00,44.97945775647389,63.53397389102046,98.59358902696326,3.1007998054227173,0,NORMAL,No Incident,0.0,LOW
2026-01-01 15:36:00,39.78767182869287,69.81627677639098,133.73654990905678,0.7407044481199618,0,NORMAL,No Incident,0.0,LOW
2026-01-01 15:37:00,57.08356447299353,47.355168473526646,112.03345974236744,2.4010583076936327,0,NORMAL,No Incident,0.0,LOW
2026-01-01 15:38:00,52.43800713771199,69.95652128284205,70.15220696833865,1.272534293766328,0,NORMAL,No Incident,0.0,LOW
2026-01-01 15:39:00,44.35921369263272,77.851991288222,133.1969922420913,0.7795857891889153,0,NORMAL,No Incident,0.0,LOW
2026-01-01 15:40:00,37.19695601329106,49.43297315698146,97.66118231795272,1.57139776305129,0,NORMAL,No Incident,0.0,LOW
2026-01-01 15:41:00,58.72457328280144,66.17121435923013,99.04450107721802,3.068704980134618,0,NORMAL,No Incident,0.0,LOW
2026-01-01 15:42:00,56.50201177958661,60.00887955749835,133.75804165784797,1.6276816464295158,0,NORMAL,No Incident,0.0,LOW
2026-01-01 15:43:00,49.00824136220617,47.64452921401404,113.056770351631,3.565454659959112,0,NORMAL,No Incident,0.0,LOW
2026-01-01 15:44:00,68.46636996047665,63.94307177481496,138.35544301103,2.5488785155203333,0,NORMAL,No Incident,0.0,LOW
2026-01-01 15:45:00,39.29915233673847,66.66882563869879,144.20332190730636,1.605909521019423,0,NORMAL,No Incident,0.0,LOW
2026-01-01 15:46:00,34.74474829075261,55.19098757864923,107.10143079355404,3.160048428906409,0,NORMAL,No Incident,0.0,LOW
2026-01-01 15:47:00,43.08091930118756,69.32733216204178,135.86524991910062,2.445396772114285,0,NORMAL,No Incident,0.0,LOW
2026-01-01 15:48:00,49.54413983644502,46.66589274568642,104.89078397214236,1.0674406115532946,0,NORMAL,No Incident,0.0,LOW
2026-01-01 15:49:00,52.43339449322692,48.04195082840285,164.66231834264352,3.858802635580515,0,NORMAL,No Incident,0.0,LOW
2026-01-01 15:50:00,47.5876394214367,61.09277916471002,106.14085990937568,2.2594788230864764,0,NORMAL,No Incident,0.0,LOW
2026-01-01 15:51:00,53.520553965142966,60.203082223778175,140.52174881920007,2.018796191985492,0,NORMAL,No Incident,0.0,LOW
2026-01-01 15:52:00,37.48460575809556,54.26741209260716,136.87580051763152,1.144467330094384,0,NORMAL,No Incident,0.0,LOW
2026-01-01 15:53:00,64.4376460407326,66.47675548777508,126.32175644217868,3.179538267607738,0,NORMAL,No Incident,0.0,LOW
2026-01-01 15:54:00,49.17848821607432,64.2471545137276,106.58913677166632,2.5172754273613065,0,NORMAL,No Incident,0.0,LOW
2026-01-01 15:55:00,61.17295831588128,66.86511256747212,116.97205016117182,2.629238180295241,0,NORMAL,No Incident,0.0,LOW
2026-01-01 15:56:00,53.42725346377704,59.01490851718186,76.92823774110896,1.4924686564742315,0,NORMAL,No Incident,0.0,LOW
2026-01-01 15:57:00,54.56753219153784,64.82064214382673,124.488400767645,2.8341005719100685,0,NORMAL,No Incident,0.0,LOW
2026-01-01 15:58:00,55.69767280232204,56.43479757576005,126.9923066205677,2.911813593570802,0,NORMAL,No Incident,0.0,LOW
2026-01-01 15:59:00,54.47708560017315,76.43054952069276,122.66998838122744,1.3312217612188777,0,NORMAL,No Incident,0.0,LOW
2026-01-01 16:00:00,56.42722759867544,53.49963383902411,60.53387657414885,0.583009860319009,0,NORMAL,No Incident,0.0,LOW
2026-01-01 16:01:00,63.29152530132431,76.8423794356665,94.68727109820378,2.581373059338924,0,NORMAL,No Incident,0.0,LOW
2026-01-01 16:02:00,91.9652116970147,90.27910357671529,605.0381803430267,10.42665305039426,1,CRITICAL,High API Latency / Database Performance Issue,100.0,HIGH
2026-01-01 16:03:00,57.09003757588512,48.99591288345006,125.83317866378091,2.1520157778377795,0,NORMAL,No Incident,0.0,LOW
2026-01-01 16:04:00,49.102643057127736,70.94463480390881,125.7867781128597,1.5527548952126928,0,NORMAL,No Incident,0.0,LOW
2026-01-01 16:05:00,64.40117215449473,61.00721110715967,116.59552416057642,3.218665210788921,0,NORMAL,No Incident,0.0,LOW
2026-01-01 16:06:00,43.2360769794073,66.8089927870419,132.70491073207913,1.6071561092327928,0,NORMAL,No Incident,0.0,LOW
2026-01-01 16:07:00,68.00940432910815,69.79084734834075,99.475152493942,3.107272972003804,0,NORMAL,No Incident,0.0,LOW
2026-01-01 16:08:00,49.59842049355657,62.7036444331602,132.20470011387994,1.485790555636974,0,NORMAL,No Incident,0.0,LOW
2026-01-01 16:09:00,75.69224897881952,85.26207324149749,629.4948420967978,12.999991005059613,1,CRITICAL,High API Latency / Database Performance Issue,100.0,HIGH
2026-01-01 16:10:00,51.28104414910789,67.805707021354,127.5510946567582,4.060341543836832,0,NORMAL,No Incident,0.0,LOW
2026-01-01 16:11:00,43.18948342525119,60.00604405963677,116.35919137828688,0.9319528616337596,0,NORMAL,No Incident,0.0,LOW
2026-01-01 16:12:00,98.40643548988724,95.48686254886736,656.6148764966252,12.292035721730908,1,CRITICAL,High API Latency / Database Performance Issue,100.0,HIGH
2026-01-01 16:13:00,43.47376020697609,42.77015540966831,129.86391376979756,4.748782415910065,0,NORMAL,No Incident,0.0,LOW
2026-01-01 16:14:00,45.538165667852205,63.57585373607881,100.63328273492884,2.0665888269029216,0,NORMAL,No Incident,0.0,LOW
2026-01-01 16:15:00,31.10459269054469,54.89131339883976,124.96610951471968,2.0617882702296484,0,NORMAL,No Incident,0.0,LOW
2026-01-01 16:16:00,45.47693680750923,73.22647709742824,135.04966754148438,2.78849894735102,0,NORMAL,No Incident,0.0,LOW
2026-01-01 16:17:00,25.761206733710434,64.98469878311276,108.2378280215138,2.041080864094754,0,NORMAL,No Incident,0.0,LOW
2026-01-01 16:18:00,34.16097176514277,61.91886196679437,141.785444938622,0.2927740054294474,0,NORMAL,No Incident,0.0,LOW
2026-01-01 16:19:00,57.604146561442974,63.890479946801776,127.64067411432022,3.1322873748389384,0,NORMAL,No Incident,0.0,LOW
2026-01-01 16:20:00,57.85800158650832,52.012473176986255,73.15043324669305,0.0,0,NORMAL,No Incident,0.0,LOW
2026-01-01 16:21:00,54.254575617849646,72.98605352422443,125.99343954675852,1.5832083488616582,0,NORMAL,No Incident,0.0,LOW
2026-01-01 16:22:00,40.33023856870787,75.93096334733524,111.8794169117457,3.2074257491566485,0,NORMAL,No Incident,0.0,LOW
2026-01-01 16:23:00,49.5228864385802,63.14330808438573,130.74359629083472,1.6434575713572142,0,NORMAL,No Incident,0.0,LOW
2026-01-01 16:24:00,49.96397460909432,72.7232285485891,138.88429680503629,1.306303507535596,0,NORMAL,No Incident,0.0,LOW
2026-01-01 16:25:00,38.416353108074574,55.44681441061973,123.90324094283636,2.8792639051665607,0,NORMAL,No Incident,0.0,LOW
2026-01-01 16:26:00,65.0339830176715,53.62309147020015,153.30504467889392,1.1488852131656135,0,NORMAL,No Incident,0.0,LOW
2026-01-01 16:27:00,58.77362290575671,60.32739798983138,116.42586230873007,0.7777742804080463,0,NORMAL,No Incident,0.0,LOW
2026-01-01 16:28:00,47.79035826170336,63.47952830694319,132.4963564610775,2.274513987493284,0,NORMAL,No Incident,0.0,LOW
2026-01-01 16:29:00,50.26885838994531,56.84810655005504,136.09885147274696,1.8170767015874087,0,NORMAL,No Incident,0.0,LOW
2026-01-01 16:30:00,52.08382807947552,64.30214552294787,118.05308062214534,0.756326885811158,0,NORMAL,No Incident,0.0,LOW
2026-01-01 16:31:00,29.582651315757094,62.45111585658732,135.57548615955565,2.63695253999487,0,NORMAL,No Incident,0.0,LOW
2026-01-01 16:32:00,47.52822617479403,52.01354579767156,108.10654025675665,2.464487605577234,0,NORMAL,No Incident,0.0,LOW
2026-01-01 16:33:00,43.180157520022014,64.15034413961376,111.54863161957564,1.640244983394368,0,NORMAL,No Incident,0.0,LOW
2026-01-01 16:34:00,39.98379990105085,66.90822594017217,93.75022619327376,1.7086679938750535,0,NORMAL,No Incident,0.0,LOW
2026-01-01 16:35:00,47.18899707114045,61.37175454072312,124.82818232740094,2.4703927420091567,0,NORMAL,No Incident,0.0,LOW
2026-01-01 16:36:00,67.97686526849523,69.22118482609353,126.50503351708689,3.190361419752066,0,NORMAL,No Incident,0.0,LOW
2026-01-01 16:37:00,56.4084286126701,50.26076965202439,143.5852631715846,1.717206789890675,0,NORMAL,No Incident,0.0,LOW
2026-01-01 16:38:00,44.28821010217203,63.74360337705481,135.82280008711768,2.6546884930081447,0,NORMAL,No Incident,0.0,LOW
2026-01-01 16:39:00,55.72582781356159,50.6377543488258,114.30408886705132,2.565200217084599,0,NORMAL,No Incident,0.0,LOW
2026-01-01 16:40:00,63.99355436586002,51.0873491341353,96.43640625331446,2.8793072927089765,0,NORMAL,No Incident,0.0,LOW
2026-01-01 16:41:00,59.246336829127685,54.95255333009768,128.65700805039947,2.039309198743465,0,NORMAL,No Incident,0.0,LOW
2026-01-01 16:42:00,50.59630369920174,52.46351853140604,142.21506344829282,1.087674485933642,0,NORMAL,No Incident,0.0,LOW
2026-01-01 16:43:00,43.53063222294426,55.6160334500709,135.10369947607887,1.5375008468000306,0,NORMAL,No Incident,0.0,LOW
2026-01-01 16:44:00,56.982233136135896,58.28679751431049,141.68955049714577,2.342853465781648,0,NORMAL,No Incident,0.0,LOW
2026-01-01 16:45:00,53.93485385421749,66.69723589065107,115.76220937603514,3.818464378381593,0,NORMAL,No Incident,0.0,LOW
2026-01-01 16:46:00,58.95193220027733,57.43072769035438,110.66762063648709,1.5159803768037214,0,NORMAL,No Incident,0.0,LOW
2026-01-01 16:47:00,56.351718016819696,47.31499434584326,105.26197295536402,2.804787443527399,0,NORMAL,No Incident,0.0,LOW
2026-01-01 16:48:00,60.49552715319335,69.12054277196128,118.88207066772809,1.67194354932324,0,NORMAL,No Incident,0.0,LOW
2026-01-01 16:49:00,44.64764788439432,53.30327893107968,118.4281840806236,2.110468755886136,0,NORMAL,No Incident,0.0,LOW
2026-01-01 16:50:00,63.173940656343255,59.53023658316297,124.13355257078231,3.5153967492635925,0,NORMAL,No Incident,0.0,LOW
2026-01-01 16:51:00,51.975996046924,63.57229205552569,117.41405085928984,2.7642925814204333,0,NORMAL,No Incident,0.0,LOW
2026-01-01 16:52:00,70.75260872625265,61.59688334722226,117.32744540546456,0.7587007272590431,0,NORMAL,No Incident,0.0,LOW
2026-01-01 16:53:00,43.10812181910432,68.7534363801718,104.46611894055712,1.4275249761884092,0,NORMAL,No Incident,0.0,LOW
2026-01-01 16:54:00,67.3596380316525,63.83202514714207,138.83238027102982,3.256221344441359,0,NORMAL,No Incident,0.0,LOW
2026-01-01 16:55:00,51.97910783462648,53.10952336242313,121.53036124487424,2.141878042628495,0,NORMAL,No Incident,0.0,LOW
2026-01-01 16:56:00,43.48581996385552,77.42849739193329,116.51112131429436,0.8511598803841365,0,NORMAL,No Incident,0.0,LOW
2026-01-01 16:57:00,85.16114165945677,91.55466770670586,605.0514149350159,11.18104755502628,1,CRITICAL,High API Latency / Database Performance Issue,100.0,HIGH
2026-01-01 16:58:00,46.7965269180568,58.82127818702795,93.36173779217827,2.703493522711172,0,NORMAL,No Incident,0.0,LOW
2026-01-01 16:59:00,54.241659464019165,67.71140338444457,146.15928385098687,2.9944102812176303,0,NORMAL,No Incident,0.0,LOW
2026-01-01 17:00:00,55.228354880355,61.99560756744058,131.09277416263615,2.0178553014821743,0,NORMAL,No Incident,0.0,LOW
2026-01-01 17:01:00,44.26299996061421,63.19382554351462,87.52164314860066,4.475313800936102,0,NORMAL,No Incident,0.0,LOW
2026-01-01 17:02:00,49.756454077390174,79.9374719888055,135.26284601419314,2.8241523634556387,0,NORMAL,No Incident,0.0,LOW
2026-01-01 17:03:00,71.42270358611864,57.799028573959625,138.4496234046622,1.7565189303670996,0,NORMAL,No Incident,0.0,LOW
2026-01-01 17:04:00,67.27543170100711,57.45791284786083,122.4875224460186,1.184293951900656,0,NORMAL,No Incident,0.0,LOW
2026-01-01 17:05:00,54.36323669674032,60.93262809609971,151.96221791503518,1.0251156953609586,0,NORMAL,No Incident,0.0,LOW
2026-01-01 17:06:00,50.380034781682,68.5721274846483,124.33439284245766,2.335421320480369,0,NORMAL,No Incident,0.0,LOW
2026-01-01 17:07:00,51.200313267182615,47.94772775847681,91.6635294410162,1.5112229550865932,0,NORMAL,No Incident,0.0,LOW
2026-01-01 17:08:00,56.13517972730416,44.27555286818796,127.30338002096642,3.673743753983425,0,NORMAL,No Incident,0.0,LOW
2026-01-01 17:09:00,39.77207434801595,55.30307783503882,124.8979460342546,3.4663118029178595,0,NORMAL,No Incident,0.0,LOW
2026-01-01 17:10:00,47.42623462576655,46.9286163275257,107.93406302443692,2.6330665474972275,0,NORMAL,No Incident,0.0,LOW
2026-01-01 17:11:00,33.314159261224106,56.60134921979489,131.4711767375485,0.8210038270431044,0,NORMAL,No Incident,0.0,LOW
2026-01-01 17:12:00,53.9922312260528,64.01999756903432,86.64669467618276,1.327781127447595,0,NORMAL,No Incident,0.0,LOW
2026-01-01 17:13:00,56.47195939702741,52.87400909158189,139.8113365488558,3.255677525741101,0,NORMAL,No Incident,0.0,LOW
2026-01-01 17:14:00,45.16813537700626,48.58538738574926,102.43756592789094,1.436933800204898,0,NORMAL,No Incident,0.0,LOW
2026-01-01 17:15:00,65.73986763290033,60.55469729372278,100.30107749765936,3.1221417339195243,0,NORMAL,No Incident,0.0,LOW
2026-01-01 17:16:00,77.7423433699766,96.90034787692136,617.7235045538505,12.474603923034762,1,CRITICAL,High API Latency / Database Performance Issue,100.0,HIGH
2026-01-01 17:17:00,35.3562511979018,46.4402124918671,128.6594585608727,2.051717884813187,0,NORMAL,No Incident,0.0,LOW
2026-01-01 17:18:00,52.24451818559972,66.56185918644788,123.2784812718686,1.297167187064559,0,NORMAL,No Incident,0.0,LOW
2026-01-01 17:19:00,60.47098302612154,66.53844962990661,105.14681668455243,1.9057561564752483,0,NORMAL,No Incident,0.0,LOW
2026-01-01 17:20:00,66.83927691457869,67.63268081725302,109.87821417616225,2.189647954874898,0,NORMAL,No Incident,0.0,LOW
2026-01-01 17:21:00,45.4111573713106,69.74784171897349,97.33915305245075,3.0325388983011217,0,NORMAL,No Incident,0.0,LOW
2026-01-01 17:22:00,60.78680833431296,77.61611139727692,115.5064019674026,1.114264399366245,0,NORMAL,No Incident,0.0,LOW
2026-01-01 17:23:00,49.61491530499293,57.15126361104756,141.5004242902182,1.737183157473885,0,NORMAL,No Incident,0.0,LOW
2026-01-01 17:24:00,48.273727000591805,60.87657264062287,119.91474124712248,2.0448231319322847,0,NORMAL,No Incident,0.0,LOW
2026-01-01 17:25:00,58.83659937486672,56.6684925340158,137.18828509518906,2.662678357686165,0,NORMAL,No Incident,0.0,LOW
2026-01-01 17:26:00,56.5232287841342,60.01581475804649,149.10802675452385,1.0915356624772232,0,NORMAL,No Incident,0.0,LOW
2026-01-01 17:27:00,34.236078430157505,72.2629868450905,108.23962961926064,0.6834302071127849,0,NORMAL,No Incident,0.0,LOW
2026-01-01 17:28:00,64.76540349725896,49.23988412855465,116.26853493889271,2.67396515171005,0,NORMAL,No Incident,0.0,LOW
2026-01-01 17:29:00,63.80091354147452,53.1116026226754,163.4238572212499,0.4820508850532967,0,NORMAL,No Incident,0.0,LOW
2026-01-01 17:30:00,43.74437298490471,71.0174474920365,148.8868682395989,3.2849797147621684,0,NORMAL,No Incident,0.0,LOW
2026-01-01 17:31:00,53.95803533437409,68.16029205521671,86.55190948375295,1.844073902517092,0,NORMAL,No Incident,0.0,LOW
2026-01-01 17:32:00,54.94030186282739,57.094946825463374,127.74296632121812,0.4524689177255536,0,NORMAL,No Incident,0.0,LOW
2026-01-01 17:33:00,52.60673765823907,66.83521600896576,120.01119984679391,1.519579780596506,0,NORMAL,No Incident,0.0,LOW
2026-01-01 17:34:00,44.4969484615458,62.72972673993627,136.52906221717524,2.3791236330692374,0,NORMAL,No Incident,0.0,LOW
2026-01-01 17:35:00,43.283766320619485,72.0021968720079,105.10042465029888,1.4672989124450222,0,NORMAL,No Incident,0.0,LOW
2026-01-01 17:36:00,49.74445929008554,60.59607675061418,103.20783255918656,2.0200297488243475,0,NORMAL,No Incident,0.0,LOW
2026-01-01 17:37:00,61.72729019259364,68.20505691098066,106.47858569412782,2.7400783657052865,0,NORMAL,No Incident,0.0,LOW
2026-01-01 17:38:00,55.43600154594432,81.13609528394096,108.56142907603136,1.7978096646123805,0,NORMAL,No Incident,0.0,LOW
2026-01-01 17:39:00,46.29385667913894,64.78479324037973,136.3064833361803,1.0629423235338664,0,NORMAL,No Incident,0.0,LOW
2026-01-01 17:40:00,57.71698710648344,60.39462532635875,96.3759765370224,1.701016002628159,0,NORMAL,No Incident,0.0,LOW
2026-01-01 17:41:00,21.514573793699245,65.77957588176784,107.54772200081362,3.41484013645926,0,NORMAL,No Incident,0.0,LOW
2026-01-01 17:42:00,61.48765700372103,57.07775313436892,84.21975218997117,3.685064345333184,0,NORMAL,No Incident,0.0,LOW
2026-01-01 17:43:00,32.60286221221901,79.10374164419785,140.14235646824747,0.0,0,NORMAL,No Incident,0.0,LOW
2026-01-01 17:44:00,46.37559058596868,61.44056830156785,145.42060198862282,3.091027909191477,0,NORMAL,No Incident,0.0,LOW
2026-01-01 17:45:00,38.803301053738565,57.8165334381959,113.45853138272427,2.2501477160353565,0,NORMAL,No Incident,0.0,LOW
2026-01-01 17:46:00,37.05318524279095,53.31448795983971,114.04101270373556,2.92398267912015,0,NORMAL,No Incident,0.0,LOW
2026-01-01 17:47:00,61.6082678737852,68.77776153285151,129.06443804565794,1.4495117397323705,0,NORMAL,No Incident,0.0,LOW
2026-01-01 17:48:00,45.32298798688109,66.93749930262192,149.48964014756513,0.2317364904985139,0,NORMAL,No Incident,0.0,LOW
2026-01-01 17:49:00,53.46503881730716,56.02116502868726,128.1722149512783,2.584488788647462,0,NORMAL,No Incident,0.0,LOW
2026-01-01 17:50:00,49.53079421120816,64.61161076097937,106.04916115049772,1.059022738717283,0,NORMAL,No Incident,0.0,LOW
2026-01-01 17:51:00,54.770408272231215,47.931552254297145,87.62354856027119,0.6117075685151476,0,NORMAL,No Incident,0.0,LOW
2026-01-01 17:52:00,50.76821891060256,61.47976460058525,97.69747474673024,0.6815986175265336,0,NORMAL,No Incident,0.0,LOW
2026-01-01 17:53:00,37.1700777581143,63.62205081661356,121.4643890062493,2.6009137824153346,0,NORMAL,No Incident,0.0,LOW
2026-01-01 17:54:00,59.9626681944714,73.65863847647378,106.89344953598412,2.1394524660291974,0,NORMAL,No Incident,0.0,LOW
2026-01-01 17:55:00,45.06243416838687,53.83344957817049,123.89935411981516,2.782466021874674,0,NORMAL,No Incident,0.0,LOW
2026-01-01 17:56:00,34.434181013402494,49.77317896958141,108.94151967527532,2.6690752544963647,0,NORMAL,No Incident,0.0,LOW
2026-01-01 17:57:00,45.71884839034088,52.83657631259967,98.83707137411176,1.5790664354162345,0,NORMAL,No Incident,0.0,LOW
2026-01-01 17:58:00,65.00759790634311,49.30745199748064,96.45936737093858,1.929526426122544,0,NORMAL,No Incident,0.0,LOW
2026-01-01 17:59:00,58.50221742113493,70.69325886207187,151.2470901874646,1.4885624712174603,0,NORMAL,No Incident,0.0,LOW
2026-01-01 18:00:00,46.51347865592141,72.3891143601923,137.77975498367286,1.7896722271345091,0,NORMAL,No Incident,0.0,LOW
2026-01-01 18:01:00,46.50742295681571,62.56173262359063,154.61035903655915,1.032745262018934,0,NORMAL,No Incident,0.0,LOW
2026-01-01 18:02:00,46.783649487826175,69.77035956548119,130.79901801510206,2.390484293874335,0,NORMAL,No Incident,0.0,LOW
2026-01-01 18:03:00,70.76747983560841,61.071667044641885,111.40017182770322,3.0751207489817567,0,NORMAL,No Incident,0.0,LOW
2026-01-01 18:04:00,53.819354522315535,59.23910681839387,146.46681844979875,1.1833869701790134,0,NORMAL,No Incident,0.0,LOW
2026-01-01 18:05:00,54.30041647191069,57.3356990475699,119.33863997276464,3.2812696454013426,0,NORMAL,No Incident,0.0,LOW
2026-01-01 18:06:00,60.30283454031842,57.516872068979474,124.41683540580703,2.113521496477942,0,NORMAL,No Incident,0.0,LOW
2026-01-01 18:07:00,52.387891590265134,47.61758754952775,119.14351241848962,2.241078976405813,0,NORMAL,No Incident,0.0,LOW
2026-01-01 18:08:00,47.40957854179297,62.11403810885872,61.06191561431971,0.3005704803924818,0,NORMAL,No Incident,0.0,LOW
2026-01-01 18:09:00,48.03650150915022,59.67732871828765,152.09470024589706,0.1927376904342659,0,NORMAL,No Incident,0.0,LOW
2026-01-01 18:10:00,49.28398740585936,65.96288579262301,129.8200789191551,2.1441163627796818,0,NORMAL,No Incident,0.0,LOW
2026-01-01 18:11:00,49.627777634901584,60.74818797150888,126.5964612173702,2.789732124632008,0,NORMAL,No Incident,0.0,LOW
2026-01-01 18:12:00,57.2762954363698,58.69837038744726,118.76447875458878,1.3286195563550476,0,NORMAL,No Incident,0.0,LOW
2026-01-01 18:13:00,50.519458858072994,53.03045575993895,123.2685564077226,3.6700939005830895,0,NORMAL,No Incident,0.0,LOW
2026-01-01 18:14:00,57.32640077215579,60.57722589457409,108.05442128307504,2.734935974254316,0,NORMAL,No Incident,0.0,LOW
2026-01-01 18:15:00,49.19283419891418,65.9058978465293,132.33158704614542,1.0916587482920148,0,NORMAL,No Incident,0.0,LOW
2026-01-01 18:16:00,50.786351903160906,50.85328807132912,93.85803311201737,2.030848667053508,0,NORMAL,No Incident,0.0,LOW
2026-01-01 18:17:00,30.017993154678923,60.69979002944592,123.72136864941092,4.476929133723412,0,NORMAL,No Incident,0.0,LOW
2026-01-01 18:18:00,59.16327674702482,61.86434361223587,131.2314694114221,0.7574359972002944,0,NORMAL,No Incident,0.0,LOW
2026-01-01 18:19:00,53.46488475897993,54.25548173105389,116.02661732354194,2.528269938915105,0,NORMAL,No Incident,0.0,LOW
2026-01-01 18:20:00,59.98010109859652,55.297149560736,127.41735584942047,1.6772554472766577,0,NORMAL,No Incident,0.0,LOW
2026-01-01 18:21:00,21.037446218063103,61.84488679012971,100.173312155315,2.706896290918512,0,NORMAL,No Incident,0.0,LOW
2026-01-01 18:22:00,70.88374704780728,50.93263185365902,100.68346458208072,3.267273646318382,0,NORMAL,No Incident,0.0,LOW
2026-01-01 18:23:00,48.604103718448265,62.79938972199514,124.73434242052788,1.6137629112886325,0,NORMAL,No Incident,0.0,LOW
2026-01-01 18:24:00,61.08182816737517,52.8371650107264,133.57099309242102,3.118912271707174,0,NORMAL,No Incident,0.0,LOW
2026-01-01 18:25:00,39.60094072874469,68.50282954426574,82.50268688996579,4.221203394271961,0,NORMAL,No Incident,0.0,LOW
2026-01-01 18:26:00,56.1277390506257,78.7026219631064,130.44041270221533,2.066274737344235,0,NORMAL,No Incident,0.0,LOW
2026-01-01 18:27:00,39.46584436826344,53.11394558638544,109.13596999247326,2.784888687494185,0,NORMAL,No Incident,0.0,LOW
2026-01-01 18:28:00,43.76231039304195,64.2736628989974,116.14387825385175,1.409559229796725,0,NORMAL,No Incident,0.0,LOW
2026-01-01 18:29:00,69.14031353866787,54.18606476094384,93.20964152869924,2.0192593090312125,0,NORMAL,No Incident,0.0,LOW
2026-01-01 18:30:00,48.09317599236653,68.32763339038232,102.96765519626584,1.8233249072917568,0,NORMAL,No Incident,0.0,LOW
2026-01-01 18:31:00,52.17432873179723,49.87793272731828,139.32250651060622,2.7969359256585955,0,NORMAL,No Incident,0.0,LOW
2026-01-01 18:32:00,58.70067730688754,63.8446940674217,120.65726747960426,3.204675935756925,0,NORMAL,No Incident,0.0,LOW
2026-01-01 18:33:00,54.95681887972604,53.01608826488518,112.34443196580882,1.8903451508825408,0,NORMAL,No Incident,0.0,LOW
2026-01-01 18:34:00,51.504189051435766,58.34412328721305,117.6702329473793,3.533622845732923,0,NORMAL,No Incident,0.0,LOW
2026-01-01 18:35:00,53.64961002466225,51.75179779882154,129.78423649328602,3.5300474415616288,0,NORMAL,No Incident,0.0,LOW
2026-01-01 18:36:00,74.03415585238275,66.57880376716602,128.80988992326675,2.846853743179901,0,NORMAL,No Incident,0.0,LOW
2026-01-01 18:37:00,49.42381202966415,53.30415716448331,118.49945999206398,1.4839734682782717,0,NORMAL,No Incident,0.0,LOW
2026-01-01 18:38:00,52.01099046714968,64.41571407465462,141.85918221793338,1.3881711832600971,0,NORMAL,No Incident,0.0,LOW
2026-01-01 18:39:00,100.0,87.24721577390133,639.4092527381333,11.18761864530996,1,CRITICAL,High API Latency / Database Performance Issue,100.0,HIGH
2026-01-01 18:40:00,61.05525932957984,59.0842210256091,128.26744058260792,2.949166070238161,0,NORMAL,No Incident,0.0,LOW
2026-01-01 18:41:00,61.8703030556038,61.18204725920103,121.0922356582014,0.7882317925106357,0,NORMAL,No Incident,0.0,LOW
2026-01-01 18:42:00,56.38730222029184,53.90540262672921,133.14642190239078,2.676837654111007,0,NORMAL,No Incident,0.0,LOW
2026-01-01 18:43:00,38.569950872695166,61.68293690832709,126.28534843602368,0.9188906521758872,0,NORMAL,No Incident,0.0,LOW
2026-01-01 18:44:00,66.33431532301096,72.2426765148353,141.21600143611894,2.8235461198419736,0,NORMAL,No Incident,0.0,LOW
2026-01-01 18:45:00,38.53654606981312,53.77524171333829,137.99122753476615,2.017219582730561,0,NORMAL,No Incident,0.0,LOW
2026-01-01 18:46:00,53.02635465239033,69.37448114619076,99.63492197164544,3.333638561859828,0,NORMAL,No Incident,0.0,LOW
2026-01-01 18:47:00,42.45724149980642,71.98478106790228,98.28073658516588,3.141454578321272,0,NORMAL,No Incident,0.0,LOW
2026-01-01 18:48:00,49.35861653407007,53.470760087775645,105.97500911191848,3.435065412002112,0,NORMAL,No Incident,0.0,LOW
2026-01-01 18:49:00,53.2876241030348,48.35956315927558,139.52277380133842,3.460818718289113,0,NORMAL,No Incident,0.0,LOW
2026-01-01 18:50:00,53.21357215450273,62.41568720137412,88.47382006457508,2.143630833988197,0,NORMAL,No Incident,0.0,LOW
2026-01-01 18:51:00,54.21920754235285,55.620739817865015,127.89514778215988,0.8412069335753953,0,NORMAL,No Incident,0.0,LOW
2026-01-01 18:52:00,66.13711269058646,74.94882575330402,127.25086182185925,0.9474769450026216,0,NORMAL,No Incident,0.0,LOW
2026-01-01 18:53:00,54.5353430151398,60.27846032399866,143.25296117372386,0.0,0,NORMAL,No Incident,0.0,LOW
2026-01-01 18:54:00,47.55843364709352,53.58240473571857,123.60677381327775,0.9163341665719064,0,NORMAL,No Incident,0.0,LOW
2026-01-01 18:55:00,59.64087168288357,50.82272391190631,93.13581218832198,2.068823657704649,0,NORMAL,No Incident,0.0,LOW
2026-01-01 18:56:00,61.894704889246405,68.71923967272664,100.81290078703752,1.440345819174838,0,NORMAL,No Incident,0.0,LOW
2026-01-01 18:57:00,37.72392184863008,55.43052820732651,96.3600895620435,1.8198643955901488,0,NORMAL,No Incident,0.0,LOW
2026-01-01 18:58:00,55.97400069849858,60.350630395683424,109.2411206733372,2.492715419461401,0,NORMAL,No Incident,0.0,LOW
2026-01-01 18:59:00,57.01172742310898,67.64642196089984,116.34196865152146,1.695934741934242,0,NORMAL,No Incident,0.0,LOW
2026-01-01 19:00:00,47.02436496640008,56.12593318455336,96.69116947557886,0.8781711995874157,0,NORMAL,No Incident,0.0,LOW
2026-01-01 19:01:00,63.75706813311619,59.63256937007871,149.41323981304578,1.946766332436568,0,NORMAL,No Incident,0.0,LOW
2026-01-01 19:02:00,48.499444129674735,59.86745272141984,93.49437256095118,1.101509513227155,0,NORMAL,No Incident,0.0,LOW
2026-01-01 19:03:00,91.25576453471542,95.46659609212874,646.9220684772496,11.729213503020937,1,CRITICAL,High API Latency / Database Performance Issue,100.0,HIGH
2026-01-01 19:04:00,48.2692817571613,64.72595468408261,143.7032606287868,3.3427769644230034,0,NORMAL,No Incident,0.0,LOW
2026-01-01 19:05:00,50.15579047581468,58.23909014996137,137.9660509937807,1.729494695903825,0,NORMAL,No Incident,0.0,LOW
2026-01-01 19:06:00,39.03724913104799,60.509192491972144,106.124667850065,3.770957553347745,0,NORMAL,No Incident,0.0,LOW
2026-01-01 19:07:00,35.59949117405706,57.025767907812096,126.84901758353804,3.4316359869379696,0,NORMAL,No Incident,0.0,LOW
2026-01-01 19:08:00,65.94505063224972,48.17910074464445,94.45257732898764,1.4206946914209568,0,NORMAL,No Incident,0.0,LOW
2026-01-01 19:09:00,41.53038651681672,62.06080685918504,138.21814070067498,0.8888762335842244,0,NORMAL,No Incident,0.0,LOW
2026-01-01 19:10:00,40.08607650543693,75.13753408666454,118.52030436927464,1.9474458380798063,0,NORMAL,No Incident,0.0,LOW
2026-01-01 19:11:00,28.46609886396285,52.9302468744715,111.81359570826628,3.153327763396889,0,NORMAL,No Incident,0.0,LOW
2026-01-01 19:12:00,43.610382523104974,53.815762323178376,95.5251030668746,1.5098090937713118,0,NORMAL,No Incident,0.0,LOW
2026-01-01 19:13:00,36.76910206592502,53.03417782685007,70.44987762741967,2.908090298262139,0,NORMAL,No Incident,0.0,LOW
2026-01-01 19:14:00,66.4201516013637,65.79673422978497,99.22918285928488,3.208439989136088,0,NORMAL,No Incident,0.0,LOW
2026-01-01 19:15:00,60.09817089342634,63.58788363357152,142.25596391225812,1.225974349637394,0,NORMAL,No Incident,0.0,LOW
2026-01-01 19:16:00,43.118496548222765,58.73169846066835,111.94333143050392,1.323948911711413,0,NORMAL,No Incident,0.0,LOW
2026-01-01 19:17:00,72.52435805344308,52.65584750688828,116.61342285769904,2.7126620321270067,0,NORMAL,No Incident,0.0,LOW
2026-01-01 19:18:00,59.81765486991594,60.73901433311939,133.11108716576905,2.1518475496415705,0,NORMAL,No Incident,0.0,LOW
2026-01-01 19:19:00,46.75168616491378,47.48302298131357,156.1133775623253,1.313938473456321,0,NORMAL,No Incident,0.0,LOW
2026-01-01 19:20:00,25.00594285126427,61.147412534859946,146.50009309891277,1.6478195518804126,0,NORMAL,No Incident,0.0,LOW
2026-01-01 19:21:00,72.90942572590743,66.97219508870347,100.55329992367624,1.9294804472725808,0,NORMAL,No Incident,0.0,LOW
2026-01-01 19:22:00,36.10427533236404,49.99040690693057,81.14858857125188,0.4351455750445394,0,NORMAL,No Incident,0.0,LOW
2026-01-01 19:23:00,33.546012530431085,47.73985378536269,167.19228518200208,2.7656431064826954,0,NORMAL,No Incident,0.0,LOW
2026-01-01 19:24:00,60.225704320096405,72.63550313355887,165.37983223318906,1.521307811060809,0,NORMAL,No Incident,0.0,LOW
2026-01-01 19:25:00,74.39752406339272,55.10592288396332,123.76907192858566,0.0,0,NORMAL,No Incident,0.0,LOW
2026-01-01 19:26:00,100.0,99.08758276755056,594.5902350883636,11.976129031690547,1,CRITICAL,High CPU Usage / Compute Resource Overload,100.0,HIGH
2026-01-01 19:27:00,55.6390912005236,58.76801867841735,139.26453067787878,1.2584287411064925,0,NORMAL,No Incident,0.0,LOW
2026-01-01 19:28:00,55.94754341665286,58.70436146446938,117.8403262797478,3.688822192302677,0,NORMAL,No Incident,0.0,LOW
2026-01-01 19:29:00,58.53415558780308,63.50730159597316,117.7403775378678,1.4145549790800318,0,NORMAL,No Incident,0.0,LOW
2026-01-01 19:30:00,57.58928589786765,52.92800914602847,137.88917686210257,0.9023566364213892,0,NORMAL,No Incident,0.0,LOW
2026-01-01 19:31:00,52.81191423969376,61.05997714796517,126.68749493746596,2.507932669962016,0,NORMAL,No Incident,0.0,LOW
2026-01-01 19:32:00,51.04201103951876,56.94808468140726,96.28370177970108,1.339552631992417,0,NORMAL,No Incident,0.0,LOW
2026-01-01 19:33:00,49.374068721004775,49.43605245275975,113.50516129836052,1.2205437987477676,0,NORMAL,No Incident,0.0,LOW
2026-01-01 19:34:00,42.46035411133324,62.69985659781119,133.22305857322692,2.509501382824406,0,NORMAL,No Incident,0.0,LOW
2026-01-01 19:35:00,47.19324923133226,57.893537544976674,130.20504444810038,0.959532692110434,0,NORMAL,No Incident,0.0,LOW
2026-01-01 19:36:00,33.07043185804615,58.743801372442334,125.24033148716951,0.542726341800547,0,NORMAL,No Incident,0.0,LOW
2026-01-01 19:37:00,49.0166037320525,50.31871245268674,138.66845908951728,3.725998002094337,0,NORMAL,No Incident,0.0,LOW
2026-01-01 19:38:00,40.11408892849083,72.73120294210243,112.76566024365472,2.5794987376006446,0,NORMAL,No Incident,0.0,LOW
2026-01-01 19:39:00,38.964106827842286,67.01371349108894,123.57339550438144,1.7357907150056349,0,NORMAL,No Incident,0.0,LOW
2026-01-01 19:40:00,51.79894151153479,67.71324707337583,52.48841799644799,1.996522790298064,0,NORMAL,No Incident,0.0,LOW
2026-01-01 19:41:00,63.92002286344599,57.55644238046654,111.00699612314372,2.505864358116156,0,NORMAL,No Incident,0.0,LOW
2026-01-01 19:42:00,59.183166060023126,46.16653688397264,135.2780581715129,2.9733374496134206,0,NORMAL,No Incident,0.0,LOW
2026-01-01 19:43:00,34.29499396376823,75.62333905991609,112.19211065765715,1.244024708684988,0,NORMAL,No Incident,0.0,LOW
2026-01-01 19:44:00,80.10371863429663,89.51121993595305,610.6754521656578,12.366146525965682,1,CRITICAL,High API Latency / Database Performance Issue,100.0,HIGH
2026-01-01 19:45:00,59.40771187988216,54.00960163183957,99.17094096450364,1.4932958237897616,0,NORMAL,No Incident,0.0,LOW
2026-01-01 19:46:00,40.1751260646169,63.33441259586491,140.0673178545829,1.811018755487376,0,NORMAL,No Incident,0.0,LOW
2026-01-01 19:47:00,47.75366850002976,69.33696630402638,130.96926547081142,2.1606928674649044,0,NORMAL,No Incident,0.0,LOW
2026-01-01 19:48:00,55.50052099024552,59.81559555131627,136.5082919564617,1.993321426947328,0,NORMAL,No Incident,0.0,LOW
2026-01-01 19:49:00,40.31655545136365,70.228601343515,85.47572076084221,2.735566898302572,0,NORMAL,No Incident,0.0,LOW
2026-01-01 19:50:00,51.0537550614596,68.66399950813495,116.79099913468733,2.487086559115594,0,NORMAL,No Incident,0.0,LOW
2026-01-01 19:51:00,36.65974505081795,51.38895050078354,114.39777984499987,0.4918307906278223,0,NORMAL,No Incident,0.0,LOW
2026-01-01 19:52:00,43.98632356048786,54.60967915472419,114.38856586802896,0.6421767929345579,0,NORMAL,No Incident,0.0,LOW
2026-01-01 19:53:00,53.19781934142537,67.66029730623814,107.67944912564089,1.6302833152407072,0,NORMAL,No Incident,0.0,LOW
2026-01-01 19:54:00,34.070062664683306,38.29909948951649,113.07791456439968,3.828625262441825,0,NORMAL,No Incident,0.0,LOW
2026-01-01 19:55:00,54.40474737960399,58.80435445468009,136.99289565413304,1.1484081674983977,0,NORMAL,No Incident,0.0,LOW
2026-01-01 19:56:00,49.80362201073319,48.553350387002624,81.7429729330434,1.791777290387247,0,NORMAL,No Incident,0.0,LOW
2026-01-01 19:57:00,55.52489954417148,56.1875695885318,155.54589536060908,1.463653973043478,0,NORMAL,No Incident,0.0,LOW
2026-01-01 19:58:00,52.23914134064661,57.60943928776637,129.67682250052923,1.44595561591192,0,NORMAL,No Incident,0.0,LOW
2026-01-01 19:59:00,63.64140429973844,57.134044976739936,119.15336208679574,2.178239743905056,0,NORMAL,No Incident,0.0,LOW
2026-01-01 20:00:00,51.25224502647907,55.58190998309913,138.13668292745854,3.4007772761956514,0,NORMAL,No Incident,0.0,LOW
2026-01-01 20:01:00,45.70594458874747,51.22285080296949,90.9633050966313,2.455968399880589,0,NORMAL,No Incident,0.0,LOW
2026-01-01 20:02:00,51.22297503032284,78.3352901345495,106.70598189697972,1.1964690385729078,0,NORMAL,No Incident,0.0,LOW
2026-01-01 20:03:00,55.43298029036388,74.9396960332908,117.57849135218892,4.753229510803207,0,NORMAL,No Incident,0.0,LOW
2026-01-01 20:04:00,50.48860070325704,50.70347343794974,147.31120740864355,2.078573220961126,0,NORMAL,No Incident,0.0,LOW
2026-01-01 20:05:00,50.405916912038826,72.65693401042854,119.07006837746884,1.4227790436178869,0,NORMAL,No Incident,0.0,LOW
2026-01-01 20:06:00,42.980083121932445,56.80427607621718,129.0010934237029,3.4120963746775894,0,NORMAL,No Incident,0.0,LOW
2026-01-01 20:07:00,43.37099082449052,61.033499786653685,108.20842008127744,1.5309293820561816,0,NORMAL,No Incident,0.0,LOW
2026-01-01 20:08:00,35.97394728200307,59.49380832082467,129.7368413793498,3.6629136549874426,0,NORMAL,No Incident,0.0,LOW
2026-01-01 20:09:00,67.4957674318694,54.72201086996827,153.54479185948912,1.1293572090333337,0,NORMAL,No Incident,0.0,LOW
2026-01-01 20:10:00,37.56136764608715,67.87081874884917,139.91053383348228,3.430030388921369,0,NORMAL,No Incident,0.0,LOW
2026-01-01 20:11:00,43.07094802204092,61.00709224461326,118.37088024444242,2.2010476642816945,0,NORMAL,No Incident,0.0,LOW
2026-01-01 20:12:00,42.81592734430802,56.18758861424607,133.50981694530938,3.291052232702434,0,NORMAL,No Incident,0.0,LOW
2026-01-01 20:13:00,58.949243769444415,49.56328444959622,131.55033909214424,3.901765708701544,0,NORMAL,No Incident,0.0,LOW
2026-01-01 20:14:00,47.05050321707972,52.85123989024704,130.1317534339455,0.8673927094787461,0,NORMAL,No Incident,0.0,LOW
2026-01-01 20:15:00,62.477420726737336,46.86895907518323,142.23906721720817,3.2757718207583224,0,NORMAL,No Incident,0.0,LOW
2026-01-01 20:16:00,43.26509375756132,60.09778838732136,142.08955407674932,0.5910960955745952,0,NORMAL,No Incident,0.0,LOW
2026-01-01 20:17:00,52.78994162223802,50.42667526172483,117.45682806250232,0.9528156447517716,0,NORMAL,No Incident,0.0,LOW
2026-01-01 20:18:00,41.64652946740243,57.87551589985167,132.83758122955538,1.196590540207563,0,NORMAL,No Incident,0.0,LOW
2026-01-01 20:19:00,71.45149127773388,70.96081482888297,112.33810157680412,2.5036366361778613,0,NORMAL,No Incident,0.0,LOW
2026-01-01 20:20:00,38.12401580970487,69.59439658337268,101.53855207368844,2.03301587693486,0,NORMAL,No Incident,0.0,LOW
2026-01-01 20:21:00,53.09820710227027,59.741784847179055,114.61012488592029,1.832863915837164,0,NORMAL,No Incident,0.0,LOW
2026-01-01 20:22:00,56.33776880932098,59.3033221908548,118.47443696520834,2.146235279022361,0,NORMAL,No Incident,0.0,LOW
2026-01-01 20:23:00,54.137990974514985,75.03899639536806,86.76838021644016,2.591289589293473,0,NORMAL,No Incident,0.0,LOW
2026-01-01 20:24:00,48.147123411222914,64.1660489628697,137.2066511883344,2.668248123941353,0,NORMAL,No Incident,0.0,LOW
2026-01-01 20:25:00,48.70179300266574,57.37754832098781,64.65349154795204,3.094166835615132,0,NORMAL,No Incident,0.0,LOW
2026-01-01 20:26:00,50.438114719791095,48.591855063036384,174.29633878972643,3.82003481276744,0,NORMAL,No Incident,0.0,LOW
2026-01-01 20:27:00,48.52997998371512,63.150985745317946,150.0375826759264,1.9786376275585231,0,NORMAL,No Incident,0.0,LOW
2026-01-01 20:28:00,59.63879116794909,66.6345901806629,114.77982551655371,1.4789110378690835,0,NORMAL,No Incident,0.0,LOW
2026-01-01 20:29:00,72.10523001591352,54.94678780389085,120.18852721127548,2.613536129185188,0,NORMAL,No Incident,0.0,LOW
2026-01-01 20:30:00,44.425082149921664,62.32962204110426,126.05943747174568,0.8557451837353798,0,NORMAL,No Incident,0.0,LOW
2026-01-01 20:31:00,36.301970204209226,57.09141364067977,108.21679224022115,1.3212958678883886,0,NORMAL,No Incident,0.0,LOW
2026-01-01 20:32:00,49.117179516487454,58.52774080640798,123.85238295173872,2.99938094639279,0,NORMAL,No Incident,0.0,LOW
2026-01-01 20:33:00,75.79709337654319,40.09742353950135,117.12000044596678,1.875871625182296,0,NORMAL,No Incident,0.0,LOW
2026-01-01 20:34:00,41.963254320302696,58.22574877027092,118.11454565538068,0.791807541641961,0,NORMAL,No Incident,0.0,LOW
2026-01-01 20:35:00,66.39116805444067,67.75495441926444,123.62922126961276,0.5101969346348258,0,NORMAL,No Incident,0.0,LOW
2026-01-01 20:36:00,66.77700814076441,54.94877955546753,93.72944403292011,2.048716679393807,0,NORMAL,No Incident,0.0,LOW
2026-01-01 20:37:00,44.46411758292005,60.42021094572253,120.79139448267296,3.1418965369680096,0,NORMAL,No Incident,0.0,LOW
2026-01-01 20:38:00,55.68983079185276,53.95239434646464,123.26895493234954,3.1285457775311865,0,NORMAL,No Incident,0.0,LOW
2026-01-01 20:39:00,66.28396623128538,62.88353341034218,122.57699242711828,2.110880502892837,0,NORMAL,No Incident,0.0,LOW
2026-01-01 20:40:00,46.20872259012513,58.26781441971061,115.68338489127692,4.008909419096128,0,NORMAL,No Incident,0.0,LOW
2026-01-01 20:41:00,47.964196398976384,52.486067674543946,142.75715551938742,1.8951796340595373,0,NORMAL,No Incident,0.0,LOW
2026-01-01 20:42:00,44.18319086051356,70.66041174132103,112.92694890236898,1.861432376602589,0,NORMAL,No Incident,0.0,LOW
2026-01-01 20:43:00,39.852432693071336,67.43145610825772,124.5465181364638,0.0,0,NORMAL,No Incident,0.0,LOW
2026-01-01 20:44:00,43.50722454933993,55.1607458885746,145.9459506785109,1.5526370508387843,0,NORMAL,No Incident,0.0,LOW
2026-01-01 20:45:00,37.76059733237744,63.98230647534222,118.41247719959377,2.8520150349084945,0,NORMAL,No Incident,0.0,LOW
2026-01-01 20:46:00,50.34083468259226,64.29929602256304,124.28926534935104,3.563961336859704,0,NORMAL,No Incident,0.0,LOW
2026-01-01 20:47:00,42.30026768941358,65.13840988008941,118.07230727370204,1.1697653663327154,0,NORMAL,No Incident,0.0,LOW
2026-01-01 20:48:00,52.33785911790748,46.44595283203938,144.74739587127198,2.4622523292930483,0,NORMAL,No Incident,0.0,LOW
2026-01-01 20:49:00,34.44104353796373,68.05285232826103,114.8455087682741,3.046879032323288,0,NORMAL,No Incident,0.0,LOW
2026-01-01 20:50:00,53.30880232214457,55.44240829659415,145.66709154576412,2.011208153195899,0,NORMAL,No Incident,0.0,LOW
2026-01-01 20:51:00,58.33528961608925,57.137376532469865,117.92824210705872,0.0,0,NORMAL,No Incident,0.0,LOW
2026-01-01 20:52:00,30.062643574285445,81.1030540180816,102.81080553103966,2.247289999574252,0,NORMAL,No Incident,0.0,LOW
2026-01-01 20:53:00,53.74056569847572,62.41498704576809,133.58746341148242,2.761430624060893,0,NORMAL,No Incident,0.0,LOW
2026-01-01 20:54:00,62.27668992473292,56.9094201964226,113.90664332488689,1.0525771049815411,0,NORMAL,No Incident,0.0,LOW
2026-01-01 20:55:00,37.90358981308795,42.35764501795275,132.41001798198326,1.7458454691256131,0,NORMAL,No Incident,0.0,LOW
2026-01-01 20:56:00,66.72572386837703,71.11811307157085,65.41191230152532,0.8445039578712359,0,NORMAL,No Incident,0.0,LOW
2026-01-01 20:57:00,54.190190093660455,49.23832263353118,120.10410523789892,0.0,0,NORMAL,No Incident,0.0,LOW
2026-01-01 20:58:00,42.94988144241592,51.97248877200397,110.80789402485038,3.027004411787656,0,NORMAL,No Incident,0.0,LOW
2026-01-01 20:59:00,49.44230922342294,57.3491816072972,98.73482626937444,1.9962514661981483,0,NORMAL,No Incident,0.0,LOW
2026-01-01 21:00:00,55.58326912521722,71.33129433360234,108.935179963204,3.597674996704983,0,NORMAL,No Incident,0.0,LOW
2026-01-01 21:01:00,50.760053914124114,66.18591989332607,108.52593711414696,2.857322191906177,0,NORMAL,No Incident,0.0,LOW
2026-01-01 21:02:00,55.387559924463694,58.73729992127792,119.04028410298838,1.645790238334551,0,NORMAL,No Incident,0.0,LOW
2026-01-01 21:03:00,40.79326406920634,62.46633650911057,92.65347077430089,1.9168193398955915,0,NORMAL,No Incident,0.0,LOW
2026-01-01 21:04:00,51.69360824036078,55.19691445703116,126.32547560519428,2.5661773907701724,0,NORMAL,No Incident,0.0,LOW
2026-01-01 21:05:00,35.8628550309502,61.117229516522805,147.32429570411577,2.9668834167557434,0,NORMAL,No Incident,0.0,LOW
2026-01-01 21:06:00,88.887739386513,90.58669395822508,625.6185699389565,12.322670630742012,1,CRITICAL,High API Latency / Database Performance Issue,100.0,HIGH
2026-01-01 21:07:00,40.960923585352106,67.75015916545082,136.17977218458017,3.1055931452894843,0,NORMAL,No Incident,0.0,LOW
2026-01-01 21:08:00,42.64470057410233,67.7374249795116,141.8912490922759,1.7033312633255284,0,NORMAL,No Incident,0.0,LOW
2026-01-01 21:09:00,62.36093175210438,63.95181905764516,144.72979024368354,1.0028564532143136,0,NORMAL,No Incident,0.0,LOW
2026-01-01 21:10:00,60.91310120594269,57.10121953963118,157.4027738564261,1.9351907464388696,0,NORMAL,No Incident,0.0,LOW
2026-01-01 21:11:00,56.09138120907177,65.93457835512102,110.0159600344814,2.2051848907361835,0,NORMAL,No Incident,0.0,LOW
2026-01-01 21:12:00,39.07687235327421,59.26425227037563,105.63032029677768,0.7984646052607132,0,NORMAL,No Incident,0.0,LOW
2026-01-01 21:13:00,46.83591550305198,51.344685050294935,135.6693129664947,0.6632779158533779,0,NORMAL,No Incident,0.0,LOW
2026-01-01 21:14:00,62.13097699979184,56.77369766471249,134.16532439314798,2.4473862964734274,0,NORMAL,No Incident,0.0,LOW
2026-01-01 21:15:00,51.417169136399046,60.6762158702746,135.51350599231378,1.5936431486295763,0,NORMAL,No Incident,0.0,LOW
2026-01-01 21:16:00,73.19329539981695,67.28172626931796,157.78564908500505,1.834159094337998,0,NORMAL,No Incident,0.0,LOW
2026-01-01 21:17:00,53.93317839394372,58.53177462274277,120.22739817596988,1.6403073342991763,0,NORMAL,No Incident,0.0,LOW
2026-01-01 21:18:00,51.92049116490031,50.32641031008315,128.5231311929237,3.520600901763212,0,NORMAL,No Incident,0.0,LOW
2026-01-01 21:19:00,46.908835357974986,60.45393346637456,100.3922349703305,3.2617611603950003,0,NORMAL,No Incident,0.0,LOW
2026-01-01 21:20:00,51.33540904782282,60.90764832045242,162.70642247951915,0.7626463099608318,0,NORMAL,No Incident,0.0,LOW
2026-01-01 21:21:00,48.47530163619456,61.486701031222026,113.2691015758178,1.467206786919553,0,NORMAL,No Incident,0.0,LOW
2026-01-01 21:22:00,57.0810867668859,67.35897212763544,113.8356814367834,2.850004267969593,0,NORMAL,No Incident,0.0,LOW
2026-01-01 21:23:00,59.56702316794584,68.15138592071919,113.06500217983516,2.601936237103242,0,NORMAL,No Incident,0.0,LOW
2026-01-01 21:24:00,42.1401053949205,55.246313020946666,107.10208282711324,1.9585420376702145,0,NORMAL,No Incident,0.0,LOW
2026-01-01 21:25:00,36.68767046442222,55.07085233560845,105.411259023047,0.8623997950357647,0,NORMAL,No Incident,0.0,LOW
2026-01-01 21:26:00,31.637946268967035,51.67841031235621,109.52591434220948,1.3174599538464542,0,NORMAL,No Incident,0.0,LOW
2026-01-01 21:27:00,55.07991326912544,65.59052536224381,92.68408143898112,1.4832324324537105,0,NORMAL,No Incident,0.0,LOW
2026-01-01 21:28:00,38.96633393826127,71.59056086670172,104.29364159473523,2.2769943311191008,0,NORMAL,No Incident,0.0,LOW
2026-01-01 21:29:00,28.47109407047517,57.47934457672861,158.9792622289524,3.703727154697238,0,NORMAL,No Incident,0.0,LOW
2026-01-01 21:30:00,53.88578604530965,58.06855548220005,134.71310287282736,1.313119765211872,0,NORMAL,No Incident,0.0,LOW
2026-01-01 21:31:00,74.9299951743279,71.73426045519182,138.51808353455436,0.97396475244476,0,NORMAL,No Incident,4.5,LOW
2026-01-01 21:32:00,49.93929088460106,64.04446282572006,143.5441757483383,1.8914135231720568,0,NORMAL,No Incident,0.0,LOW
2026-01-01 21:33:00,58.38490774451642,63.48988563840844,156.68269128724782,3.031738980514059,0,NORMAL,No Incident,0.0,LOW
2026-01-01 21:34:00,50.81829358547565,50.47266795221019,84.57154897112312,0.5531170332392967,0,NORMAL,No Incident,0.0,LOW
2026-01-01 21:35:00,49.01110346808857,65.42982455423535,95.4023376942692,3.453634150874948,0,NORMAL,No Incident,0.0,LOW
2026-01-01 21:36:00,59.190764829877686,52.56690927592194,103.92552678210627,1.8279686378843305,0,NORMAL,No Incident,0.0,LOW
2026-01-01 21:37:00,47.09725455811349,50.92783851252034,110.60540407020804,1.2656799976866262,0,NORMAL,No Incident,0.0,LOW
2026-01-01 21:38:00,52.67392314071903,57.2258273858663,113.98861218829502,0.3998107132378405,0,NORMAL,No Incident,0.0,LOW
2026-01-01 21:39:00,53.21697806196013,55.31365821241048,111.06044894387918,2.706520773420628,0,NORMAL,No Incident,0.0,LOW
2026-01-01 21:40:00,43.31909546356951,58.22720244491968,124.38617826264108,1.828828804758465,0,NORMAL,No Incident,0.0,LOW
2026-01-01 21:41:00,59.92042349536523,48.47214692380065,120.70590781490432,2.170705482754507,0,NORMAL,No Incident,0.0,LOW
2026-01-01 21:42:00,48.25040243304591,67.67053045174139,105.543304096435,1.099188258988636,0,NORMAL,No Incident,0.0,LOW
2026-01-01 21:43:00,42.44254840507156,69.02149035613144,76.4890244602486,1.6809039657489762,0,NORMAL,No Incident,0.0,LOW
2026-01-01 21:44:00,55.365098435704034,44.42126020687349,100.14262589242604,1.513418753645262,0,NORMAL,No Incident,0.0,LOW
2026-01-01 21:45:00,41.01532018208962,67.82766244533241,109.0152269337485,1.8994068946217924,0,NORMAL,No Incident,0.0,LOW
2026-01-01 21:46:00,50.281811573691286,53.51577096142699,115.0584112638456,1.3304476736241897,0,NORMAL,No Incident,0.0,LOW
2026-01-01 21:47:00,49.90881003355796,66.85580429586228,97.40665081378928,0.4658190393127785,0,NORMAL,No Incident,0.0,LOW
2026-01-01 21:48:00,60.85895565831578,59.45242805866867,110.1838706700716,4.728499745296607,0,NORMAL,No Incident,0.0,LOW
2026-01-01 21:49:00,54.746982328799525,60.23020451264799,97.38025223028828,0.6365957526624859,0,NORMAL,No Incident,0.0,LOW
2026-01-01 21:50:00,49.74973041254856,58.51921880463025,117.48361296903336,2.181459006942539,0,NORMAL,No Incident,0.0,LOW
2026-01-01 21:51:00,58.17766299200287,69.69703363386789,98.5381734327477,0.2279721715759577,0,NORMAL,No Incident,0.0,LOW
2026-01-01 21:52:00,63.90207549017313,50.08329589979977,103.0219068725907,0.002952563382025,0,NORMAL,No Incident,0.0,LOW
2026-01-01 21:53:00,55.57810306351863,64.86272270988007,93.82631738021722,2.097826491852268,0,NORMAL,No Incident,0.0,LOW
2026-01-01 21:54:00,50.103526198433805,68.8106413191164,116.92998608860432,2.174367587768303,0,NORMAL,No Incident,0.0,LOW
2026-01-01 21:55:00,36.8816376764984,65.73072064432328,102.67104460095204,3.261498990802384,0,NORMAL,No Incident,0.0,LOW
2026-01-01 21:56:00,39.348863369246274,78.59759131458733,138.13568533350858,2.399546841015706,0,NORMAL,No Incident,0.0,LOW
2026-01-01 21:57:00,46.94775295645332,55.76842589820241,128.11700533385795,1.850189281254209,0,NORMAL,No Incident,0.0,LOW
2026-01-01 21:58:00,43.90487797840717,67.65843858074825,118.60296263632712,1.0503997559349958,0,NORMAL,No Incident,0.0,LOW
2026-01-01 21:59:00,48.13028697014554,59.15127491726864,104.05029005312424,3.4990120682335486,0,NORMAL,No Incident,0.0,LOW
2026-01-01 22:00:00,50.56649924897107,69.86724861082135,127.61040610632604,2.928851246050224,0,NORMAL,No Incident,0.0,LOW
2026-01-01 22:01:00,55.29692754356731,59.938488034229046,133.81401778697273,0.7536705222515754,0,NORMAL,No Incident,0.0,LOW
2026-01-01 22:02:00,49.29501221940909,56.89699374510025,122.8537682440326,2.037963728210636,0,NORMAL,No Incident,0.0,LOW
2026-01-01 22:03:00,54.86501643826202,70.44857763097303,152.0740371093386,2.144052231526497,0,NORMAL,No Incident,0.0,LOW
2026-01-01 22:04:00,50.6447441481012,56.06750448784856,129.19274636149632,1.6543463433943308,0,NORMAL,No Incident,0.0,LOW
2026-01-01 22:05:00,30.245334336461287,48.69819392879555,138.27214435136068,2.771850485806795,0,NORMAL,No Incident,0.0,LOW
2026-01-01 22:06:00,40.606646061812455,55.86522493460937,122.67130831071955,2.831733138348177,0,NORMAL,No Incident,0.0,LOW
2026-01-01 22:07:00,48.55912444278385,64.95226357270826,133.51328906513953,1.809514302194894,0,NORMAL,No Incident,0.0,LOW
2026-01-01 22:08:00,37.90305257158892,71.13631001269673,104.06437534661649,1.7191307542023415,0,NORMAL,No Incident,0.0,LOW
2026-01-01 22:09:00,55.99928729996205,60.8890350023721,110.83203273574412,3.498958462667532,0,NORMAL,No Incident,0.0,LOW
2026-01-01 22:10:00,65.30750832343698,70.54557653787221,126.9872710696476,2.9328388923622373,0,NORMAL,No Incident,0.0,LOW
2026-01-01 22:11:00,62.18761851697317,49.13460062817925,126.84198963114764,2.0723603899083844,0,NORMAL,No Incident,0.0,LOW
2026-01-01 22:12:00,47.86557129069792,56.45389228145677,130.15223645886496,0.3707909609199464,0,NORMAL,No Incident,0.0,LOW
2026-01-01 22:13:00,64.90726136849952,57.69139906276719,142.0078578455746,2.344000106305036,0,NORMAL,No Incident,0.0,LOW
2026-01-01 22:14:00,91.48667457202112,89.08352458021984,591.5005765636918,12.69808346491767,1,CRITICAL,High CPU Usage / Compute Resource Overload,100.0,HIGH
2026-01-01 22:15:00,46.629140288819606,60.67275510600157,100.51094904779409,0.0,0,NORMAL,No Incident,0.0,LOW
2026-01-01 22:16:00,43.8659733645906,65.52728765913754,124.59145282148506,2.251869448318025,0,NORMAL,No Incident,0.0,LOW
2026-01-01 22:17:00,46.97530313511872,56.44154529463608,105.5127273639308,1.5833080132042645,0,NORMAL,No Incident,0.0,LOW
2026-01-01 22:18:00,46.11823181458772,61.112229495625,187.55536482578725,1.7791457198704483,0,NORMAL,No Incident,0.0,LOW
2026-01-01 22:19:00,51.70416222375488,59.63901687740759,130.31439238340272,1.0926190472366797,0,NORMAL,No Incident,0.0,LOW
2026-01-01 22:20:00,51.60573981049865,52.5928807688708,118.43338302139684,1.851810709596358,0,NORMAL,No Incident,0.0,LOW
2026-01-01 22:21:00,50.03046020153415,59.090666487348514,109.69061453832282,3.391991576181331,0,NORMAL,No Incident,0.0,LOW
2026-01-01 22:22:00,54.369381697463496,58.85072376082306,110.39675433613913,1.5536015011844844,0,NORMAL,No Incident,0.0,LOW
2026-01-01 22:23:00,61.906462747863415,58.679355479975634,120.60281322630355,2.965573558793184,0,NORMAL,No Incident,0.0,LOW
2026-01-01 22:24:00,59.495541354413234,60.25407565265161,122.23963865242516,1.19366878112039,0,NORMAL,No Incident,0.0,LOW
2026-01-01 22:25:00,35.151020315500965,60.60538832490709,110.86601710612976,2.7587561926560387,0,NORMAL,No Incident,0.0,LOW
2026-01-01 22:26:00,24.46078865098045,56.54163856714136,114.53695506960196,2.001655855621951,0,NORMAL,No Incident,0.0,LOW
2026-01-01 22:27:00,59.34319911239274,70.18171787177012,146.88569150469192,2.3520248287892804,0,NORMAL,No Incident,0.0,LOW
2026-01-01 22:28:00,36.33121301584579,50.644154966375865,147.6900992530207,2.0071532560974874,0,NORMAL,No Incident,0.0,LOW
2026-01-01 22:29:00,47.75234598107316,54.23223913224083,125.04067959869754,2.6416252324412084,0,NORMAL,No Incident,0.0,LOW
2026-01-01 22:30:00,38.298869739406406,82.23970899378844,93.17480545526524,0.0,0,NORMAL,No Incident,0.0,LOW
2026-01-01 22:31:00,31.9801956241998,51.69606916008616,130.77006313278088,0.5801746865424304,0,NORMAL,No Incident,0.0,LOW
2026-01-01 22:32:00,55.41462728204788,49.16996260232193,151.08564883222053,2.4170804980086444,0,NORMAL,No Incident,0.0,LOW
2026-01-01 22:33:00,57.59155160302647,65.87581396000974,147.39562203924757,0.0,0,NORMAL,No Incident,0.0,LOW
2026-01-01 22:34:00,44.2348959927328,43.383041169809005,134.68851705619335,1.4694196443527907,0,NORMAL,No Incident,0.0,LOW
2026-01-01 22:35:00,24.089577078550903,58.11780872022049,148.44845910571644,1.9456591589633505,0,NORMAL,No Incident,0.0,LOW
2026-01-01 22:36:00,44.53755551747517,77.16659940061191,121.06768544958044,1.1718598623871033,0,NORMAL,No Incident,0.0,LOW
2026-01-01 22:37:00,53.91804005402547,47.6405126227728,132.5620593966741,1.3084385973062265,0,NORMAL,No Incident,0.0,LOW
2026-01-01 22:38:00,35.21088431225871,44.1442841140903,106.3844886734964,2.2715822001535924,0,NORMAL,No Incident,0.0,LOW
2026-01-01 22:39:00,51.83359919779156,48.00655038433841,125.84530912311423,3.009294955779809,0,NORMAL,No Incident,0.0,LOW
2026-01-01 22:40:00,49.84690150827005,67.18687654677589,146.5906848794105,1.0415506187451924,0,NORMAL,No Incident,0.0,LOW
2026-01-01 22:41:00,55.792914996010886,68.9982137598865,108.21153177026218,1.4249418038126298,0,NORMAL,No Incident,0.0,LOW
2026-01-01 22:42:00,51.19580368414153,55.89928962417193,102.77113141071428,1.268739026672955,0,NORMAL,No Incident,0.0,LOW
2026-01-01 22:43:00,40.26931059118444,65.46569923200855,121.94977878047392,0.0,0,NORMAL,No Incident,0.0,LOW
2026-01-01 22:44:00,100.0,100.0,615.46675592552,12.141711790317508,1,CRITICAL,High API Latency / Database Performance Issue,100.0,HIGH
2026-01-01 22:45:00,48.4147042697303,74.2987713154386,132.9829544214084,2.9347177458284923,0,NORMAL,No Incident,0.0,LOW
2026-01-01 22:46:00,49.72695460490068,58.02931775056121,110.93480948105916,3.016643207315882,0,NORMAL,No Incident,0.0,LOW
2026-01-01 22:47:00,40.66732040926805,41.588226258640105,154.36879231205427,1.1292336235592613,0,NORMAL,No Incident,0.0,LOW
2026-01-01 22:48:00,45.567177488084894,53.432968620722505,94.20647804077888,0.7483019514798575,0,NORMAL,No Incident,0.0,LOW
2026-01-01 22:49:00,41.15197285973099,56.58556644051794,145.0746957243947,2.0216055475916845,0,NORMAL,No Incident,0.0,LOW
2026-01-01 22:50:00,48.27053940076577,57.92848962737288,104.70301543383792,2.8292736865664674,0,NORMAL,No Incident,0.0,LOW
2026-01-01 22:51:00,67.11708480142343,58.49712479193025,84.08034530831954,2.154850448310384,0,NORMAL,No Incident,0.0,LOW
2026-01-01 22:52:00,36.28098857068643,68.95115678344536,124.75750312697735,2.289304635873761,0,NORMAL,No Incident,0.0,LOW
2026-01-01 22:53:00,33.86438602123259,70.19542741350065,114.90784027972234,3.1418309277362333,0,NORMAL,No Incident,0.0,LOW
2026-01-01 22:54:00,64.71170327493608,58.626610768601736,97.8078126419394,1.260863440769297,0,NORMAL,No Incident,0.0,LOW
2026-01-01 22:55:00,47.90676322848134,68.78787900841455,86.37246216569471,1.78002991332697,0,NORMAL,No Incident,0.0,LOW
2026-01-01 22:56:00,43.30927261340084,62.86129093304872,119.83278425457088,3.6346055117612015,0,NORMAL,No Incident,0.0,LOW
2026-01-01 22:57:00,60.39904687396076,60.51604778290057,139.51673783247637,1.803188876902373,0,NORMAL,No Incident,0.0,LOW
2026-01-01 22:58:00,43.94384460263136,67.25235325687972,131.69906986172887,0.7326630340334288,0,NORMAL,No Incident,0.0,LOW
2026-01-01 22:59:00,100.0,90.57801638590333,621.1341329767853,11.330643903749705,1,CRITICAL,High API Latency / Database Performance Issue,100.0,HIGH
2026-01-01 23:00:00,56.77925871339269,76.46248941678209,129.5769514643547,1.0618201487787575,0,NORMAL,No Incident,0.0,LOW
2026-01-01 23:01:00,45.120885918542974,48.49271066564353,119.45571735244286,2.357162585701271,0,NORMAL,No Incident,0.0,LOW
2026-01-01 23:02:00,71.57308213265503,55.878632807263855,91.40551513939258,1.1040529964112211,0,NORMAL,No Incident,0.0,LOW
2026-01-01 23:03:00,43.94285076996662,58.9878488243684,91.58212029553113,2.2710342528612446,0,NORMAL,No Incident,0.0,LOW
2026-01-01 23:04:00,57.42095372009307,63.51562152366392,115.93662942030642,1.2639347814593502,0,NORMAL,No Incident,0.0,LOW
2026-01-01 23:05:00,52.99292580406492,70.14368389682471,116.78693427267852,0.0,0,NORMAL,No Incident,0.0,LOW
2026-01-01 23:06:00,63.01741289398798,59.80481146211075,137.0196535701353,2.3066197869819223,0,NORMAL,No Incident,0.0,LOW
2026-01-01 23:07:00,65.61511196726853,48.622162803950346,135.14608447549494,2.1484636815468887,0,NORMAL,No Incident,0.0,LOW
2026-01-01 23:08:00,50.32004149065767,66.74011117164004,132.10266031517898,2.5177578157088405,0,NORMAL,No Incident,0.0,LOW
2026-01-01 23:09:00,42.46582129653817,66.03967012913571,114.39434573845638,1.3270127808347434,0,NORMAL,No Incident,0.0,LOW
2026-01-01 23:10:00,54.59972142939117,44.46513072496475,92.3869565977972,1.2204555246406237,0,NORMAL,No Incident,0.0,LOW
2026-01-01 23:11:00,43.22284630247894,59.9695669306336,128.2414227413205,2.401466858481545,0,NORMAL,No Incident,0.0,LOW
2026-01-01 23:12:00,70.13387247526623,47.27886535455762,130.50338626524336,3.519019572530981,0,NORMAL,No Incident,0.0,LOW
2026-01-01 23:13:00,51.36535331082737,54.6827912199835,72.22937075044628,2.011168009506328,0,NORMAL,No Incident,0.0,LOW
2026-01-01 23:14:00,46.34678448687891,52.7775285842976,103.31323626834674,2.424585096047145,0,NORMAL,No Incident,0.0,LOW
2026-01-01 23:15:00,51.84680305864909,66.47411758593589,106.17891245212208,1.6784123155742927,0,NORMAL,No Incident,0.0,LOW
2026-01-01 23:16:00,36.52873710470303,60.93464139337747,122.36700402246872,0.4563694781263152,0,NORMAL,No Incident,0.0,LOW
2026-01-01 23:17:00,40.28385961489349,49.71527199395178,103.93279134468612,2.967429419154058,0,NORMAL,No Incident,0.0,LOW
2026-01-01 23:18:00,62.00413907944426,67.04052770365874,119.2373086235072,2.908414239086162,0,NORMAL,No Incident,0.0,LOW
2026-01-01 23:19:00,43.43105721028604,48.52955340857268,115.78930119294016,2.710774025175194,0,NORMAL,No Incident,0.0,LOW
2026-01-01 23:20:00,39.5308901731806,62.64091032376755,116.81701056924544,1.8180545616575807,0,NORMAL,No Incident,0.0,LOW
2026-01-01 23:21:00,55.36652752527286,53.48791464566755,105.67211412598508,2.597056099738541,0,NORMAL,No Incident,0.0,LOW
2026-01-01 23:22:00,61.85704154662997,57.07458333975584,107.22029891866644,2.893761797387831,0,NORMAL,No Incident,0.0,LOW
2026-01-01 23:23:00,57.18953310665067,64.03416598430707,98.39465880438615,3.6201586849567073,0,NORMAL,No Incident,0.0,LOW
2026-01-01 23:24:00,59.960476858058165,64.17159519247623,127.60134881147664,2.988526104647442,0,NORMAL,No Incident,0.0,LOW
2026-01-01 23:25:00,42.43204911430539,70.69575258844768,131.42205257182735,2.0638212250336387,0,NORMAL,No Incident,0.0,LOW
2026-01-01 23:26:00,35.78189333258156,59.34197040262838,104.58764099749322,0.6917467445756285,0,NORMAL,No Incident,0.0,LOW
2026-01-01 23:27:00,100.0,92.45160690370672,650.4128019203408,12.15565829767174,1,CRITICAL,High API Latency / Database Performance Issue,100.0,HIGH
2026-01-01 23:28:00,46.77320161157864,56.4981014207654,113.70797105115902,2.256577395849308,0,NORMAL,No Incident,0.0,LOW
2026-01-01 23:29:00,47.49166983544953,61.45591906098238,150.60371247593122,2.709029775318304,0,NORMAL,No Incident,0.0,LOW
2026-01-01 23:30:00,63.281941418490575,63.51588838406809,107.15745652336793,3.3538918593234257,0,NORMAL,No Incident,0.0,LOW
2026-01-01 23:31:00,55.5623000940066,59.21352122036499,79.46844446801128,1.9048494879432207,0,NORMAL,No Incident,0.0,LOW
2026-01-01 23:32:00,54.55887772081608,45.569996127260026,128.043956498247,4.100987189813111,0,NORMAL,No Incident,0.0,LOW
2026-01-01 23:33:00,71.65002344901083,62.65176717064716,124.97090210237974,0.2407129799594227,0,NORMAL,No Incident,0.0,LOW
2026-01-01 23:34:00,43.564817696198574,62.91649181884365,120.68787590615166,2.4193418724616254,0,NORMAL,No Incident,0.0,LOW
2026-01-01 23:35:00,59.278401280812375,54.55861218921639,107.1553504311202,1.2014796078159715,0,NORMAL,No Incident,0.0,LOW
2026-01-01 23:36:00,50.570131248970846,49.72490371141989,119.30855549028362,0.0927780003111971,0,NORMAL,No Incident,0.0,LOW
2026-01-01 23:37:00,52.68592278863257,71.80703320403173,109.77481084260944,1.7982256237008414,0,NORMAL,No Incident,0.0,LOW
2026-01-01 23:38:00,65.28468426412532,63.931564087155216,113.953008673365,0.5428273015790435,0,NORMAL,No Incident,0.0,LOW
2026-01-01 23:39:00,55.07835756289624,58.16735175262632,136.8326451153015,1.8385721019671832,0,NORMAL,No Incident,0.0,LOW
2026-01-01 23:40:00,55.38296079049633,50.9037369348201,123.68434459060188,2.034769248094457,0,NORMAL,No Incident,0.0,LOW
2026-01-01 23:41:00,60.72507337309802,53.42548137262924,132.19902774663956,3.1185414093359496,0,NORMAL,No Incident,0.0,LOW
2026-01-01 23:42:00,46.350472704571146,70.42072317428985,115.3626298674842,0.4924148652360625,0,NORMAL,No Incident,0.0,LOW
2026-01-01 23:43:00,41.607903326609936,61.10129552694437,113.1596530839045,2.9084451656457726,0,NORMAL,No Incident,0.0,LOW
2026-01-01 23:44:00,39.55190805978967,55.59530346399435,96.93034938222712,2.098080450279794,0,NORMAL,No Incident,0.0,LOW
2026-01-01 23:45:00,30.33643410623998,64.07751384979724,112.59926774863608,3.0288491536095945,0,NORMAL,No Incident,0.0,LOW
2026-01-01 23:46:00,70.56207129940321,53.48481450042941,53.57770888821722,1.5682488249688722,0,NORMAL,No Incident,0.0,LOW
2026-01-01 23:47:00,38.96791634278317,72.00674424224303,108.1955606738873,0.6677554132365546,0,NORMAL,No Incident,0.0,LOW
2026-01-01 23:48:00,47.78746376414228,70.8224042791738,118.36251645618322,0.7825006737841338,0,NORMAL,No Incident,0.0,LOW
2026-01-01 23:49:00,47.23186700111079,56.26740743037779,131.2734730854031,0.708192546332884,0,NORMAL,No Incident,0.0,LOW
2026-01-01 23:50:00,53.07406697809101,54.97063802375312,114.62644244950089,2.477814152920655,0,NORMAL,No Incident,0.0,LOW
2026-01-01 23:51:00,58.15737212539297,39.05493441046176,126.95347084489998,3.4769220222146995,0,NORMAL,No Incident,0.0,LOW
2026-01-01 23:52:00,58.60473488359745,48.14735382758906,76.40422677219509,1.4350484733447797,0,NORMAL,No Incident,0.0,LOW
2026-01-01 23:53:00,44.16922561431062,49.28424180033795,118.863262955861,2.629135298257784,0,NORMAL,No Incident,0.0,LOW
2026-01-01 23:54:00,48.32878286213589,61.081522727899085,86.40994414173193,0.4765579418643801,0,NORMAL,No Incident,0.0,LOW
2026-01-01 23:55:00,92.825799504883,87.39013036446912,595.8339296868133,12.1803212491773,1,CRITICAL,High CPU Usage / Compute Resource Overload,100.0,HIGH
2026-01-01 23:56:00,47.51308873816453,49.23731610067807,116.25668904272278,2.6685626163371268,0,NORMAL,No Incident,0.0,LOW
2026-01-01 23:57:00,66.07345576019992,57.75068766028354,145.52527975747108,0.5518752247231316,0,NORMAL,No Incident,0.0,LOW
2026-01-01 23:58:00,54.90974951638251,64.0426971811788,127.42413526940118,1.7961165310201457,0,NORMAL,No Incident,0.0,LOW
2026-01-01 23:59:00,57.348777860498174,64.22271479932469,120.36461994274234,2.715917140485565,0,NORMAL,No Incident,0.0,LOW
2026-01-02 00:00:00,56.62881268667413,44.80263775312895,119.60939221065796,0.0,0,NORMAL,No Incident,0.0,LOW
2026-01-02 00:01:00,61.73473857485325,58.97389215612935,105.72742213591066,3.3354530617017426,0,NORMAL,No Incident,0.0,LOW
2026-01-02 00:02:00,51.81021558703707,48.93327378422712,109.12033173254632,2.353679375891048,0,NORMAL,No Incident,0.0,LOW
2026-01-02 00:03:00,37.03168052044153,67.2138295771222,128.54752090941594,2.7167276477173425,0,NORMAL,No Incident,0.0,LOW
2026-01-02 00:04:00,53.996879517526416,66.27317133082799,92.29278963111013,1.5872807208052355,0,NORMAL,No Incident,0.0,LOW
2026-01-02 00:05:00,43.48643106208171,52.81578218940433,131.86108100566042,0.2772775184346445,0,NORMAL,No Incident,0.0,LOW
2026-01-02 00:06:00,44.713833182502434,53.8716383807968,112.22985865762294,2.5340629563169514,0,NORMAL,No Incident,0.0,LOW
2026-01-02 00:07:00,55.863640187550935,56.30986359601354,136.5111414973913,1.917409674583488,0,NORMAL,No Incident,0.0,LOW
2026-01-02 00:08:00,62.38283071433636,41.97765284214928,139.22186914464166,2.0321154554323204,0,NORMAL,No Incident,0.0,LOW
2026-01-02 00:09:00,50.21271576736061,62.687745387524615,86.5383197498852,3.0876069851989536,0,NORMAL,No Incident,0.0,LOW
2026-01-02 00:10:00,53.08833012598964,57.81724362927896,108.36838473545563,2.7620638738625978,0,NORMAL,No Incident,0.0,LOW
2026-01-02 00:11:00,67.02214944635239,67.76140066054288,102.88944624118751,3.9212374170896127,0,NORMAL,No Incident,0.0,LOW
2026-01-02 00:12:00,52.407531794885685,51.212726256299575,83.74544069853714,2.1538542288734988,0,NORMAL,No Incident,0.0,LOW
2026-01-02 00:13:00,76.01683114180395,55.04701641400055,99.3493344758118,1.3087875622088827,0,NORMAL,No Incident,0.0,LOW
2026-01-02 00:14:00,55.65509645631544,47.94779793568708,168.8251169053068,1.8115831530912736,0,NORMAL,No Incident,0.0,LOW
2026-01-02 00:15:00,32.39237240844182,51.965675492045975,132.1901979242488,2.415663372538606,0,NORMAL,No Incident,0.0,LOW
2026-01-02 00:16:00,57.53341621104533,50.54414403145425,158.34575937211508,3.0158565189929774,0,NORMAL,No Incident,0.0,LOW
2026-01-02 00:17:00,53.81158384882778,67.96778943077156,136.58196880036672,0.5329660485612813,0,NORMAL,No Incident,0.0,LOW
2026-01-02 00:18:00,62.897527540827454,54.41390520998886,105.1631367798305,2.008537615179169,0,NORMAL,No Incident,0.0,LOW
2026-01-02 00:19:00,56.73181351269958,60.993405477956905,112.36457606651912,3.609541657038369,0,NORMAL,No Incident,0.0,LOW
2026-01-02 00:20:00,88.61544016016227,86.95389276910556,631.7687236048062,11.75979112899748,1,CRITICAL,High API Latency / Database Performance Issue,100.0,HIGH
2026-01-02 00:21:00,37.75701763710634,49.844277871897496,128.75012406946072,2.931011854869104,0,NORMAL,No Incident,0.0,LOW
2026-01-02 00:22:00,47.90976742713975,58.653596614626856,108.45315968583331,2.493117527216005,0,NORMAL,No Incident,0.0,LOW
2026-01-02 00:23:00,41.494795457907,64.79282665490875,89.80013658841585,2.95586060652498,0,NORMAL,No Incident,0.0,LOW
2026-01-02 00:24:00,44.19476550195277,50.33792485965319,185.7552237477748,1.1902394584000675,0,NORMAL,No Incident,0.0,LOW
2026-01-02 00:25:00,55.8857840442061,66.47290232585102,117.17700655314388,1.1945983299344194,0,NORMAL,No Incident,0.0,LOW
2026-01-02 00:26:00,66.69904504351406,53.20223262817843,113.4852221363476,2.020271892122288,0,NORMAL,No Incident,0.0,LOW
2026-01-02 00:27:00,53.94671529822981,56.13612859141728,122.26668927810604,0.4677782127596885,0,NORMAL,No Incident,0.0,LOW
2026-01-02 00:28:00,38.04116937964815,64.24546498408039,115.14542821377944,1.7302593933883423,0,NORMAL,No Incident,0.0,LOW
2026-01-02 00:29:00,54.446026682201406,54.692510742244096,122.45457815410968,2.252876657515667,0,NORMAL,No Incident,0.0,LOW
2026-01-02 00:30:00,61.966314866456514,60.300598874686926,145.7389457223284,3.784635606949773,0,NORMAL,No Incident,0.0,LOW
2026-01-02 00:31:00,43.90217095680618,57.48247336969526,117.50903040627152,2.4027181892698217,0,NORMAL,No Incident,0.0,LOW
2026-01-02 00:32:00,48.65982833327082,61.03494405363055,96.74579121344478,2.625228470873102,0,NORMAL,No Incident,0.0,LOW
2026-01-02 00:33:00,50.14688194729197,40.95408715581202,116.7671241104278,3.1644758470500056,0,NORMAL,No Incident,0.0,LOW
2026-01-02 00:34:00,42.1510168691776,45.362545478335335,110.71196437180178,1.0353424111049434,0,NORMAL,No Incident,0.0,LOW
2026-01-02 00:35:00,56.48280433843859,64.92773604837471,148.47797874493702,1.8349173376290144,0,NORMAL,No Incident,0.0,LOW
2026-01-02 00:36:00,48.79051851392219,68.2974512451924,143.4223812947514,4.425412591803893,0,NORMAL,No Incident,0.0,LOW
2026-01-02 00:37:00,54.19532443907028,52.71610637174783,122.15050000861598,1.9208777776154915,0,NORMAL,No Incident,0.0,LOW
2026-01-02 00:38:00,41.125078221979,58.04777318263093,94.42528290361489,3.116430748782207,0,NORMAL,No Incident,0.0,LOW
2026-01-02 00:39:00,45.62541699676589,62.35775402321841,95.48215473120108,2.963737877173107,0,NORMAL,No Incident,0.0,LOW
2026-01-02 00:40:00,57.22381357827771,65.54574081326963,120.30246523169107,0.5218862856123108,0,NORMAL,No Incident,0.0,LOW
2026-01-02 00:41:00,46.27166847908233,43.778581826633214,126.72645938642562,2.3104792770059333,0,NORMAL,No Incident,0.0,LOW
2026-01-02 00:42:00,67.26963851233405,52.911678024172986,112.5075436134789,2.146747472205225,0,NORMAL,No Incident,0.0,LOW
2026-01-02 00:43:00,46.003638143853976,57.339364961201,110.39660831585532,2.329958787840434,0,NORMAL,No Incident,0.0,LOW
2026-01-02 00:44:00,52.24684725751886,65.6251215778884,108.14401533642706,1.24588752020894,0,NORMAL,No Incident,0.0,LOW
2026-01-02 00:45:00,59.325908318730896,79.98744386977197,119.53212079512107,0.8830804880878409,0,NORMAL,No Incident,0.0,LOW
2026-01-02 00:46:00,35.816342670669684,58.17595418552226,72.34475295853869,1.5239899999791486,0,NORMAL,No Incident,0.0,LOW
2026-01-02 00:47:00,32.39191188019224,48.74418030316809,97.9734674246058,1.902205002915797,0,NORMAL,No Incident,0.0,LOW
2026-01-02 00:48:00,34.74343685429905,63.21814461761039,107.458983091053,3.184984447600316,0,NORMAL,No Incident,0.0,LOW
2026-01-02 00:49:00,62.62584103427182,70.56796631632568,144.1500638990384,3.817310819725607,0,NORMAL,No Incident,0.0,LOW
2026-01-02 00:50:00,44.481418541075534,60.86411296783601,103.7237271614214,3.3965978462231776,0,NORMAL,No Incident,0.0,LOW
2026-01-02 00:51:00,75.58199285668252,52.74681163876566,123.60936283662411,2.860185210781844,0,NORMAL,No Incident,0.0,LOW
2026-01-02 00:52:00,44.35752401342612,67.66395153184015,124.53085501861992,0.9956597377004102,0,NORMAL,No Incident,0.0,LOW
2026-01-02 00:53:00,51.84551303197037,65.30836494798749,145.95833011321525,1.5911038250105043,0,NORMAL,No Incident,0.0,LOW
2026-01-02 00:54:00,65.42109952567876,51.79135324643501,145.251548139283,2.2099260524129978,0,NORMAL,No Incident,0.0,LOW
2026-01-02 00:55:00,70.06092888159122,63.051404940274736,118.84994062410168,1.3675609619238251,0,NORMAL,No Incident,0.0,LOW
2026-01-02 00:56:00,70.61503576636397,67.97812454127099,110.49030517621114,2.577205652527951,0,NORMAL,No Incident,0.0,LOW
2026-01-02 00:57:00,62.08366230593143,69.45512034047115,106.7233379434862,2.7204861082542875,0,NORMAL,No Incident,0.0,LOW
2026-01-02 00:58:00,60.24062525811463,59.468408197524354,115.17873555068438,2.5362900625654685,0,NORMAL,No Incident,0.0,LOW
2026-01-02 00:59:00,95.92526949201184,87.13536443056545,611.319332913528,13.025134604557582,1,CRITICAL,High API Latency / Database Performance Issue,100.0,HIGH
2026-01-02 01:00:00,57.78361076166638,69.8181905766501,131.07254818716464,1.0954087862869262,0,NORMAL,No Incident,0.0,LOW
2026-01-02 01:01:00,44.488142836714665,50.31871597615292,128.4061963497041,2.9328287040921976,0,NORMAL,No Incident,0.0,LOW
2026-01-02 01:02:00,41.81801116577693,63.50863432736804,131.8360238229003,1.3043545498798037,0,NORMAL,No Incident,0.0,LOW
2026-01-02 01:03:00,49.96625542589048,49.03978698108457,145.18567422872337,1.0590640473571145,0,NORMAL,No Incident,0.0,LOW
2026-01-02 01:04:00,48.29815377475072,68.52301017807682,157.25738242800355,2.532116134186382,0,NORMAL,No Incident,0.0,LOW
2026-01-02 01:05:00,45.46771950672725,57.93563587511071,122.49326786815114,3.215873562198981,0,NORMAL,No Incident,0.0,LOW
2026-01-02 01:06:00,56.96387447456716,70.14866588517975,141.98927542791307,2.4880134863760097,0,NORMAL,No Incident,0.0,LOW
2026-01-02 01:07:00,59.553052085705104,63.93130205084422,112.96679632331568,2.0208040237725444,0,NORMAL,No Incident,0.0,LOW
2026-01-02 01:08:00,50.88406886291848,50.21423815950456,143.7001396716603,2.310153826101507,0,NORMAL,No Incident,0.0,LOW
2026-01-02 01:09:00,64.77530081055262,71.39702185661795,141.23018314351688,2.13642691806728,0,NORMAL,No Incident,0.0,LOW
2026-01-02 01:10:00,38.58310885866495,72.40996213142184,140.16831939885984,0.8740491038646059,0,NORMAL,No Incident,0.0,LOW
2026-01-02 01:11:00,48.06340540720282,67.05829194079372,121.88139682383049,0.7573798550550848,0,NORMAL,No Incident,0.0,LOW
2026-01-02 01:12:00,42.831776793971954,53.90729707971024,106.63283672018224,1.921174120526545,0,NORMAL,No Incident,0.0,LOW
2026-01-02 01:13:00,31.3346338292694,57.55188836514073,92.10943124269048,2.079856835769304,0,NORMAL,No Incident,0.0,LOW
2026-01-02 01:14:00,49.17319314157301,61.16341773924608,119.199255849578,2.011332378367734,0,NORMAL,No Incident,0.0,LOW
2026-01-02 01:15:00,48.78252491616716,54.37031680534854,150.66025084498366,2.676101613649913,0,NORMAL,No Incident,0.0,LOW
2026-01-02 01:16:00,65.13449743242131,73.53877257970564,113.80310197271854,1.7845232838356602,0,NORMAL,No Incident,0.0,LOW
2026-01-02 01:17:00,56.30811684554777,61.15461177380829,135.70253170920108,2.562979181904856,0,NORMAL,No Incident,0.0,LOW
2026-01-02 01:18:00,39.758131756707954,38.37321562314114,136.87902801037862,1.855413232673552,0,NORMAL,No Incident,0.0,LOW
2026-01-02 01:19:00,68.54092566334188,62.71484650204976,114.32627558145654,3.8233589620364654,0,NORMAL,No Incident,0.0,LOW
2026-01-02 01:20:00,62.21033695525353,57.2147408254615,146.3268967503904,2.080713726726447,0,NORMAL,No Incident,0.0,LOW
2026-01-02 01:21:00,55.82097703468616,59.40058755105242,61.82678511038993,4.340722611525678,0,NORMAL,No Incident,0.0,LOW
2026-01-02 01:22:00,47.73515901150168,57.051045073714405,95.5449944252365,2.3520115910908643,0,NORMAL,No Incident,0.0,LOW
2026-01-02 01:23:00,40.4056076327652,66.4563713328535,101.6873540728308,1.7863228294117843,0,NORMAL,No Incident,0.0,LOW
2026-01-02 01:24:00,46.27793223928947,68.95750222842705,103.6056995426522,1.1005520237403257,0,NORMAL,No Incident,0.0,LOW
2026-01-02 01:25:00,60.88748619704186,62.26442529806923,126.72525902371792,0.5571114259423064,0,NORMAL,No Incident,0.0,LOW
2026-01-02 01:26:00,68.84586305934609,57.28551050289473,125.80075606107803,1.0085577156038432,0,NORMAL,No Incident,0.0,LOW
2026-01-02 01:27:00,65.43243528272188,59.66930236152664,127.87981144350016,1.12039369083601,0,NORMAL,No Incident,0.0,LOW
2026-01-02 01:28:00,45.11150578213726,60.15679693262103,131.92162988264974,2.394820020412177,0,NORMAL,No Incident,0.0,LOW
2026-01-02 01:29:00,38.80382566710989,53.5805596810813,100.997908617087,1.4738346289398123,0,NORMAL,No Incident,0.0,LOW
2026-01-02 01:30:00,51.40886246911204,64.63142918856988,95.63647866385362,2.186927052554497,0,NORMAL,No Incident,0.0,LOW
2026-01-02 01:31:00,32.31560634437149,63.68033859088373,127.92639364015726,3.281978362376686,0,NORMAL,No Incident,0.0,LOW
2026-01-02 01:32:00,53.23167714184781,72.32352991821338,107.39535852707122,1.9121916483651464,0,NORMAL,No Incident,0.0,LOW
2026-01-02 01:33:00,48.52397413701331,70.0427982423078,88.59049909264058,4.079156698466804,0,NORMAL,No Incident,0.0,LOW
2026-01-02 01:34:00,45.33963498131758,54.51460065927896,139.42688569082964,0.8241890196608022,0,NORMAL,No Incident,0.0,LOW
2026-01-02 01:35:00,34.05296932733204,66.56238699607172,147.90203813004595,1.849416451625072,0,NORMAL,No Incident,0.0,LOW
2026-01-02 01:36:00,55.136001065697165,52.39237293524423,151.14321779397318,1.4606870763890214,0,NORMAL,No Incident,0.0,LOW
2026-01-02 01:37:00,44.672991603380886,65.5674568075268,123.7401544294944,2.936506606057008,0,NORMAL,No Incident,0.0,LOW
2026-01-02 01:38:00,38.30083164289712,55.86708640991914,132.51864191945805,0.0,0,NORMAL,No Incident,0.0,LOW
2026-01-02 01:39:00,21.277377867183507,51.813974212995326,147.39736446723822,0.5568847108221888,0,NORMAL,No Incident,0.0,LOW
2026-01-02 01:40:00,49.72485094949364,62.24036274157923,107.17168419953131,1.8926531775490367,0,NORMAL,No Incident,0.0,LOW
2026-01-02 01:41:00,67.72251596669744,38.60346297476687,142.21355368108183,3.551377721009493,0,NORMAL,No Incident,0.0,LOW
2026-01-02 01:42:00,66.6125921454787,45.99219540475818,125.50792468286416,2.225841834037307,0,NORMAL,No Incident,0.0,LOW
2026-01-02 01:43:00,45.429037434137285,58.58006492980574,138.2742330468518,0.6484525457357662,0,NORMAL,No Incident,0.0,LOW
2026-01-02 01:44:00,43.97787939638219,60.659534133078736,123.72186041751873,0.8028334073097698,0,NORMAL,No Incident,0.0,LOW
2026-01-02 01:45:00,54.68774256075024,57.04544983873449,145.92513419496004,3.6729897028449527,0,NORMAL,No Incident,0.0,LOW
2026-01-02 01:46:00,40.016145608117085,47.36450961025921,124.47047525083072,1.3788652012037592,0,NORMAL,No Incident,0.0,LOW
2026-01-02 01:47:00,53.01791899819466,53.45686526289195,90.32041881065165,1.057036627550236,0,NORMAL,No Incident,0.0,LOW
2026-01-02 01:48:00,57.6608027838469,63.12967461789915,149.03853264629444,3.4773725606308608,0,NORMAL,No Incident,0.0,LOW
2026-01-02 01:49:00,62.26933223884308,64.6542541650269,101.04938518055776,3.011097005586991,0,NORMAL,No Incident,0.0,LOW
2026-01-02 01:50:00,48.99845923520047,59.87021505923247,145.06116420487828,3.274059643266796,0,NORMAL,No Incident,0.0,LOW
2026-01-02 01:51:00,47.96326249823034,69.25467024829591,118.19514237119355,1.0499581197341834,0,NORMAL,No Incident,0.0,LOW
2026-01-02 01:52:00,41.22017413243439,63.17917618767388,143.52021970395413,0.4748943589856393,0,NORMAL,No Incident,0.0,LOW
2026-01-02 01:53:00,41.7311964596014,54.0203547683343,142.6953722973353,2.1331664893627056,0,NORMAL,No Incident,0.0,LOW
2026-01-02 01:54:00,47.73521108098473,57.75598357270706,128.60285948630744,2.335126133073664,0,NORMAL,No Incident,0.0,LOW
2026-01-02 01:55:00,53.67365506816178,48.77707074233716,130.17070635254262,2.364601803704832,0,NORMAL,No Incident,0.0,LOW
2026-01-02 01:56:00,59.13584626233249,59.13488807686866,128.45257234385133,3.478183935639002,0,NORMAL,No Incident,0.0,LOW
2026-01-02 01:57:00,41.96821049319655,68.89680495377071,79.72350487437845,0.2662329099917517,0,NORMAL,No Incident,0.0,LOW
2026-01-02 01:58:00,64.92688568959522,65.48232067768774,122.36660437796404,2.859695051297766,0,NORMAL,No Incident,0.0,LOW
2026-01-02 01:59:00,47.28876398957431,71.21607460735298,97.67871647856212,0.9033749558526822,0,NORMAL,No Incident,0.0,LOW
2026-01-02 02:00:00,49.78632705651564,57.57691804960805,123.42374287491326,2.855735320860841,0,NORMAL,No Incident,0.0,LOW
2026-01-02 02:01:00,42.52788320852176,70.76879835611406,97.1411490723357,1.5250432954786226,0,NORMAL,No Incident,0.0,LOW
2026-01-02 02:02:00,25.757597397270583,58.45356618841624,96.3009611754785,1.1860282041094885,0,NORMAL,No Incident,0.0,LOW
2026-01-02 02:03:00,58.8404539636105,71.77268066055915,152.09869003507805,1.3900972930507978,0,NORMAL,No Incident,0.0,LOW
2026-01-02 02:04:00,57.36843897092433,59.82514602046301,141.38894776248378,0.5543897992234375,0,NORMAL,No Incident,0.0,LOW
2026-01-02 02:05:00,47.18672442881787,65.65785099043421,119.91714830111692,2.0404289398334674,0,NORMAL,No Incident,0.0,LOW
2026-01-02 02:06:00,50.66990717224872,71.80089891447885,123.69537300498048,1.227326609339543,0,NORMAL,No Incident,0.0,LOW
2026-01-02 02:07:00,55.15939217704099,58.45257897135036,115.04167948513982,2.7862982309002784,0,NORMAL,No Incident,0.0,LOW
2026-01-02 02:08:00,34.374541431134574,61.7471119003534,131.39752751959043,2.640056081032917,0,NORMAL,No Incident,0.0,LOW
2026-01-02 02:09:00,44.70947322653705,70.31090740165041,106.4789126690239,3.688157052902791,0,NORMAL,No Incident,0.0,LOW
2026-01-02 02:10:00,57.94264679621827,58.93597468855949,139.87480525735916,2.366327483541077,0,NORMAL,No Incident,0.0,LOW
2026-01-02 02:11:00,37.45710576830751,49.43286173995071,114.93826317971778,2.5206777670800737,0,NORMAL,No Incident,0.0,LOW
2026-01-02 02:12:00,52.935579321666296,77.14405643667928,111.60306008337542,3.400099811827814,0,NORMAL,No Incident,0.0,LOW
2026-01-02 02:13:00,36.43418195376595,56.2418842853029,120.43426036969686,1.3723373039733038,0,NORMAL,No Incident,0.0,LOW
2026-01-02 02:14:00,54.66429982433527,61.27004840750034,108.1770634014878,0.5117417871769674,0,NORMAL,No Incident,0.0,LOW
2026-01-02 02:15:00,49.643585177025166,69.24805335560902,126.57364698992966,2.2000940591283937,0,NORMAL,No Incident,0.0,LOW
2026-01-02 02:16:00,33.848681840944906,55.132048770150384,109.252748213732,0.577366530785596,0,NORMAL,No Incident,0.0,LOW
2026-01-02 02:17:00,61.64739354457171,51.93705669422296,129.3704720563767,4.45393867292539,0,NORMAL,No Incident,0.0,LOW
2026-01-02 02:18:00,42.65408423201951,62.029898374198666,144.32013077822953,3.455498292078943,0,NORMAL,No Incident,0.0,LOW
2026-01-02 02:19:00,41.89747562985619,45.655388816700885,105.61356626383652,4.16397633330158,0,NORMAL,No Incident,0.0,LOW
2026-01-02 02:20:00,52.00569197230943,57.69675138505664,117.38849085409656,2.062446976663129,0,NORMAL,No Incident,0.0,LOW
2026-01-02 02:21:00,61.48637349428715,61.96030931452325,129.22661426070843,2.550573593701598,0,NORMAL,No Incident,0.0,LOW
2026-01-02 02:22:00,39.841781810216034,57.84038482539869,111.28285290037186,1.5405245680473558,0,NORMAL,No Incident,0.0,LOW
2026-01-02 02:23:00,50.61679849847972,47.65239245451402,129.2864112165333,2.882924805586752,0,NORMAL,No Incident,0.0,LOW
2026-01-02 02:24:00,54.28816500330573,72.7534236496321,131.1079772130348,0.784456787948943,0,NORMAL,No Incident,0.0,LOW
2026-01-02 02:25:00,56.93105607263144,60.82830523159341,141.6652355258861,0.0,0,NORMAL,No Incident,0.0,LOW
2026-01-02 02:26:00,51.76441555277225,71.44921694209393,107.88019907830176,1.2092893805114333,0,NORMAL,No Incident,0.0,LOW
2026-01-02 02:27:00,46.329721609166775,57.91970999855644,101.1444951953905,0.5445265243826842,0,NORMAL,No Incident,0.0,LOW
2026-01-02 02:28:00,41.7240977935128,52.95990414647389,113.84845220872512,3.477926736159536,0,NORMAL,No Incident,0.0,LOW
2026-01-02 02:29:00,50.86143883046375,62.15344736204128,100.644953209058,3.815677455080316,0,NORMAL,No Incident,0.0,LOW
2026-01-02 02:30:00,39.27860988014393,58.27370298937424,131.28996408094994,0.5970709275868891,0,NORMAL,No Incident,0.0,LOW
2026-01-02 02:31:00,20.78649516505393,50.577908336069136,96.76497399647178,3.2917156075212395,0,NORMAL,No Incident,0.0,LOW
2026-01-02 02:32:00,54.36559804157668,71.75827407029996,166.66032836505377,2.9513849835007706,0,NORMAL,No Incident,0.0,LOW
2026-01-02 02:33:00,59.03934841086196,55.02183821684803,145.918557231475,0.4302233152811237,0,NORMAL,No Incident,0.0,LOW
2026-01-02 02:34:00,26.370675644581617,45.27786892163545,120.25151539200628,1.609732469068382,0,NORMAL,No Incident,0.0,LOW
2026-01-02 02:35:00,39.90269295290062,70.62532843165866,137.3478898599595,1.4198362778754805,0,NORMAL,No Incident,0.0,LOW
2026-01-02 02:36:00,56.191542610051975,55.96561587349901,87.26396271378417,2.7479953986272,0,NORMAL,No Incident,0.0,LOW
2026-01-02 02:37:00,70.574954697117,55.13740885907501,170.46746662799114,0.7712206490949862,0,NORMAL,No Incident,0.0,LOW
2026-01-02 02:38:00,50.20793707675408,45.87689930376021,108.1957077559902,1.9011273743405173,0,NORMAL,No Incident,0.0,LOW
2026-01-02 02:39:00,42.71997058770866,73.92753189277593,117.59005172201282,1.314065496050382,0,NORMAL,No Incident,0.0,LOW
2026-01-02 02:40:00,48.1710355889516,49.6841553023225,82.88133425623127,2.4733411833851435,0,NORMAL,No Incident,0.0,LOW
2026-01-02 02:41:00,63.74876419148185,60.4675958456452,129.7257460948179,1.7832079683120707,0,NORMAL,No Incident,0.0,LOW
2026-01-02 02:42:00,43.54035820875465,67.30096258032353,97.87311685845782,1.464754296059605,0,NORMAL,No Incident,0.0,LOW
2026-01-02 02:43:00,42.00807993349746,63.373735464024776,122.03311523132058,1.786703424367922,0,NORMAL,No Incident,0.0,LOW
2026-01-02 02:44:00,45.17256477817968,59.52276550406247,109.11451134150924,4.036042832840112,0,NORMAL,No Incident,0.0,LOW
2026-01-02 02:45:00,40.46671391741288,46.38667313370067,98.44512130139312,1.583100363880611,0,NORMAL,No Incident,0.0,LOW
2026-01-02 02:46:00,51.22670315994795,53.52220131386173,103.91276996474764,0.958994781716213,0,NORMAL,No Incident,0.0,LOW
2026-01-02 02:47:00,66.2467845846956,61.50240270434018,124.51576068171042,2.5834335691559653,0,NORMAL,No Incident,0.0,LOW
2026-01-02 02:48:00,53.23079273116029,53.70260744010403,94.37018054262352,1.856475330577044,0,NORMAL,No Incident,0.0,LOW
2026-01-02 02:49:00,47.47646497873713,61.62687567999014,105.02376657952846,0.5847660691335275,0,NORMAL,No Incident,0.0,LOW
2026-01-02 02:50:00,47.08188731084456,65.45394727052113,133.26546762528957,4.231496335202467,0,NORMAL,No Incident,0.0,LOW
2026-01-02 02:51:00,34.36809191303343,67.70002308640082,172.04959749748627,1.647521054413352,0,NORMAL,No Incident,0.0,LOW
2026-01-02 02:52:00,58.83109777147159,50.19056513749853,129.5517763910601,1.6221305460386488,0,NORMAL,No Incident,0.0,LOW
2026-01-02 02:53:00,49.22162802987198,77.57316843983163,101.65476715645426,2.159835351908097,0,NORMAL,No Incident,0.0,LOW
2026-01-02 02:54:00,48.19520086409374,66.13983475643305,112.65771659855378,3.73011676920884,0,NORMAL,No Incident,0.0,LOW
2026-01-02 02:55:00,81.93107567844861,59.98628677064749,120.63178012305156,0.3202546734810043,0,NORMAL,No Incident,0.0,LOW
2026-01-02 02:56:00,52.98752908365686,68.71629266461312,113.01150098728586,2.27598584942054,0,NORMAL,No Incident,0.0,LOW
2026-01-02 02:57:00,42.48208949904816,78.92326217599978,138.0611633347387,4.087272161793628,0,NORMAL,No Incident,0.0,LOW
2026-01-02 02:58:00,45.736424037944566,48.49023919154504,124.34946966028448,2.1287286807396484,0,NORMAL,No Incident,0.0,LOW
2026-01-02 02:59:00,61.48445709196755,58.19789886006917,138.1570476981974,0.7646660206965203,0,NORMAL,No Incident,0.0,LOW
2026-01-02 03:00:00,51.13270410537764,40.97254672101337,113.7111241940474,1.3816031470393475,0,NORMAL,No Incident,0.0,LOW
2026-01-02 03:01:00,35.61722021682633,61.5412122611842,146.51000439442512,2.2068825297567907,0,NORMAL,No Incident,0.0,LOW
2026-01-02 03:02:00,59.19228934575204,62.923153935401125,116.67028831436907,3.330803915639862,0,NORMAL,No Incident,0.0,LOW
2026-01-02 03:03:00,43.31855914461006,59.68670307645792,100.57620261724016,1.6606641555839392,0,NORMAL,No Incident,0.0,LOW
2026-01-02 03:04:00,68.73297776217545,54.76373143201352,163.54640762084443,2.826651797432432,0,NORMAL,No Incident,0.0,LOW
2026-01-02 03:05:00,60.80048065714649,43.6038838704934,83.50044506077766,0.5646311729531108,0,NORMAL,No Incident,0.0,LOW
2026-01-02 03:06:00,45.52678104341249,62.98826946729415,105.22522549390143,0.5562816304049454,0,NORMAL,No Incident,0.0,LOW
2026-01-02 03:07:00,62.81016361735113,71.64347587132261,107.4594429633921,1.5171993113150504,0,NORMAL,No Incident,0.0,LOW
2026-01-02 03:08:00,50.67855510527404,55.27185235413254,170.16612546113126,3.438028721873262,0,NORMAL,No Incident,0.0,LOW
2026-01-02 03:09:00,58.52773675122219,63.52047943218516,156.13717768293023,2.068874639513769,0,NORMAL,No Incident,0.0,LOW
2026-01-02 03:10:00,54.84732817294475,47.45484549263959,149.87856287284396,2.289811195566619,0,NORMAL,No Incident,0.0,LOW
2026-01-02 03:11:00,41.53643345009127,63.65770450954011,113.38682675247335,2.278079595573528,0,NORMAL,No Incident,0.0,LOW
2026-01-02 03:12:00,43.56450167682538,56.85294161804274,168.5235600768355,3.1092079825867307,0,NORMAL,No Incident,0.0,LOW
2026-01-02 03:13:00,60.29960817581161,53.90065639517668,127.36704007681942,1.389779307462146,0,NORMAL,No Incident,0.0,LOW
2026-01-02 03:14:00,46.65224667893459,53.91709087027096,139.54526740606244,2.688285108488232,0,NORMAL,No Incident,0.0,LOW
2026-01-02 03:15:00,45.96351536758003,56.85110734373592,123.59390762212414,1.16911733614487,0,NORMAL,No Incident,0.0,LOW
2026-01-02 03:16:00,40.44877420650647,63.05946652554028,119.01066857353496,3.98327265592076,0,NORMAL,No Incident,0.0,LOW
2026-01-02 03:17:00,54.23599065593461,49.502694390435856,114.96442652147242,1.1996088957033102,0,NORMAL,No Incident,0.0,LOW
2026-01-02 03:18:00,70.62524919243145,56.82307734745718,115.80720013161675,1.1176106969213793,0,NORMAL,No Incident,0.0,LOW
2026-01-02 03:19:00,39.32467085745727,59.66822577600682,132.16983297356157,2.5496698134880496,0,NORMAL,No Incident,0.0,LOW
2026-01-02 03:20:00,50.24219456672758,51.207686203745126,127.34399597550777,2.079788431432324,0,NORMAL,No Incident,0.0,LOW
2026-01-02 03:21:00,64.12220555415429,74.37332161340014,119.37057259592632,2.3268524062609344,0,NORMAL,No Incident,0.0,LOW
2026-01-02 03:22:00,49.203586087542845,53.17203615950927,150.19047985397708,2.227313795492318,0,NORMAL,No Incident,0.0,LOW
2026-01-02 03:23:00,54.52371796249734,54.64450469093208,60.664938625185385,0.9096078011925612,0,NORMAL,No Incident,0.0,LOW
2026-01-02 03:24:00,39.3760647185312,52.173536401420016,130.1977449584239,3.613358929079484,0,NORMAL,No Incident,0.0,LOW
2026-01-02 03:25:00,54.28307097207649,74.38784069710493,134.35477413317955,2.8935422058891094,0,NORMAL,No Incident,0.0,LOW
2026-01-02 03:26:00,48.12855734995451,64.42324182879585,142.9392573651034,3.358949951267116,0,NORMAL,No Incident,0.0,LOW
2026-01-02 03:27:00,99.85729995679864,82.50726395005086,618.7025711789328,11.471669110889575,1,CRITICAL,High API Latency / Database Performance Issue,100.0,HIGH
2026-01-02 03:28:00,100.0,98.84985247087975,624.1584013476792,12.416523544715172,1,CRITICAL,High API Latency / Database Performance Issue,100.0,HIGH
2026-01-02 03:29:00,75.89563642018614,61.605589554311024,139.71896766629442,2.197368462234691,0,NORMAL,No Incident,0.0,LOW
2026-01-02 03:30:00,55.79633173213576,62.05802736889201,149.8233280856036,3.128002626201508,0,NORMAL,No Incident,0.0,LOW
2026-01-02 03:31:00,53.257963165821664,57.244182329980376,113.98928029642464,3.160248131829619,0,NORMAL,No Incident,0.0,LOW
2026-01-02 03:32:00,51.94384301577336,54.004672104344216,125.3395156625512,2.1930508029581146,0,NORMAL,No Incident,0.0,LOW
2026-01-02 03:33:00,86.46833707189312,92.7021287924368,653.5714792869751,10.482048868156747,1,CRITICAL,High API Latency / Database Performance Issue,100.0,HIGH
2026-01-02 03:34:00,53.38483843461691,55.63930216003528,77.51945848242298,3.779661887087689,0,NORMAL,No Incident,0.0,LOW
2026-01-02 03:35:00,47.04598589860971,74.53404503660084,106.1997480037083,2.555987433690139,0,NORMAL,No Incident,0.0,LOW
2026-01-02 03:36:00,51.68460976269614,49.84567115805517,149.31671957205927,1.391562958608858,0,NORMAL,No Incident,0.0,LOW
2026-01-02 03:37:00,63.1759753560796,72.28925418283956,141.85075667216606,2.406542138266695,0,NORMAL,No Incident,0.0,LOW
2026-01-02 03:38:00,39.93457434720359,59.1094492096176,130.4489042185339,0.4889064515474766,0,NORMAL,No Incident,0.0,LOW
2026-01-02 03:39:00,61.39878561129045,62.39268587216885,111.0280625378176,3.055353067471044,0,NORMAL,No Incident,0.0,LOW
2026-01-02 03:40:00,63.17115067339866,66.66526213303548,102.3636300202916,0.528788255720847,0,NORMAL,No Incident,0.0,LOW
2026-01-02 03:41:00,48.81931473008921,54.95800563996451,108.17568761515253,1.7791655079629174,0,NORMAL,No Incident,0.0,LOW
2026-01-02 03:42:00,28.78145100991405,66.9139870775891,150.96016441637386,2.24445444960555,0,NORMAL,No Incident,0.0,LOW
2026-01-02 03:43:00,43.92178012905568,38.339649156950586,107.43114621689308,3.0388397119820936,0,NORMAL,No Incident,0.0,LOW
2026-01-02 03:44:00,62.96994546561109,54.24008373422448,122.02845928479316,2.106544676434374,0,NORMAL,No Incident,0.0,LOW
2026-01-02 03:45:00,49.77131937701118,52.60749754127148,104.92584710276508,2.63496287361255,0,NORMAL,No Incident,0.0,LOW
2026-01-02 03:46:00,40.00697767705089,49.9719519010259,136.85548060198053,1.9718330915504472,0,NORMAL,No Incident,0.0,LOW
2026-01-02 03:47:00,44.95225078771782,58.2803612953684,109.22547439307118,1.9678140490557168,0,NORMAL,No Incident,0.0,LOW
2026-01-02 03:48:00,58.40620026504553,63.08599974545356,118.04812219691172,2.085477250348297,0,NORMAL,No Incident,0.0,LOW
2026-01-02 03:49:00,55.4673356820138,65.62127998799444,86.33235733914348,1.8109420791476247,0,NORMAL,No Incident,0.0,LOW
2026-01-02 03:50:00,47.61067900830306,61.92701405760326,87.7326352759012,0.3134297569185644,0,NORMAL,No Incident,0.0,LOW
2026-01-02 03:51:00,86.33175588185313,84.67445228085163,620.1534638664301,11.231676506303373,1,CRITICAL,High API Latency / Database Performance Issue,100.0,HIGH
2026-01-02 03:52:00,46.08241850956178,62.95213150260134,93.49685689604476,2.2447748411116986,0,NORMAL,No Incident,0.0,LOW
2026-01-02 03:53:00,40.77589815501497,60.99428555880681,162.10173278669004,1.7508789965112812,0,NORMAL,No Incident,0.0,LOW
2026-01-02 03:54:00,66.15375689469442,67.48844934348813,78.76953775775502,1.8441909178180933,0,NORMAL,No Incident,0.0,LOW
2026-01-02 03:55:00,46.7767953078866,66.21549362345213,103.99649402671793,1.6766463305612846,0,NORMAL,No Incident,0.0,LOW
2026-01-02 03:56:00,62.17158520825497,60.24381131136503,120.334017345351,1.1364016072681822,0,NORMAL,No Incident,0.0,LOW
2026-01-02 03:57:00,65.21316051922452,52.82197595070995,112.69734124408431,1.506900539023706,0,NORMAL,No Incident,0.0,LOW
2026-01-02 03:58:00,59.9831089814796,54.77639875334335,97.91709086672162,1.6931682556114054,0,NORMAL,No Incident,0.0,LOW
2026-01-02 03:59:00,45.68379687281952,55.60168512289573,100.84144321009464,2.0051431405418496,0,NORMAL,No Incident,0.0,LOW
2026-01-02 04:00:00,54.037300903366095,57.477869328669954,100.18691845001524,2.3933783444697125,0,NORMAL,No Incident,0.0,LOW
2026-01-02 04:01:00,49.75804393609084,62.14440342071803,114.26556610359874,1.819449709114261,0,NORMAL,No Incident,0.0,LOW
2026-01-02 04:02:00,40.96298139269872,65.72139512102447,159.03858179034847,0.9703447443075806,0,NORMAL,No Incident,0.0,LOW
2026-01-02 04:03:00,53.24359281721603,59.59105045587698,121.5587459311642,0.6019179600812168,0,NORMAL,No Incident,0.0,LOW
2026-01-02 04:04:00,38.20960208840198,60.12899830320378,143.65800978775047,4.597437207375224,0,NORMAL,No Incident,0.0,LOW
2026-01-02 04:05:00,61.87679388461564,61.14645044000003,130.13952691656283,0.8701849697354369,0,NORMAL,No Incident,0.0,LOW
2026-01-02 04:06:00,45.35382702701607,55.87275749494128,142.2772479596444,1.481374998735617,0,NORMAL,No Incident,0.0,LOW
2026-01-02 04:07:00,52.01159655872839,52.59686193885635,64.00071394812828,2.517000302513935,0,NORMAL,No Incident,0.0,LOW
2026-01-02 04:08:00,52.83287871546142,45.95649682151432,113.9108395770354,2.360860609565681,0,NORMAL,No Incident,0.0,LOW
2026-01-02 04:09:00,47.410950262959226,54.438805135385024,146.1427084630143,2.5208656925615727,0,NORMAL,No Incident,0.0,LOW
2026-01-02 04:10:00,55.86693801475275,63.78516362614229,108.56528354501332,1.5572829304678246,0,NORMAL,No Incident,0.0,LOW
2026-01-02 04:11:00,45.25096343377476,54.37670849568346,155.24946329739225,2.238558070639548,0,NORMAL,No Incident,0.0,LOW
2026-01-02 04:12:00,58.71297297457244,58.09754370059248,149.67780307535523,2.061343664240864,0,NORMAL,No Incident,0.0,LOW
2026-01-02 04:13:00,36.54020319753251,63.73145029929854,110.61738567745076,1.6878686324587129,0,NORMAL,No Incident,0.0,LOW
2026-01-02 04:14:00,51.26379579546412,64.16551597138135,109.93672961907286,2.24540974177134,0,NORMAL,No Incident,0.0,LOW
2026-01-02 04:15:00,69.38928999058285,51.36373718267168,99.72788315291062,3.0553655467507066,0,NORMAL,No Incident,0.0,LOW
2026-01-02 04:16:00,39.99668675394425,67.97647485162913,107.40811536272405,1.9777997765646755,0,NORMAL,No Incident,0.0,LOW
2026-01-02 04:17:00,43.222550294751485,69.01880071484388,95.34821871662167,1.9844528463564253,0,NORMAL,No Incident,0.0,LOW
2026-01-02 04:18:00,55.13907849658915,50.961201142251525,128.57622360866011,3.068161034875984,0,NORMAL,No Incident,0.0,LOW
2026-01-02 04:19:00,51.79581781939598,53.40930504287077,90.87907013307134,2.961360359818813,0,NORMAL,No Incident,0.0,LOW
2026-01-02 04:20:00,53.50630099273559,69.52872546516953,132.07466032380444,3.583936440963483,0,NORMAL,No Incident,0.0,LOW
2026-01-02 04:21:00,54.89187130147664,58.82517182995759,132.56157393800498,0.2437697655204231,0,NORMAL,No Incident,0.0,LOW
2026-01-02 04:22:00,56.3472146856177,42.24177642038519,86.77591189632155,2.905119183169389,0,NORMAL,No Incident,0.0,LOW
2026-01-02 04:23:00,61.09699841956223,48.80254796213851,150.9963721265668,2.601580045402179,0,NORMAL,No Incident,0.0,LOW
2026-01-02 04:24:00,54.098186569285126,58.00504299862015,130.27218588830445,1.114347602246735,0,NORMAL,No Incident,0.0,LOW
2026-01-02 04:25:00,47.58742345381457,50.69565879772318,134.99396042889737,2.2515879179988447,0,NORMAL,No Incident,0.0,LOW
2026-01-02 04:26:00,56.72573701202731,56.69260983490847,104.82669596914457,3.0511217477579984,0,NORMAL,No Incident,0.0,LOW
2026-01-02 04:27:00,68.99881934895215,60.25916970946863,132.44758236946237,1.1708410775146,0,NORMAL,No Incident,0.0,LOW
2026-01-02 04:28:00,48.67366253617426,71.69803683227784,142.52786899444132,2.442562429022807,0,NORMAL,No Incident,0.0,LOW
2026-01-02 04:29:00,40.25470695329359,57.67636867017769,118.02783201990646,2.8713536757310174,0,NORMAL,No Incident,0.0,LOW
2026-01-02 04:30:00,61.07080669286972,68.58033439658207,160.03844918496722,0.928980437468512,0,NORMAL,No Incident,0.0,LOW
2026-01-02 04:31:00,48.796188360464015,71.43008129629416,120.88129269825876,1.857714307554852,0,NORMAL,No Incident,0.0,LOW
2026-01-02 04:32:00,28.27330453985964,71.47447735481661,142.81571600904948,2.300968376642411,0,NORMAL,No Incident,0.0,LOW
2026-01-02 04:33:00,58.47421677150422,62.27803674708455,125.8601761451731,1.2038684944570452,0,NORMAL,No Incident,0.0,LOW
2026-01-02 04:34:00,44.64671814046077,44.29368681728821,131.71043065713735,1.1208468009064538,0,NORMAL,No Incident,0.0,LOW
2026-01-02 04:35:00,49.0946671769584,63.686598923230925,86.57335464730455,1.8649553981372256,0,NORMAL,No Incident,0.0,LOW
2026-01-02 04:36:00,53.319803305690144,68.38719910250833,127.42107476430726,2.801639716903692,0,NORMAL,No Incident,0.0,LOW
2026-01-02 04:37:00,51.904996797790666,59.351463156516665,105.30049797485468,2.6437340011921098,0,NORMAL,No Incident,0.0,LOW
2026-01-02 04:38:00,57.0945181713904,73.95667096060198,103.07203388444624,1.138587270813658,0,NORMAL,No Incident,0.0,LOW
2026-01-02 04:39:00,45.645136294301565,66.87866849173966,154.88206368931958,2.652167885115686,0,NORMAL,No Incident,0.0,LOW
2026-01-02 04:40:00,55.131057981760826,64.54618701722228,115.72459503875302,1.1640602238334914,0,NORMAL,No Incident,0.0,LOW
2026-01-02 04:41:00,47.40453322416083,68.6910456896467,99.93396338049008,0.3898302020065656,0,NORMAL,No Incident,0.0,LOW
2026-01-02 04:42:00,57.38810480887503,62.666958810087024,112.81736743782253,1.6328564289527687,0,NORMAL,No Incident,0.0,LOW
2026-01-02 04:43:00,56.153674840130535,40.05751600483717,93.99099542156172,3.122969371585736,0,NORMAL,No Incident,0.0,LOW
2026-01-02 04:44:00,40.645612979554045,56.00688838823707,148.6776893639254,2.6559605521413734,0,NORMAL,No Incident,0.0,LOW
2026-01-02 04:45:00,60.85982116175032,69.57734421798283,106.0863851166697,1.9984281926268057,0,NORMAL,No Incident,0.0,LOW
2026-01-02 04:46:00,44.64036554885952,53.539269279213634,130.58599867887338,1.5832945164089425,0,NORMAL,No Incident,0.0,LOW
2026-01-02 04:47:00,58.08057798281145,58.21221995810448,147.1221342842065,1.6102378638835688,0,NORMAL,No Incident,0.0,LOW
2026-01-02 04:48:00,53.67287313401341,51.64130948877544,109.99694637570542,2.108784905860796,0,NORMAL,No Incident,0.0,LOW
2026-01-02 04:49:00,68.38183676795123,74.27138076161415,130.6404486454557,0.9315625141541712,0,NORMAL,No Incident,0.0,LOW
2026-01-02 04:50:00,47.76534017628148,73.45193965934412,99.3982789019114,1.6518926547987027,0,NORMAL,No Incident,0.0,LOW
2026-01-02 04:51:00,46.506832038818025,52.92904883887417,168.9153913822737,1.7844305386402313,0,NORMAL,No Incident,0.0,LOW
2026-01-02 04:52:00,49.80580394112268,61.17838400311267,138.72760269233245,0.6489255415485025,0,NORMAL,No Incident,0.0,LOW
2026-01-02 04:53:00,46.968202171657246,54.55604761788762,116.14787122478388,1.1615517491024252,0,NORMAL,No Incident,0.0,LOW
2026-01-02 04:54:00,57.9994190194205,64.91955711225103,104.54332538222071,2.4105067914863816,0,NORMAL,No Incident,0.0,LOW
2026-01-02 04:55:00,33.83689391563412,64.07746461793863,117.72006894320748,2.0095118399409944,0,NORMAL,No Incident,0.0,LOW
2026-01-02 04:56:00,79.46317580853646,96.49364457290612,613.2003255529696,11.691238208806617,1,CRITICAL,High API Latency / Database Performance Issue,100.0,HIGH
2026-01-02 04:57:00,39.32197078420807,62.6553475816631,159.05889107999013,1.0885725624620362,0,NORMAL,No Incident,0.0,LOW
2026-01-02 04:58:00,59.50307591973576,83.48324965110774,95.48930555570196,3.5768498255892167,0,NORMAL,No Incident,0.0,LOW
2026-01-02 04:59:00,67.10613372581925,51.77660987991409,122.69602846580406,1.1620207853206814,0,NORMAL,No Incident,0.0,LOW
2026-01-02 05:00:00,48.955507814625285,46.31517316450788,119.6332386673258,2.251592807261737,0,NORMAL,No Incident,0.0,LOW
2026-01-02 05:01:00,48.311782768099896,56.85527839438831,117.6517939931026,1.5121309119262047,0,NORMAL,No Incident,0.0,LOW
2026-01-02 05:02:00,50.70052163113181,47.45609387551786,117.82766690123316,2.036279292638336,0,NORMAL,No Incident,0.0,LOW
2026-01-02 05:03:00,61.61878302608191,48.06030183995206,117.67858379759032,2.4576097419403724,0,NORMAL,No Incident,0.0,LOW
2026-01-02 05:04:00,40.72646865809426,51.989482766416266,137.461321326642,0.629743410792114,0,NORMAL,No Incident,0.0,LOW
2026-01-02 05:05:00,52.38368982734785,52.62248875654698,132.1796889298487,1.993383755846512,0,NORMAL,No Incident,0.0,LOW
2026-01-02 05:06:00,59.7519762978243,52.36305518439952,128.37823222745573,3.190728648979845,0,NORMAL,No Incident,0.0,LOW
2026-01-02 05:07:00,55.01094169939845,64.1457516035633,59.32021275709462,3.761501893492003,0,NORMAL,No Incident,0.0,LOW
2026-01-02 05:08:00,51.89581616598743,55.95048751131731,125.99589748326328,1.869986026744869,0,NORMAL,No Incident,0.0,LOW
2026-01-02 05:09:00,60.01046092567141,58.56388340102016,86.88721279659835,2.0416812072169086,0,NORMAL,No Incident,0.0,LOW
2026-01-02 05:10:00,22.96767707000763,67.15386219600748,132.92640326271652,4.211333028601533,0,NORMAL,No Incident,0.0,LOW
2026-01-02 05:11:00,56.77875319530908,53.86941980174859,149.4899473514103,3.134924281599198,0,NORMAL,No Incident,0.0,LOW
2026-01-02 05:12:00,43.45924316872576,57.88363281036222,101.475217748229,1.382715430744781,0,NORMAL,No Incident,0.0,LOW
2026-01-02 05:13:00,31.693671031435432,62.92607988874333,114.76438555314589,1.381016549113877,0,NORMAL,No Incident,0.0,LOW
2026-01-02 05:14:00,55.11202599524981,44.46745759503823,108.01288589894006,2.9565494617872687,0,NORMAL,No Incident,0.0,LOW
2026-01-02 05:15:00,63.73658545162958,40.92075592839534,144.70863551513602,0.9889628699542694,0,NORMAL,No Incident,0.0,LOW
2026-01-02 05:16:00,48.62551485372308,62.76893863038178,121.90055770544146,3.0877267513388533,0,NORMAL,No Incident,0.0,LOW
2026-01-02 05:17:00,59.528745472029385,63.93611424453519,154.56658761132667,2.3342999637510085,0,NORMAL,No Incident,0.0,LOW
2026-01-02 05:18:00,66.12278257988646,76.51376107881929,128.27508405894775,2.5177207640270725,0,NORMAL,No Incident,0.0,LOW
2026-01-02 05:19:00,63.14914453584048,61.26475900693448,124.8490036127164,1.7432661965199467,0,NORMAL,No Incident,0.0,LOW
2026-01-02 05:20:00,66.39964529371393,66.55791773806476,121.36413565205672,1.37017519575359,0,NORMAL,No Incident,0.0,LOW
2026-01-02 05:21:00,57.42127491071892,58.43621885131221,136.35984198514674,3.4619928308683203,0,NORMAL,No Incident,0.0,LOW
2026-01-02 05:22:00,50.754336389015926,62.37781777268069,85.24627603509313,1.7532627194465251,0,NORMAL,No Incident,0.0,LOW
2026-01-02 05:23:00,33.98034188102832,73.33805473399627,121.7068791104102,1.5890649234261385,0,NORMAL,No Incident,0.0,LOW
2026-01-02 05:24:00,47.53937511870051,43.00805745499491,118.5990711254407,1.9198629321201908,0,NORMAL,No Incident,0.0,LOW
2026-01-02 05:25:00,41.56753404683808,63.308930060573445,134.50837654315532,2.193022132717943,0,NORMAL,No Incident,0.0,LOW
2026-01-02 05:26:00,71.70942717497815,77.08469384061893,116.24596788251928,0.9691748732805514,0,NORMAL,No Incident,0.0,LOW
2026-01-02 05:27:00,48.24114187567663,62.25627375367474,99.2253113167466,1.4351285057930885,0,NORMAL,No Incident,0.0,LOW
2026-01-02 05:28:00,51.23204806784486,73.20458370586279,120.147013498394,1.381967926093942,0,NORMAL,No Incident,0.0,LOW
2026-01-02 05:29:00,55.51485376040468,54.966302803764464,98.34318942263312,2.8452803046068484,0,NORMAL,No Incident,0.0,LOW
2026-01-02 05:30:00,50.436024463724536,59.74362004669029,81.4947557482503,1.1140374320001107,0,NORMAL,No Incident,0.0,LOW
2026-01-02 05:31:00,66.95051040430752,60.2681976191087,134.54244962970986,0.2442321422419462,0,NORMAL,No Incident,0.0,LOW
2026-01-02 05:32:00,43.77350638265548,42.25927136512984,131.58123145389342,0.0329054370938459,0,NORMAL,No Incident,0.0,LOW
2026-01-02 05:33:00,51.94607455237243,50.6545773771984,129.34181887987148,0.5296198653242827,0,NORMAL,No Incident,0.0,LOW
2026-01-02 05:34:00,42.57529414301952,51.22499936492811,146.0585684389162,3.361538202848111,0,NORMAL,No Incident,0.0,LOW
2026-01-02 05:35:00,36.79977488779294,66.57652862426022,106.6993621939215,2.016206599484052,0,NORMAL,No Incident,0.0,LOW
2026-01-02 05:36:00,43.882309090947146,66.97722484547243,91.3777171445749,2.501249086807203,0,NORMAL,No Incident,0.0,LOW
2026-01-02 05:37:00,49.62963202951588,62.592291541652266,118.59940446383912,2.536487727121329,0,NORMAL,No Incident,0.0,LOW
2026-01-02 05:38:00,45.7069777548274,66.59282317484565,113.0499940058818,2.0561839183923203,0,NORMAL,No Incident,0.0,LOW
2026-01-02 05:39:00,43.07579020126144,58.68680469822581,103.15408566459864,1.925218703348692,0,NORMAL,No Incident,0.0,LOW
2026-01-02 05:40:00,35.93682536328166,69.61545335631635,118.40301693024408,3.0445264298181405,0,NORMAL,No Incident,0.0,LOW
2026-01-02 05:41:00,49.16894427371305,60.07030754105657,107.76789707590832,2.14599591431264,0,NORMAL,No Incident,0.0,LOW
2026-01-02 05:42:00,34.952796259689975,60.46291237941405,83.27989433286338,3.399097479263414,0,NORMAL,No Incident,0.0,LOW
2026-01-02 05:43:00,57.60055963689602,57.87525893390071,111.1764661841248,2.6208299452898665,0,NORMAL,No Incident,0.0,LOW
2026-01-02 05:44:00,50.82439752934504,65.47560382109143,97.27249666592286,1.3822037265189722,0,NORMAL,No Incident,0.0,LOW
2026-01-02 05:45:00,75.4244850053507,86.6304094670967,624.6329614322185,11.502865976130064,1,CRITICAL,High API Latency / Database Performance Issue,100.0,HIGH
2026-01-02 05:46:00,46.90790922950136,67.81145101758455,106.8793048351869,1.2725351935457203,0,NORMAL,No Incident,0.0,LOW
2026-01-02 05:47:00,42.478435944094166,50.942806874271945,142.23262948282104,3.217548021950716,0,NORMAL,No Incident,0.0,LOW
2026-01-02 05:48:00,53.1917451041918,51.20866996217445,152.07732134535732,1.5949490470544472,0,NORMAL,No Incident,0.0,LOW
2026-01-02 05:49:00,63.40450446023144,65.49941404101203,133.5876274602381,1.2015272032003677,0,NORMAL,No Incident,0.0,LOW
2026-01-02 05:50:00,31.24827530354256,59.2916462833359,88.97947636033359,2.31977804112682,0,NORMAL,No Incident,0.0,LOW
2026-01-02 05:51:00,51.150260791474174,56.36886867077497,150.1039199775808,1.9028328936274967,0,NORMAL,No Incident,0.0,LOW
2026-01-02 05:52:00,88.3986720443336,97.12046185980368,651.5144090074753,12.294568512575164,1,CRITICAL,High API Latency / Database Performance Issue,100.0,HIGH
2026-01-02 05:53:00,56.713400764504655,55.14190868731132,120.37581022615882,3.889813903893844,0,NORMAL,No Incident,0.0,LOW
2026-01-02 05:54:00,52.131966282376894,58.39838996559704,146.45852320671065,2.91307080592886,0,NORMAL,No Incident,0.0,LOW
2026-01-02 05:55:00,42.48030668261181,71.19382360056927,108.96649723906644,2.0270105543019064,0,NORMAL,No Incident,0.0,LOW
2026-01-02 05:56:00,46.80946064333382,72.3131387664852,82.67508130300821,0.5915766157939915,0,NORMAL,No Incident,0.0,LOW
2026-01-02 05:57:00,42.03974143196511,72.57918568216262,104.79431122756812,1.5000375027913644,0,NORMAL,No Incident,0.0,LOW
2026-01-02 05:58:00,60.76007138598598,57.74299378452871,154.58601732089514,2.711046102545303,0,NORMAL,No Incident,0.0,LOW
2026-01-02 05:59:00,50.21311648671942,69.84562323987576,90.17840152777052,0.8289589603381837,0,NORMAL,No Incident,0.0,LOW
2026-01-02 06:00:00,69.01190685753008,52.40837737785058,119.99042563862989,4.140970296330353,0,NORMAL,No Incident,0.0,LOW
2026-01-02 06:01:00,49.39339186185379,52.74477700222352,120.68287786680423,2.0144165626355486,0,NORMAL,No Incident,0.0,LOW
2026-01-02 06:02:00,42.91593233089537,41.19635317900512,109.74051512064376,2.048848393209485,0,NORMAL,No Incident,0.0,LOW
2026-01-02 06:03:00,74.86285607387173,100.0,611.1295680032576,11.333354807042022,1,CRITICAL,High API Latency / Database Performance Issue,100.0,HIGH
2026-01-02 06:04:00,31.96860323744055,53.08816120739137,121.44498268472404,2.4967377567757185,0,NORMAL,No Incident,0.0,LOW
2026-01-02 06:05:00,74.1586405699451,88.98773936202352,608.7567531613055,10.841998193477767,1,CRITICAL,High API Latency / Database Performance Issue,100.0,HIGH
2026-01-02 06:06:00,52.67126651011483,52.71740526457373,91.55883005664136,4.164892589101457,0,NORMAL,No Incident,0.0,LOW
2026-01-02 06:07:00,55.08725023229934,65.56132198664112,124.30063885886912,3.317351304652012,0,NORMAL,No Incident,0.0,LOW
2026-01-02 06:08:00,34.188092979678665,56.99493071426128,141.46733164889946,2.984296445197046,0,NORMAL,No Incident,0.0,LOW
2026-01-02 06:09:00,58.950383140761154,49.561464876536405,137.39145037306844,0.6095709942101906,0,NORMAL,No Incident,0.0,LOW
2026-01-02 06:10:00,45.1693894831656,63.53330051348848,103.80529065220377,2.205413270457751,0,NORMAL,No Incident,0.0,LOW
2026-01-02 06:11:00,51.467930119855495,48.530159801518174,94.97544169244648,3.2090863980140045,0,NORMAL,No Incident,0.0,LOW
2026-01-02 06:12:00,66.12220628255425,53.30075419747607,114.31624235690444,2.59310539935774,0,NORMAL,No Incident,0.0,LOW
2026-01-02 06:13:00,58.96839315865532,43.14488708299135,151.35583019591328,0.9978908953662252,0,NORMAL,No Incident,0.0,LOW
2026-01-02 06:14:00,47.31469352094168,48.60833510241915,132.91196157919092,1.3499062446913448,0,NORMAL,No Incident,0.0,LOW
2026-01-02 06:15:00,81.08807774584713,91.42823335776382,634.0792935358846,11.54806386199401,1,CRITICAL,High API Latency / Database Performance Issue,100.0,HIGH
2026-01-02 06:16:00,28.48184598670695,44.283711695176606,137.7971390357099,1.3965621655113925,0,NORMAL,No Incident,0.0,LOW
2026-01-02 06:17:00,42.8084668075758,48.15083420302628,128.41533125037174,3.528778835710307,0,NORMAL,No Incident,0.0,LOW
2026-01-02 06:18:00,47.88869761172305,59.98104867093753,122.41217095227157,0.0789868611767439,0,NORMAL,No Incident,0.0,LOW
2026-01-02 06:19:00,40.12820472848816,55.65114483125558,133.24613793295936,2.6559191396588364,0,NORMAL,No Incident,0.0,LOW
2026-01-02 06:20:00,48.68743032907695,75.93629308767447,109.0766779156396,0.7076966250715488,0,NORMAL,No Incident,0.0,LOW
2026-01-02 06:21:00,50.76851882958768,74.671172368195,91.71073977267358,1.0387485125489322,0,NORMAL,No Incident,0.0,LOW
2026-01-02 06:22:00,47.751440181919214,53.05662029799077,134.45993869248647,0.0,0,NORMAL,No Incident,0.0,LOW
2026-01-02 06:23:00,43.4999741917654,64.45710094722786,144.7547621149845,1.450945568841134,0,NORMAL,No Incident,0.0,LOW
2026-01-02 06:24:00,51.68654671966728,65.99426045503562,97.63536121287936,3.510731651539213,0,NORMAL,No Incident,0.0,LOW
2026-01-02 06:25:00,54.41940649569409,55.22016913580477,136.438429648318,2.264824242464778,0,NORMAL,No Incident,0.0,LOW
2026-01-02 06:26:00,39.096009225571535,48.03566770801437,153.6153142677638,0.8016384530009031,0,NORMAL,No Incident,0.0,LOW
2026-01-02 06:27:00,64.10932379746271,59.90161240553554,119.95507596485758,3.0171476743793124,0,NORMAL,No Incident,0.0,LOW
2026-01-02 06:28:00,49.01411867715738,58.61723460148711,103.63995630516509,3.2313042635686857,0,NORMAL,No Incident,0.0,LOW
2026-01-02 06:29:00,50.18849622944848,56.51388402423505,122.46037347053512,2.1040464810390858,0,NORMAL,No Incident,0.0,LOW
2026-01-02 06:30:00,57.08214423256557,63.53853494531588,108.98932063598598,4.03474915815259,0,NORMAL,No Incident,0.0,LOW
2026-01-02 06:31:00,52.332161312635016,53.99416314395521,107.66539780087196,2.821564124624614,0,NORMAL,No Incident,0.0,LOW
2026-01-02 06:32:00,99.53136633913245,80.78401961936686,628.6636813454309,12.682652507292588,1,CRITICAL,High API Latency / Database Performance Issue,100.0,HIGH
2026-01-02 06:33:00,52.87124165201824,60.87266376279865,87.92541049940209,1.19662129283371,0,NORMAL,No Incident,0.0,LOW
2026-01-02 06:34:00,43.87562625359562,63.087760740551005,91.12142155015546,2.627398485621341,0,NORMAL,No Incident,0.0,LOW
2026-01-02 06:35:00,53.61503525206102,50.58684044879958,120.38581760747886,2.2167912776044933,0,NORMAL,No Incident,0.0,LOW
2026-01-02 06:36:00,38.56273792679338,67.42472488792865,119.55382922175136,2.5198290026710266,0,NORMAL,No Incident,0.0,LOW
2026-01-02 06:37:00,51.085597057765234,45.83615089779138,126.87109154079872,1.3154143808586694,0,NORMAL,No Incident,0.0,LOW
2026-01-02 06:38:00,49.66770009355539,55.37509233027485,157.50450776966778,2.1280988843589865,0,NORMAL,No Incident,0.0,LOW
2026-01-02 06:39:00,47.91883142727461,57.935931710419126,122.09028072151642,1.1831384997850418,0,NORMAL,No Incident,0.0,LOW
2026-01-02 06:40:00,48.71462488561069,54.91021029878456,131.96344300669588,0.0,0,NORMAL,No Incident,0.0,LOW
2026-01-02 06:41:00,31.18150954502361,55.47951621159046,100.48934128770736,2.998304568578384,0,NORMAL,No Incident,0.0,LOW
2026-01-02 06:42:00,44.51275092259039,74.96859585846491,135.35875327033074,0.4976110183104827,0,NORMAL,No Incident,0.0,LOW
2026-01-02 06:43:00,50.928449011411146,53.19292728768881,109.47218269778644,2.107186464782416,0,NORMAL,No Incident,0.0,LOW
2026-01-02 06:44:00,51.598563919974005,79.52977377977531,121.42841665162186,2.33300212944904,0,NORMAL,No Incident,0.0,LOW
2026-01-02 06:45:00,39.72324859074042,63.49701423784842,117.82302749861675,2.326563015863055,0,NORMAL,No Incident,0.0,LOW
2026-01-02 06:46:00,62.65707840864701,60.73644109849594,140.6594846982806,1.7169209264017498,0,NORMAL,No Incident,0.0,LOW
2026-01-02 06:47:00,41.33825151785499,63.809922827101325,93.8004689125,2.271211475279973,0,NORMAL,No Incident,0.0,LOW
2026-01-02 06:48:00,59.69457200526737,80.23942199401561,74.33522730769921,2.470967069785162,0,NORMAL,No Incident,0.0,LOW
2026-01-02 06:49:00,54.27194361871685,52.05125596854842,115.73134605824151,2.734964815751985,0,NORMAL,No Incident,0.0,LOW
2026-01-02 06:50:00,43.53772690156197,51.03665664850889,129.37062513810247,3.733441339384263,0,NORMAL,No Incident,0.0,LOW
2026-01-02 06:51:00,67.75310892609512,53.96107042742463,123.04538751615,2.234194151498205,0,NORMAL,No Incident,0.0,LOW
2026-01-02 06:52:00,38.0636316824352,60.25714517571649,144.64408474827823,2.0640488450177017,0,NORMAL,No Incident,0.0,LOW
2026-01-02 06:53:00,59.191541736100014,46.19383100149941,128.74745348359338,1.093271034649906,0,NORMAL,No Incident,0.0,LOW
2026-01-02 06:54:00,60.005823180429786,60.17871391454887,108.7230333628028,2.435946323899337,0,NORMAL,No Incident,0.0,LOW
2026-01-02 06:55:00,43.293797909233554,73.54837706730937,73.4915969172064,2.6673831031405686,0,NORMAL,No Incident,0.0,LOW
2026-01-02 06:56:00,63.92465300064329,61.21125912499822,115.25375531609563,1.8076968157183728,0,NORMAL,No Incident,0.0,LOW
2026-01-02 06:57:00,47.49953485401047,57.65851632819778,140.55918004515595,2.544612504184037,0,NORMAL,No Incident,0.0,LOW
2026-01-02 06:58:00,52.88693629279857,55.05471641053098,112.15904434665772,1.707483806450658,0,NORMAL,No Incident,0.0,LOW
2026-01-02 06:59:00,52.60321838771221,67.18809363641252,120.56640527355528,2.670992652088924,0,NORMAL,No Incident,0.0,LOW
2026-01-02 07:00:00,48.65691258529452,53.39333781409562,128.42720508613417,2.912602314029744,0,NORMAL,No Incident,0.0,LOW
2026-01-02 07:01:00,58.10808273159782,74.77116736479398,99.69415251500368,2.898627866730485,0,NORMAL,No Incident,0.0,LOW
2026-01-02 07:02:00,57.93488720552213,75.46687798171486,132.46471793277635,2.1178443261413005,0,NORMAL,No Incident,0.0,LOW
2026-01-02 07:03:00,32.51468026761819,62.0540063892943,152.74243580003412,0.9600318483829486,0,NORMAL,No Incident,0.0,LOW
2026-01-02 07:04:00,63.043402428781526,59.90787929538684,116.54373296213188,1.3880869473581794,0,NORMAL,No Incident,0.0,LOW
2026-01-02 07:05:00,33.37508011964326,68.24527846593247,97.41871156335397,2.5951573238847283,0,NORMAL,No Incident,0.0,LOW
2026-01-02 07:06:00,60.32546204341657,68.7583880178186,118.66797945956051,4.448812305740227,0,NORMAL,No Incident,0.0,LOW
2026-01-02 07:07:00,61.26705136827583,53.55206615152468,75.51231782782263,1.659279228467918,0,NORMAL,No Incident,0.0,LOW
2026-01-02 07:08:00,39.09033569784802,55.78755893490639,126.73806527953232,2.45583767838814,0,NORMAL,No Incident,0.0,LOW
2026-01-02 07:09:00,45.89185712045416,49.42122052253364,129.04548755297157,1.4439474425205967,0,NORMAL,No Incident,0.0,LOW
2026-01-02 07:10:00,38.94295331514064,63.27251950667246,153.51272587691125,1.0260329557508991,0,NORMAL,No Incident,0.0,LOW
2026-01-02 07:11:00,47.850789697112646,65.33302306765512,116.1201041486675,1.3236841364226375,0,NORMAL,No Incident,0.0,LOW
2026-01-02 07:12:00,46.91965715814258,49.200594897109816,128.1697067629294,0.0,0,NORMAL,No Incident,0.0,LOW
2026-01-02 07:13:00,57.7966053226934,56.35840876147073,102.77423795228198,3.3534350629077507,0,NORMAL,No Incident,0.0,LOW
2026-01-02 07:14:00,63.10308746119608,49.22196865934921,112.87145758949842,0.0,0,NORMAL,No Incident,0.0,LOW
2026-01-02 07:15:00,63.95683810789956,52.8096015180493,89.49629126675603,1.7361717695993673,0,NORMAL,No Incident,0.0,LOW
2026-01-02 07:16:00,44.37831973421698,64.4081364818104,116.10420757433528,0.8218721046499455,0,NORMAL,No Incident,0.0,LOW
2026-01-02 07:17:00,47.90778126255472,54.132143466573766,113.8938169296287,1.1156197846377955,0,NORMAL,No Incident,0.0,LOW
2026-01-02 07:18:00,33.1656180777905,57.59339235174161,125.98399532177793,3.376522659738668,0,NORMAL,No Incident,0.0,LOW
2026-01-02 07:19:00,41.94129933503811,46.98150617642148,107.5280623933472,2.201066990031392,0,NORMAL,No Incident,0.0,LOW
2026-01-02 07:20:00,59.64851633097457,61.49592167779731,121.66690701950183,1.0346038408182996,0,NORMAL,No Incident,0.0,LOW
2026-01-02 07:21:00,66.15582823548232,59.64581344124281,113.3323988878467,1.410482867503489,0,NORMAL,No Incident,0.0,LOW
2026-01-02 07:22:00,37.65651128120078,54.16832599973471,113.37001223400972,1.2345187795579142,0,NORMAL,No Incident,0.0,LOW
2026-01-02 07:23:00,44.075357408471056,58.48788561854021,121.6072465192606,1.9564543279211195,0,NORMAL,No Incident,0.0,LOW
2026-01-02 07:24:00,49.73594243041073,61.44235904402756,120.8104588463402,2.1728916847876927,0,NORMAL,No Incident,0.0,LOW
2026-01-02 07:25:00,52.80161158819607,53.48105480872525,135.22348078103278,3.89557477322856,0,NORMAL,No Incident,0.0,LOW
2026-01-02 07:26:00,41.90396480078354,48.18989964798577,117.5871393174033,0.083699234002293,0,NORMAL,No Incident,0.0,LOW
2026-01-02 07:27:00,54.24061044464089,74.44459546149452,113.00229301753994,1.965187685242048,0,NORMAL,No Incident,0.0,LOW
2026-01-02 07:28:00,45.26160652929084,54.93381836231782,116.38385109825548,1.684432307465478,0,NORMAL,No Incident,0.0,LOW
2026-01-02 07:29:00,49.855477291217206,59.22591917450489,105.70671766318014,2.946548527716782,0,NORMAL,No Incident,0.0,LOW
2026-01-02 07:30:00,55.462842480037,68.08671788016251,112.80177812866656,2.3548181181783936,0,NORMAL,No Incident,0.0,LOW
2026-01-02 07:31:00,50.064222698109376,88.23244150056388,160.6231742614646,2.5903622081149456,0,NORMAL,No Incident,1.0,LOW
2026-01-02 07:32:00,45.63614109473431,50.04410840088907,101.74642478608266,2.3450861860150827,0,NORMAL,No Incident,0.0,LOW
2026-01-02 07:33:00,48.90390196074169,63.59861770981208,114.4268733224138,1.0680088747164604,0,NORMAL,No Incident,0.0,LOW
2026-01-02 07:34:00,49.11637040794665,54.33958171764715,112.2502267346062,3.211265496493013,0,NORMAL,No Incident,0.0,LOW
2026-01-02 07:35:00,46.29988970117872,55.68967756338631,115.056567755112,2.798504904615669,0,NORMAL,No Incident,0.0,LOW
2026-01-02 07:36:00,47.41203937332897,54.23830383194568,113.3752138224321,2.915529791724743,0,NORMAL,No Incident,0.0,LOW
2026-01-02 07:37:00,65.98647170504717,50.99476025759532,125.58480202442,3.264050170507165,0,NORMAL,No Incident,0.0,LOW
2026-01-02 07:38:00,55.60919447941239,59.66966910572271,85.7964979721641,2.41767510065196,0,NORMAL,No Incident,0.0,LOW
2026-01-02 07:39:00,47.0451968197084,48.20397850361412,140.7434294506401,3.480992404117493,0,NORMAL,No Incident,0.0,LOW
2026-01-02 07:40:00,56.96954404510736,67.57446053209496,132.65165599284396,2.377639571786641,0,NORMAL,No Incident,0.0,LOW
2026-01-02 07:41:00,46.6618051024399,60.440023488267,95.1425682787373,1.7809414119753917,0,NORMAL,No Incident,0.0,LOW
2026-01-02 07:42:00,61.73124637586641,63.37947978321152,74.61845454095197,1.993396089516636,0,NORMAL,No Incident,0.0,LOW
2026-01-02 07:43:00,53.69642192198094,56.27049110443021,100.45855707717196,1.976156231863884,0,NORMAL,No Incident,0.0,LOW
2026-01-02 07:44:00,48.92697855995771,57.06236852630602,115.14667077145756,1.4806086779094572,0,NORMAL,No Incident,0.0,LOW
2026-01-02 07:45:00,54.477169258102776,62.30051124133863,171.60583797381548,3.6318888483702207,0,NORMAL,No Incident,0.0,LOW
2026-01-02 07:46:00,34.291238479315005,50.6875949407534,130.86513929948546,2.2962953655036675,0,NORMAL,No Incident,0.0,LOW
2026-01-02 07:47:00,38.73232531090195,57.13607652469332,83.84820701637085,2.0947384758329064,0,NORMAL,No Incident,0.0,LOW
2026-01-02 07:48:00,38.06074993600944,53.12309188897237,106.20688990198111,2.3882742549264337,0,NORMAL,No Incident,0.0,LOW
2026-01-02 07:49:00,51.429430947637066,52.87544951527188,118.93575127454034,4.979854516737147,0,NORMAL,No Incident,0.0,LOW
2026-01-02 07:50:00,67.32514999485092,43.121294074994864,125.07367108596192,0.8682758114003406,0,NORMAL,No Incident,0.0,LOW
2026-01-02 07:51:00,72.31300146192632,70.71461271583999,93.70502279379154,1.1549614882837242,0,NORMAL,No Incident,0.0,LOW
2026-01-02 07:52:00,56.38051101440757,54.507689974769846,117.30019544045877,0.6194289825530037,0,NORMAL,No Incident,0.0,LOW
2026-01-02 07:53:00,55.00844474944457,69.3070084413084,105.6472172477892,1.767400761564514,0,NORMAL,No Incident,0.0,LOW
2026-01-02 07:54:00,31.98942265847261,68.55033857115434,97.92482874795368,2.2455184433273603,0,NORMAL,No Incident,0.0,LOW
2026-01-02 07:55:00,44.57326200265978,49.71200234786805,125.19191293397908,1.5346774816589226,0,NORMAL,No Incident,0.0,LOW
2026-01-02 07:56:00,42.12216248091761,51.29271011461724,135.47754346885645,1.46027320184823,0,NORMAL,No Incident,0.0,LOW
2026-01-02 07:57:00,43.79152401748884,80.48402367484547,136.82082553923237,2.1424048666281323,0,NORMAL,No Incident,0.0,LOW
2026-01-02 07:58:00,48.318561814152105,74.00740753541714,131.48772702267752,1.4978921751703025,0,NORMAL,No Incident,0.0,LOW
2026-01-02 07:59:00,45.27909422302873,59.74785189337517,110.05260933719474,2.3101758271828383,0,NORMAL,No Incident,0.0,LOW
2026-01-02 08:00:00,30.20700189624212,62.05898485133879,134.29099522927012,3.114234346742604,0,NORMAL,No Incident,0.0,LOW
2026-01-02 08:01:00,57.47910256117534,54.95322877642249,126.18108876208576,2.6770304698008065,0,NORMAL,No Incident,0.0,LOW
2026-01-02 08:02:00,39.27256974260193,63.45882171360272,122.67883765904028,2.881013347165202,0,NORMAL,No Incident,0.0,LOW
2026-01-02 08:03:00,52.39246864111149,54.26254479422023,107.76613756596404,3.08591841150672,0,NORMAL,No Incident,0.0,LOW
2026-01-02 08:04:00,70.74082669749973,43.74116988561292,110.06247745316944,2.282828160118703,0,NORMAL,No Incident,0.0,LOW
2026-01-02 08:05:00,40.80615408413577,49.42755370791159,121.47773872249108,1.841358973956899,0,NORMAL,No Incident,0.0,LOW
2026-01-02 08:06:00,24.697124772536704,60.1687419828047,168.79748933971,1.2277469291168044,0,NORMAL,No Incident,0.0,LOW
2026-01-02 08:07:00,47.139957781198895,50.9514621159793,126.0248496018278,1.608821836364279,0,NORMAL,No Incident,0.0,LOW
2026-01-02 08:08:00,61.00959634998571,59.46178028069173,107.77622995499428,1.4763144673231057,0,NORMAL,No Incident,0.0,LOW
2026-01-02 08:09:00,69.58347454220593,51.402711684537095,103.35221110061114,2.731672326620912,0,NORMAL,No Incident,0.0,LOW
2026-01-02 08:10:00,37.70450405547583,53.74116861998405,110.16466774687596,2.346782554594196,0,NORMAL,No Incident,0.0,LOW
2026-01-02 08:11:00,54.966992232365214,66.82532245130554,163.54586895098132,2.6967578627143016,0,NORMAL,No Incident,0.0,LOW
2026-01-02 08:12:00,45.34689543219947,61.979844381120834,112.01486708108077,0.8396631438998485,0,NORMAL,No Incident,0.0,LOW
2026-01-02 08:13:00,48.94051645695864,59.922684629493226,138.1374106922057,3.431749484241079,0,NORMAL,No Incident,0.0,LOW
2026-01-02 08:14:00,76.44343347017035,67.0317117845652,112.48143509057287,1.5730196284932376,0,NORMAL,No Incident,0.0,LOW
2026-01-02 08:15:00,34.970296716048466,63.84486874677878,125.22369082559256,0.8999833579253373,0,NORMAL,No Incident,0.0,LOW
2026-01-02 08:16:00,52.537396614945735,71.57250633001094,135.83490548017446,1.5607822351781873,0,NORMAL,No Incident,0.0,LOW
2026-01-02 08:17:00,54.676931717654334,56.32112590147888,108.56194300380152,4.483765992587508,0,NORMAL,No Incident,0.0,LOW
2026-01-02 08:18:00,60.85786324939348,56.56292017177993,107.1777669169446,1.6122831335084324,0,NORMAL,No Incident,0.0,LOW
2026-01-02 08:19:00,50.97983153470896,49.59112586886924,153.1773938891066,1.6749035285290743,0,NORMAL,No Incident,0.0,LOW
2026-01-02 08:20:00,53.08050539504102,56.568154261020645,139.69185789791595,1.807895319370324,0,NORMAL,No Incident,0.0,LOW
2026-01-02 08:21:00,46.08351432578209,67.71815915441957,135.81344637381457,1.8513796165685448,0,NORMAL,No Incident,0.0,LOW
2026-01-02 08:22:00,52.69126941245107,70.39989897809707,135.7455258624583,1.2185239341987455,0,NORMAL,No Incident,0.0,LOW
2026-01-02 08:23:00,46.5680772450259,67.68244134469334,129.19150976622132,2.1432130832061302,0,NORMAL,No Incident,0.0,LOW
2026-01-02 08:24:00,56.21571889856051,45.64646506760451,160.3555162635013,3.0755949081983305,0,NORMAL,No Incident,0.0,LOW
2026-01-02 08:25:00,46.30389663956366,68.66516170128588,120.87816603754314,2.314289315478707,0,NORMAL,No Incident,0.0,LOW
2026-01-02 08:26:00,53.77100393902187,45.29185101382343,131.54524734401838,0.8888347011000144,0,NORMAL,No Incident,0.0,LOW
2026-01-02 08:27:00,49.707371863150215,67.18493859297878,90.98174142811976,1.6556540950662917,0,NORMAL,No Incident,0.0,LOW
2026-01-02 08:28:00,61.26050250772168,57.05772378743156,103.50078626817518,1.4484725998983703,0,NORMAL,No Incident,0.0,LOW
2026-01-02 08:29:00,49.48606276411514,65.62026651147085,95.9836200032992,2.052939468234801,0,NORMAL,No Incident,0.0,LOW
2026-01-02 08:30:00,32.26967531793119,49.34041321684347,145.481271670323,3.330451671562317,0,NORMAL,No Incident,0.0,LOW
2026-01-02 08:31:00,62.61921500713992,69.36934106164918,68.94919695958501,1.851117203979117,0,NORMAL,No Incident,0.0,LOW
2026-01-02 08:32:00,40.94267699137381,48.28020203116089,111.95379954494555,1.9118451311296087,0,NORMAL,No Incident,0.0,LOW
2026-01-02 08:33:00,43.4623366135118,54.65236071317458,60.12586794678754,3.7776448188194296,0,NORMAL,No Incident,0.0,LOW
2026-01-02 08:34:00,44.04338705956508,52.01524297784772,103.3742420903622,2.87620599167166,0,NORMAL,No Incident,0.0,LOW
2026-01-02 08:35:00,63.74438093170817,45.96572117742001,110.18102100536268,2.574081282106535,0,NORMAL,No Incident,0.0,LOW
2026-01-02 08:36:00,28.643257860213044,60.756220540707744,147.69742187588088,3.958131615301776,0,NORMAL,No Incident,0.0,LOW
2026-01-02 08:37:00,81.37748533659993,74.44871294269569,127.93255878442916,2.489811254794013,0,NORMAL,No Incident,6.0,LOW
2026-01-02 08:38:00,60.56056809066052,81.33524177856007,103.33716953342068,0.0134728580224776,0,NORMAL,No Incident,0.0,LOW
2026-01-02 08:39:00,52.2323891412916,60.77724629668998,141.31927439463652,2.8326657578803607,0,NORMAL,No Incident,0.0,LOW
2026-01-02 08:40:00,49.451059993837134,68.93345020054018,120.35664509059517,0.4079915428813498,0,NORMAL,No Incident,0.0,LOW
2026-01-02 08:41:00,52.85554074857657,61.8567571034283,120.75133717414504,2.452005368582448,0,NORMAL,No Incident,0.0,LOW
2026-01-02 08:42:00,55.211224283793385,63.9910655581457,95.94656984456016,0.28625642587076,0,NORMAL,No Incident,0.0,LOW
2026-01-02 08:43:00,56.45215585950057,57.26281079098209,100.1997257219372,1.5331445896000806,0,NORMAL,No Incident,0.0,LOW
2026-01-02 08:44:00,55.55604466003449,61.560615403380815,103.49805400108951,1.6362154703901288,0,NORMAL,No Incident,0.0,LOW
2026-01-02 08:45:00,50.895806812552486,64.29982963685143,120.9292254630838,1.2298808927682467,0,NORMAL,No Incident,0.0,LOW
2026-01-02 08:46:00,48.02661579692674,55.37232216898935,121.5577145396135,1.6511480028088,0,NORMAL,No Incident,0.0,LOW
2026-01-02 08:47:00,48.487267163464885,59.3800456008561,150.88185327048092,3.0325617203605524,0,NORMAL,No Incident,0.0,LOW
2026-01-02 08:48:00,48.05091719647319,59.5325590480201,127.70110335875668,1.2860470878404466,0,NORMAL,No Incident,0.0,LOW
2026-01-02 08:49:00,61.337700968670646,66.6112265386442,65.84868612655784,2.545140879510541,0,NORMAL,No Incident,0.0,LOW
2026-01-02 08:50:00,55.935567222808615,51.47174262697855,125.2528397574338,1.0343503603926998,0,NORMAL,No Incident,0.0,LOW
2026-01-02 08:51:00,20.5961136533572,59.58766233113879,90.99967287664934,1.8105004236078708,0,NORMAL,No Incident,0.0,LOW
2026-01-02 08:52:00,56.55900776529761,75.29604375242158,100.68058150776928,2.3238392663274503,0,NORMAL,No Incident,0.0,LOW
2026-01-02 08:53:00,51.94736194718775,69.3124812206875,103.7566105654734,1.0034715833814405,0,NORMAL,No Incident,0.0,LOW
2026-01-02 08:54:00,49.81291243554102,70.79343239110965,106.73323352975396,0.68827956708931,0,NORMAL,No Incident,0.0,LOW
2026-01-02 08:55:00,46.11481546911114,60.19545472142428,92.49701215919394,2.4918781505788883,0,NORMAL,No Incident,0.0,LOW
2026-01-02 08:56:00,61.24112719986013,62.56798050948819,124.06964006904576,3.123080399340638,0,NORMAL,No Incident,0.0,LOW
2026-01-02 08:57:00,59.475264621228575,68.0178893336234,91.78395429818082,1.920934980512628,0,NORMAL,No Incident,0.0,LOW
2026-01-02 08:58:00,42.27122332176391,72.48204423624745,127.13335214499692,1.5426870934432957,0,NORMAL,No Incident,0.0,LOW
2026-01-02 08:59:00,54.07052287124535,44.387176696936905,164.7394215412326,2.1556753876883867,0,NORMAL,No Incident,0.0,LOW
2026-01-02 09:00:00,40.28343265458714,49.47646954360123,93.41281882131872,2.0554799187653803,0,NORMAL,No Incident,0.0,LOW
2026-01-02 09:01:00,36.20381835211069,70.47555281122118,114.30979391321556,2.242902540711252,0,NORMAL,No Incident,0.0,LOW
2026-01-02 09:02:00,43.73282775410035,57.78488515384957,69.53085274975061,0.0,0,NORMAL,No Incident,0.0,LOW
2026-01-02 09:03:00,58.62393472382759,54.62623368593538,113.98129414059734,0.9308957088340368,0,NORMAL,No Incident,0.0,LOW
2026-01-02 09:04:00,59.53125045376087,49.96671210403517,132.85434305262967,1.1547698945631462,0,NORMAL,No Incident,0.0,LOW
2026-01-02 09:05:00,55.13085420097293,55.559866387647126,134.41278462714533,2.1508676285115627,0,NORMAL,No Incident,0.0,LOW
2026-01-02 09:06:00,97.25095786847996,78.7810457326094,621.5472746056819,12.185877883622268,1,CRITICAL,High API Latency / Database Performance Issue,100.0,HIGH
2026-01-02 09:07:00,55.16178287114958,76.72875418185981,137.7852684951795,2.636180488684036,0,NORMAL,No Incident,0.0,LOW
2026-01-02 09:08:00,43.58518404777048,59.82051158415541,170.92109071885585,2.257581749210437,0,NORMAL,No Incident,0.0,LOW
2026-01-02 09:09:00,54.31922544673941,59.53639566589826,154.246093748752,0.6992649296126643,0,NORMAL,No Incident,0.0,LOW
2026-01-02 09:10:00,58.00409525227683,64.70461340134266,109.54958141180728,3.44700461758506,0,NORMAL,No Incident,0.0,LOW
2026-01-02 09:11:00,57.542913298135744,67.69876135413256,90.97792027066524,3.2719183034223662,0,NORMAL,No Incident,0.0,LOW
2026-01-02 09:12:00,61.88913371474643,67.56710525243712,111.87697166852394,0.7418027099730742,0,NORMAL,No Incident,0.0,LOW
2026-01-02 09:13:00,57.08303847201064,68.58897555126057,101.06034468765304,2.332705294374183,0,NORMAL,No Incident,0.0,LOW
2026-01-02 09:14:00,53.51448207541583,54.95323559367315,129.02695095729266,1.4045756147569843,0,NORMAL,No Incident,0.0,LOW
2026-01-02 09:15:00,60.70150238316428,57.61706556034511,96.37612921141005,2.1388639892005483,0,NORMAL,No Incident,0.0,LOW
2026-01-02 09:16:00,49.7347874075094,66.1522532435382,118.54355134819316,3.0533102796418703,0,NORMAL,No Incident,0.0,LOW
2026-01-02 09:17:00,41.18125348772282,55.78088750688304,136.7602810907262,4.130104266320959,0,NORMAL,No Incident,0.0,LOW
2026-01-02 09:18:00,48.36933036056236,59.9591469437822,117.98608254365648,2.75127770514261,0,NORMAL,No Incident,0.0,LOW
2026-01-02 09:19:00,42.55097355193551,63.19011011539851,101.07372354504407,2.294934735110136,0,NORMAL,No Incident,0.0,LOW
2026-01-02 09:20:00,43.24821725025618,66.281480658483,143.49628115171384,1.6601788316917028,0,NORMAL,No Incident,0.0,LOW
2026-01-02 09:21:00,48.55481329284482,45.77855230103839,82.42038110492345,2.1821348710111765,0,NORMAL,No Incident,0.0,LOW
2026-01-02 09:22:00,42.07580079000039,65.71796519911156,113.44409888245072,3.359771893328314,0,NORMAL,No Incident,0.0,LOW
2026-01-02 09:23:00,46.9203847036096,58.1302075371862,119.1667995323733,1.9552912432404144,0,NORMAL,No Incident,0.0,LOW
2026-01-02 09:24:00,31.063853330462145,65.65966168691504,120.31817316799264,1.1138873486523495,0,NORMAL,No Incident,0.0,LOW
2026-01-02 09:25:00,52.13293707372939,66.21545353883863,123.60992112156164,0.3803101344833735,0,NORMAL,No Incident,0.0,LOW
2026-01-02 09:26:00,50.012054753622245,72.86332048895326,132.20879639618985,2.5130478674102505,0,NORMAL,No Incident,0.0,LOW
2026-01-02 09:27:00,41.82911368931809,70.82762918096962,119.29185121909298,2.2472881256277395,0,NORMAL,No Incident,0.0,LOW
2026-01-02 09:28:00,56.59245668432405,70.77257330088237,112.63883435712638,1.3540918267377031,0,NORMAL,No Incident,0.0,LOW
2026-01-02 09:29:00,59.37570137626558,71.5493625533299,111.84821310680609,3.026014125707298,0,NORMAL,No Incident,0.0,LOW
2026-01-02 09:30:00,33.924401356310256,62.33103187852757,107.7696839592329,1.5782231356123697,0,NORMAL,No Incident,0.0,LOW
2026-01-02 09:31:00,82.37275221433785,90.25748069629472,635.7508664865372,11.865355908175204,1,CRITICAL,High API Latency / Database Performance Issue,100.0,HIGH
2026-01-02 09:32:00,42.30857650212702,66.98253666542668,107.0694304104697,1.9833358667020564,0,NORMAL,No Incident,0.0,LOW
2026-01-02 09:33:00,40.60096898891136,65.85664761146418,136.9354221801649,1.649047257861912,0,NORMAL,No Incident,0.0,LOW
2026-01-02 09:34:00,58.294748419317486,57.52747010609392,120.37998164519742,2.2358650657495707,0,NORMAL,No Incident,0.0,LOW
2026-01-02 09:35:00,88.06173861227197,93.23858727046614,609.5749038628774,13.151515145933,1,CRITICAL,High API Latency / Database Performance Issue,100.0,HIGH
2026-01-02 09:36:00,47.35485158689389,59.719228265723245,132.3681443148827,0.8575181018815772,0,NORMAL,No Incident,0.0,LOW
2026-01-02 09:37:00,29.961376355932465,53.16853673231955,105.45092150553764,2.4885201384740085,0,NORMAL,No Incident,0.0,LOW
2026-01-02 09:38:00,56.35418030209226,70.3236859310108,132.76368081456425,2.172158669606441,0,NORMAL,No Incident,0.0,LOW
2026-01-02 09:39:00,37.60741605146528,60.44159394024072,124.2545224238357,2.1537638295447064,0,NORMAL,No Incident,0.0,LOW
2026-01-02 09:40:00,50.599326302663286,76.3896660615908,108.07350621816158,2.871844569874091,0,NORMAL,No Incident,0.0,LOW
2026-01-02 09:41:00,52.77376937958192,46.99606183840134,130.57269630669117,2.0492974252171585,0,NORMAL,No Incident,0.0,LOW
2026-01-02 09:42:00,63.60658595838651,55.54576981725307,130.9317945137728,2.480229261905703,0,NORMAL,No Incident,0.0,LOW
2026-01-02 09:43:00,36.91179600880888,60.26111069352697,143.15039211619916,2.715864629571147,0,NORMAL,No Incident,0.0,LOW
2026-01-02 09:44:00,19.804878441791747,69.09904878103131,139.32294024818592,1.4956347996193933,0,NORMAL,No Incident,0.0,LOW
2026-01-02 09:45:00,51.83849544753695,63.19575498081748,129.82548041452566,2.2991834608137984,0,NORMAL,No Incident,0.0,LOW
2026-01-02 09:46:00,68.00511181510853,62.48378203344601,97.44818097582474,1.749212392789368,0,NORMAL,No Incident,0.0,LOW
2026-01-02 09:47:00,62.38946352939438,50.981889659566825,168.97173976348114,1.8673182202801044,0,NORMAL,No Incident,0.0,LOW
2026-01-02 09:48:00,52.096594152746256,50.74446882216423,91.9276757785638,1.677938603521668,0,NORMAL,No Incident,0.0,LOW
2026-01-02 09:49:00,45.08363814367953,62.58003728231924,138.9852634856462,2.4710804040968863,0,NORMAL,No Incident,0.0,LOW
2026-01-02 09:50:00,58.07122596637311,49.08715204945313,128.62567633772596,2.0816447090182537,0,NORMAL,No Incident,0.0,LOW
2026-01-02 09:51:00,40.26453800295531,55.74497799768537,96.51715255037772,2.394544034316674,0,NORMAL,No Incident,0.0,LOW
2026-01-02 09:52:00,54.76357769356219,64.00733863268687,117.51398122243002,1.982482637104252,0,NORMAL,No Incident,0.0,LOW
2026-01-02 09:53:00,95.05470159166626,82.1414058217858,618.4249422751072,10.395878987529676,1,CRITICAL,High API Latency / Database Performance Issue,100.0,HIGH
2026-01-02 09:54:00,60.6020990749888,72.84284769889445,146.11165431621046,2.0313684160997085,0,NORMAL,No Incident,0.0,LOW
2026-01-02 09:55:00,77.59660038911078,69.79149075390312,105.73378199439576,2.063537955156817,0,NORMAL,No Incident,0.5,LOW
2026-01-02 09:56:00,53.92415967178767,47.4286400132936,114.76109987151293,2.2425959371534603,0,NORMAL,No Incident,0.0,LOW
2026-01-02 09:57:00,44.91036374292501,52.5410300545441,73.27860789957474,1.4062708063142582,0,NORMAL,No Incident,0.0,LOW
2026-01-02 09:58:00,49.74425687808006,41.7137820440404,154.69525586247153,0.8045302833344881,0,NORMAL,No Incident,0.0,LOW
2026-01-02 09:59:00,32.30924095110882,53.73926909961494,98.59063513959858,2.624606644894278,0,NORMAL,No Incident,0.0,LOW
2026-01-02 10:00:00,43.05286868910942,66.13110781257919,126.5382172847835,1.726393443465831,0,NORMAL,No Incident,0.0,LOW
2026-01-02 10:01:00,45.90717561886896,56.68884046180114,117.97184340556272,2.171244047684996,0,NORMAL,No Incident,0.0,LOW
2026-01-02 10:02:00,44.75911602065408,63.68637794892774,118.0399806643332,1.7185399201117044,0,NORMAL,No Incident,0.0,LOW
2026-01-02 10:03:00,51.52354872033722,47.82132545374605,136.1972396974175,1.9939381742264053,0,NORMAL,No Incident,0.0,LOW
2026-01-02 10:04:00,41.775800676178,66.38380203665524,153.4252492060727,1.5507146520641917,0,NORMAL,No Incident,0.0,LOW
2026-01-02 10:05:00,61.21030667324472,55.5591261765732,125.02987339883984,1.031916410846172,0,NORMAL,No Incident,0.0,LOW
2026-01-02 10:06:00,50.00207064918197,60.09735745826324,133.1015603526105,2.473731660768657,0,NORMAL,No Incident,0.0,LOW
2026-01-02 10:07:00,49.90699678861385,59.25700398885558,126.5778307345408,1.39687991177388,0,NORMAL,No Incident,0.0,LOW
2026-01-02 10:08:00,46.72105283487082,49.82761183286173,140.35062847861252,2.1639514808948106,0,NORMAL,No Incident,0.0,LOW
2026-01-02 10:09:00,51.551906838589794,50.77532534608174,110.74167241027344,2.4104602219020776,0,NORMAL,No Incident,0.0,LOW
2026-01-02 10:10:00,58.25098264667635,67.74235575202741,141.50781108832828,1.4131872843969182,0,NORMAL,No Incident,0.0,LOW
2026-01-02 10:11:00,41.328697842891,63.19193726001357,142.20999731294768,0.7961143656270151,0,NORMAL,No Incident,0.0,LOW
2026-01-02 10:12:00,43.41883510924743,68.40039233242742,141.6507401736582,4.426085613853052,0,NORMAL,No Incident,0.0,LOW
2026-01-02 10:13:00,46.96273971223335,62.59726588402015,106.79704265327048,1.472228124054574,0,NORMAL,No Incident,0.0,LOW
2026-01-02 10:14:00,36.54129076526785,61.14392507847373,116.63324731525618,2.6234171586011583,0,NORMAL,No Incident,0.0,LOW
2026-01-02 10:15:00,41.80742140278503,46.19191505066587,124.7893397756087,3.939463549570124,0,NORMAL,No Incident,0.0,LOW
2026-01-02 10:16:00,45.23779126455341,57.83706642591064,92.58315910341987,2.7899077468538933,0,NORMAL,No Incident,0.0,LOW
2026-01-02 10:17:00,58.74389180712728,59.78092543677005,151.8984041617203,1.6995571911724483,0,NORMAL,No Incident,0.0,LOW
2026-01-02 10:18:00,52.62561329001925,75.6248575861806,119.75446932995648,1.9328836124648887,0,NORMAL,No Incident,0.0,LOW
2026-01-02 10:19:00,51.93589911367545,65.49565305678942,125.67855775209443,1.1673927802611517,0,NORMAL,No Incident,0.0,LOW
2026-01-02 10:20:00,58.50897962167972,72.28848945367622,108.45991120545594,2.8816964269577423,0,NORMAL,No Incident,0.0,LOW
2026-01-02 10:21:00,48.62628211600603,64.78030164715783,93.46244881265956,2.5662707080586884,0,NORMAL,No Incident,0.0,LOW
2026-01-02 10:22:00,53.904648499288896,54.30957418440416,107.91940229050458,1.4855741817382568,0,NORMAL,No Incident,0.0,LOW
2026-01-02 10:23:00,48.96778247067504,60.93699372919881,124.38408375267176,0.9578251929015557,0,NORMAL,No Incident,0.0,LOW
2026-01-02 10:24:00,52.653623493996285,61.889789170113865,133.46857625507386,0.6787662623363084,0,NORMAL,No Incident,0.0,LOW
2026-01-02 10:25:00,44.17241342388418,52.48675544183455,123.2358308120544,2.986514003804201,0,NORMAL,No Incident,0.0,LOW
2026-01-02 10:26:00,25.61182841723571,56.92490098725663,126.934480324839,2.1203731289555607,0,NORMAL,No Incident,0.0,LOW
2026-01-02 10:27:00,48.65720837813696,58.35386405058262,113.25947250637246,2.2149845363327514,0,NORMAL,No Incident,0.0,LOW
2026-01-02 10:28:00,64.2274813609994,72.84495866052094,129.92497132490857,1.1770513741376427,0,NORMAL,No Incident,0.0,LOW
2026-01-02 10:29:00,59.26215402241593,43.35407579687217,149.65665732771814,0.5364968966955939,0,NORMAL,No Incident,0.0,LOW
2026-01-02 10:30:00,59.653974845911705,69.64654736572834,134.09578884877973,2.962613574711632,0,NORMAL,No Incident,0.0,LOW
2026-01-02 10:31:00,62.36130721806218,52.50563812032494,136.1908377650588,2.0420390369972305,0,NORMAL,No Incident,0.0,LOW
2026-01-02 10:32:00,50.88657590961437,49.023366501843086,125.8803279861326,2.9072346600576204,0,NORMAL,No Incident,0.0,LOW
2026-01-02 10:33:00,51.97315707405596,69.43953704030771,89.93689860800797,1.614066873484436,0,NORMAL,No Incident,0.0,LOW
2026-01-02 10:34:00,43.8234810456565,65.85518455387505,99.10666938737512,1.7631821569631416,0,NORMAL,No Incident,0.0,LOW
2026-01-02 10:35:00,46.8392714397295,70.03614961904952,129.09751601327687,2.713298176620632,0,NORMAL,No Incident,0.0,LOW
2026-01-02 10:36:00,56.15771149771142,66.40561558036461,119.78121896079828,2.7323480796505244,0,NORMAL,No Incident,0.0,LOW
2026-01-02 10:37:00,62.03884437168816,76.47876001389922,128.79685772945655,2.797565622685954,0,NORMAL,No Incident,0.0,LOW
2026-01-02 10:38:00,48.60553724319001,64.46979069555589,153.52846835688146,1.7047987468973038,0,NORMAL,No Incident,0.0,LOW
2026-01-02 10:39:00,45.498107351485885,58.748180991014735,134.52071998458666,2.614547237650868,0,NORMAL,No Incident,0.0,LOW
2026-01-02 10:40:00,50.005279588565976,62.74341101857074,145.17772411485643,3.109099465476719,0,NORMAL,No Incident,0.0,LOW
2026-01-02 10:41:00,56.01206748929115,69.94775302676771,121.8936277894146,1.8952279883184653,0,NORMAL,No Incident,0.0,LOW
2026-01-02 10:42:00,35.56145183866458,53.76499739791906,103.8556864503112,1.4865116362259465,0,NORMAL,No Incident,0.0,LOW
2026-01-02 10:43:00,27.03819046862762,54.78489133974895,118.84267681571318,3.3427476033167656,0,NORMAL,No Incident,0.0,LOW
2026-01-02 10:44:00,44.494631505084165,57.52831988321674,103.90496372561724,1.3455542664486928,0,NORMAL,No Incident,0.0,LOW
2026-01-02 10:45:00,37.79287574085841,43.16333760987735,151.16589913544897,2.629476497114477,0,NORMAL,No Incident,0.0,LOW
2026-01-02 10:46:00,44.91859802352689,61.104627267340376,135.8078215307094,1.9415776894801384,0,NORMAL,No Incident,0.0,LOW
2026-01-02 10:47:00,48.52219681182528,44.91097036839179,130.4102499325656,0.1584343835154396,0,NORMAL,No Incident,0.0,LOW
2026-01-02 10:48:00,45.467515909769865,60.42447450346095,144.71886404456205,3.12859406747858,0,NORMAL,No Incident,0.0,LOW
2026-01-02 10:49:00,64.52467534470745,66.922318049082,79.5988717095355,0.0,0,NORMAL,No Incident,0.0,LOW
2026-01-02 10:50:00,53.2674476460232,56.18498831484931,131.7627590268532,0.0158719332423911,0,NORMAL,No Incident,0.0,LOW
2026-01-02 10:51:00,53.00474359610829,73.41692696149497,93.78708431391254,2.527330079480672,0,NORMAL,No Incident,0.0,LOW
2026-01-02 10:52:00,56.22207144043402,48.3159928046521,119.85488603068676,2.527071198678115,0,NORMAL,No Incident,0.0,LOW
2026-01-02 10:53:00,78.61166882219231,99.53008545305464,613.7658481506558,11.362420142122463,1,CRITICAL,High API Latency / Database Performance Issue,100.0,HIGH
2026-01-02 10:54:00,60.391117874202685,65.40109645125537,133.23473224193896,2.147822090303245,0,NORMAL,No Incident,0.0,LOW
2026-01-02 10:55:00,49.2423571346454,46.27173401351449,124.5637457792191,0.0,0,NORMAL,No Incident,0.0,LOW
2026-01-02 10:56:00,56.70480617241213,81.68635439232426,146.90234347223577,2.7069754644705992,0,NORMAL,No Incident,0.0,LOW
2026-01-02 10:57:00,39.28142766959844,59.49003771596827,107.96205678134773,2.249725487053597,0,NORMAL,No Incident,0.0,LOW
2026-01-02 10:58:00,34.46241233983936,52.98012782275495,134.18228779266568,1.9543571466662049,0,NORMAL,No Incident,0.0,LOW
2026-01-02 10:59:00,58.17889658025029,48.74330244172786,123.24446433797664,2.020841482137772,0,NORMAL,No Incident,0.0,LOW
2026-01-02 11:00:00,53.76409526097517,58.23985577872261,87.29419459856895,2.493254176193032,0,NORMAL,No Incident,0.0,LOW
2026-01-02 11:01:00,40.9794844564249,58.98074502088032,101.62767082953934,1.971098476502139,0,NORMAL,No Incident,0.0,LOW
2026-01-02 11:02:00,41.303369187253054,60.82116422831732,117.00243932955664,0.1259444972687797,0,NORMAL,No Incident,0.0,LOW
2026-01-02 11:03:00,61.254347844147695,57.61763075020832,142.24584899783454,4.196332234522522,0,NORMAL,No Incident,0.0,LOW
2026-01-02 11:04:00,78.10588107132672,95.06580248092077,629.2744611511423,13.200800819428451,1,CRITICAL,High API Latency / Database Performance Issue,100.0,HIGH
2026-01-02 11:05:00,66.42672953255963,56.89896133869403,96.64998352238572,0.7150553380451719,0,NORMAL,No Incident,0.0,LOW
2026-01-02 11:06:00,40.99379265352131,44.52028706207624,117.1936754390568,1.6548627695234095,0,NORMAL,No Incident,0.0,LOW
2026-01-02 11:07:00,56.38391925608383,58.80510803480287,160.3561289758606,1.7639658098439592,0,NORMAL,No Incident,0.0,LOW
2026-01-02 11:08:00,46.71381524251015,41.060178773013774,122.22446669681716,3.0788495665089632,0,NORMAL,No Incident,0.0,LOW
2026-01-02 11:09:00,56.03187431082343,62.83016504713112,113.45348849855208,0.0,0,NORMAL,No Incident,0.0,LOW
2026-01-02 11:10:00,44.55885997885808,52.16559815773892,129.83479281512442,1.500991735570211,0,NORMAL,No Incident,0.0,LOW
2026-01-02 11:11:00,48.37207093927706,61.306882839326406,135.2678615916394,0.2393635566624963,0,NORMAL,No Incident,0.0,LOW
2026-01-02 11:12:00,50.40919175395721,70.51259985219683,110.87663305039882,1.7149044841716616,0,NORMAL,No Incident,0.0,LOW
2026-01-02 11:13:00,39.97812544218528,52.410010437856,130.05149548742875,1.5274991069150956,0,NORMAL,No Incident,0.0,LOW
2026-01-02 11:14:00,57.408243454201255,68.49005006809695,113.42221006658382,2.079694067382712,0,NORMAL,No Incident,0.0,LOW
2026-01-02 11:15:00,44.86786433528415,56.532883466510775,134.38655203658877,1.3951256009908166,0,NORMAL,No Incident,0.0,LOW
2026-01-02 11:16:00,87.71400084659982,100.0,623.3938631594257,11.248976608609476,1,CRITICAL,High API Latency / Database Performance Issue,100.0,HIGH
2026-01-02 11:17:00,40.05650625391488,57.07877909441429,129.63935654105785,2.619656691763148,0,NORMAL,No Incident,0.0,LOW
2026-01-02 11:18:00,24.37666341204689,53.27605611594647,104.81632907664992,2.4546727409425806,0,NORMAL,No Incident,0.0,LOW
2026-01-02 11:19:00,48.08972237399831,65.4979076031623,103.5742723185428,2.551398342778242,0,NORMAL,No Incident,0.0,LOW
2026-01-02 11:20:00,74.12615421612915,56.51368216301091,138.9099460931879,1.823099909509157,0,NORMAL,No Incident,0.0,LOW
2026-01-02 11:21:00,97.84604287898024,83.26840388696793,618.4120723722901,11.428261417774811,1,CRITICAL,High API Latency / Database Performance Issue,100.0,HIGH
2026-01-02 11:22:00,49.80739620265605,56.17728119436967,125.70069484198724,1.8811475179792287,0,NORMAL,No Incident,0.0,LOW
2026-01-02 11:23:00,47.37109170791732,59.64314774253599,113.8720914582696,2.5011620700684523,0,NORMAL,No Incident,0.0,LOW
2026-01-02 11:24:00,50.22465892812046,70.73744104995883,137.9745354802729,0.0,0,NORMAL,No Incident,0.0,LOW
2026-01-02 11:25:00,55.4711911517521,44.52729803632339,107.84380039940685,2.3941119303708582,0,NORMAL,No Incident,0.0,LOW
2026-01-02 11:26:00,38.19187184691155,60.184645271603365,117.28797520198236,2.309138187334798,0,NORMAL,No Incident,0.0,LOW
2026-01-02 11:27:00,61.143216946688725,64.99922875723234,135.71985625406262,2.062150906085727,0,NORMAL,No Incident,0.0,LOW
2026-01-02 11:28:00,57.15381315441244,61.54758859993437,143.45935398328533,1.8506865781283248,0,NORMAL,No Incident,0.0,LOW
2026-01-02 11:29:00,57.18185725707934,70.47892135546827,109.52481417946632,0.0,0,NORMAL,No Incident,0.0,LOW
2026-01-02 11:30:00,54.38475738809727,59.4052373619318,159.19367963911765,1.560146736899594,0,NORMAL,No Incident,0.0,LOW
2026-01-02 11:31:00,50.1961665769399,58.52358846251244,126.26483387387232,3.7894387110773735,0,NORMAL,No Incident,0.0,LOW
2026-01-02 11:32:00,56.7286123596682,64.73863637610674,99.14143476382525,2.0129012955683057,0,NORMAL,No Incident,0.0,LOW
2026-01-02 11:33:00,55.91814133741378,60.7945105196108,127.38104097179937,1.692710161325282,0,NORMAL,No Incident,0.0,LOW
2026-01-02 11:34:00,46.45959289058976,56.87673009375623,112.34001571033085,2.0169061955901126,0,NORMAL,No Incident,0.0,LOW
2026-01-02 11:35:00,44.26398227103099,64.12915231669103,128.68136974366354,2.3547728686280087,0,NORMAL,No Incident,0.0,LOW
2026-01-02 11:36:00,51.01856295261987,54.77977365426684,119.14287504679324,2.658820244689464,0,NORMAL,No Incident,0.0,LOW
2026-01-02 11:37:00,65.49020151495188,55.11058278384538,121.48547380380288,1.7711198368420582,0,NORMAL,No Incident,0.0,LOW
2026-01-02 11:38:00,37.60892924346099,55.77604782587509,101.76813246827707,2.424919602393684,0,NORMAL,No Incident,0.0,LOW
2026-01-02 11:39:00,35.324747342475604,70.82455328133126,139.8012246143272,3.67665080276136,0,NORMAL,No Incident,0.0,LOW
2026-01-02 11:40:00,51.647608412365166,34.23186915211429,96.87745265697936,3.0062507994327152,0,NORMAL,No Incident,0.0,LOW
2026-01-02 11:41:00,90.50887701856018,93.16479067810354,597.8247020919001,14.34030021585698,1,CRITICAL,High CPU Usage / Compute Resource Overload,100.0,HIGH
2026-01-02 11:42:00,51.73341664370408,60.27417451360178,127.34720698294971,1.3432296416482836,0,NORMAL,No Incident,0.0,LOW
2026-01-02 11:43:00,52.43953197908501,46.55303632609504,152.0568849435594,3.676189507502016,0,NORMAL,No Incident,0.0,LOW
2026-01-02 11:44:00,47.76797745365195,62.47781423308802,112.94813805871186,1.2093263600774051,0,NORMAL,No Incident,0.0,LOW
2026-01-02 11:45:00,64.89863438602082,63.80601593465226,134.01944645407931,2.353566146740463,0,NORMAL,No Incident,0.0,LOW
2026-01-02 11:46:00,33.99096021523484,64.7171138508592,141.4668035372709,2.7324765292380992,0,NORMAL,No Incident,0.0,LOW
2026-01-02 11:47:00,41.71502975219754,38.78537549564041,136.29368874588138,1.4892228080955277,0,NORMAL,No Incident,0.0,LOW
2026-01-02 11:48:00,48.96745239850953,70.93111529483551,113.77583421652638,2.0879642774742755,0,NORMAL,No Incident,0.0,LOW
2026-01-02 11:49:00,33.568111888458326,54.09810636252127,98.17906565611852,2.910461102451841,0,NORMAL,No Incident,0.0,LOW
2026-01-02 11:50:00,48.241455955679285,65.49254197402541,75.8490486865729,1.289729101688092,0,NORMAL,No Incident,0.0,LOW
2026-01-02 11:51:00,66.61470165728018,65.92859024545828,114.74319001075212,3.669383459547647,0,NORMAL,No Incident,0.0,LOW
2026-01-02 11:52:00,90.20886488295962,82.98642331504566,643.5617473712434,10.61540337527265,1,CRITICAL,High API Latency / Database Performance Issue,100.0,HIGH
2026-01-02 11:53:00,52.30700905718683,65.2836796188124,97.51668030476132,3.939691442728385,0,NORMAL,No Incident,0.0,LOW
2026-01-02 11:54:00,37.3983523482742,56.91605407270114,134.0041969503753,3.001326134799592,0,NORMAL,No Incident,0.0,LOW
2026-01-02 11:55:00,83.83638591960522,73.42898256529475,600.9969493989626,11.910274423672222,1,CRITICAL,High API Latency / Database Performance Issue,100.0,HIGH
2026-01-02 11:56:00,46.24803619676063,69.34193540422223,122.12145152773677,1.5973317887632683,0,NORMAL,No Incident,0.0,LOW
2026-01-02 11:57:00,46.82284903243766,53.79964029587008,134.15583228310035,1.4929717372089764,0,NORMAL,No Incident,0.0,LOW
2026-01-02 11:58:00,62.81643795003769,53.16405229809557,106.81009126323144,1.8642043597429847,0,NORMAL,No Incident,0.0,LOW
2026-01-02 11:59:00,55.57691060725124,56.77547305570622,123.40969361393827,1.951504138451173,0,NORMAL,No Incident,0.0,LOW
2026-01-02 12:00:00,38.88542043062968,62.1778938026191,111.69817326549342,3.2552262466345816,0,NORMAL,No Incident,0.0,LOW
2026-01-02 12:01:00,52.46504778432005,59.54183671342318,134.10297317876353,3.968654100384584,0,NORMAL,No Incident,0.0,LOW
2026-01-02 12:02:00,54.98221748496785,64.38453539765736,124.70634336969276,2.199379920654008,0,NORMAL,No Incident,0.0,LOW
2026-01-02 12:03:00,61.40149038521267,49.28408506777073,121.13015348858536,1.1543715120105955,0,NORMAL,No Incident,0.0,LOW
2026-01-02 12:04:00,65.80540686568374,54.06090903655412,151.16699920283955,1.454273959363806,0,NORMAL,No Incident,0.0,LOW
2026-01-02 12:05:00,39.84905808172131,59.07202342142773,133.24612284736605,1.816909215388716,0,NORMAL,No Incident,0.0,LOW
2026-01-02 12:06:00,41.89142488789662,75.18309834126964,106.1929626774742,0.9698778947032244,0,NORMAL,No Incident,0.0,LOW
2026-01-02 12:07:00,37.42422141085384,59.089499692689934,118.28272198404476,0.8210585978926213,0,NORMAL,No Incident,0.0,LOW
2026-01-02 12:08:00,47.659801408930186,68.68177810929305,118.48202429840678,4.097127212373027,0,NORMAL,No Incident,0.0,LOW
2026-01-02 12:09:00,54.66358374446335,60.30844135027454,121.60639145250424,2.302613525946254,0,NORMAL,No Incident,0.0,LOW
2026-01-02 12:10:00,59.87334516589102,56.13073090049945,170.4901855321499,1.166866866319653,0,NORMAL,No Incident,0.0,LOW
2026-01-02 12:11:00,49.24048976357477,58.02620460708447,127.41703785421994,2.816603570357713,0,NORMAL,No Incident,0.0,LOW
2026-01-02 12:12:00,46.80152476745156,58.65264230376895,79.28194859790449,0.8216538751931544,0,NORMAL,No Incident,0.0,LOW
2026-01-02 12:13:00,51.51757992248741,64.8291659116859,109.1440205656607,0.9039879521289464,0,NORMAL,No Incident,0.0,LOW
2026-01-02 12:14:00,41.64857098369977,70.99689014061244,81.35255825008383,1.196957598935755,0,NORMAL,No Incident,0.0,LOW
2026-01-02 12:15:00,70.89538721694774,62.87744678149057,113.4040348590832,3.654513280865033,0,NORMAL,No Incident,0.0,LOW
2026-01-02 12:16:00,33.923389728819416,69.49662142993404,80.25379540547144,1.747119934221626,0,NORMAL,No Incident,0.0,LOW
2026-01-02 12:17:00,51.847405788957246,52.28168209896251,102.56819057863144,0.0,0,NORMAL,No Incident,0.0,LOW
2026-01-02 12:18:00,70.2360621922964,56.68295592948776,89.5855694073176,3.210065933175593,0,NORMAL,No Incident,0.0,LOW
2026-01-02 12:19:00,50.067998445599976,54.20557972633867,127.68320355934956,1.6936186358376426,0,NORMAL,No Incident,0.0,LOW
2026-01-02 12:20:00,48.099609649985055,62.51555672699882,120.01078725257756,0.1505919941215943,0,NORMAL,No Incident,0.0,LOW
2026-01-02 12:21:00,46.42554577189573,57.12833291856469,126.05924614997464,1.6833165120365905,0,NORMAL,No Incident,0.0,LOW
2026-01-02 12:22:00,48.19608318237592,65.83818349627356,117.90897222862948,2.521003896604903,0,NORMAL,No Incident,0.0,LOW
2026-01-02 12:23:00,63.7284847467653,52.55198630694047,92.11404499591164,2.4040491665329693,0,NORMAL,No Incident,0.0,LOW
2026-01-02 12:24:00,27.88138088670493,60.34424778657025,130.2704273850947,3.798414979164819,0,NORMAL,No Incident,0.0,LOW
2026-01-02 12:25:00,65.33433701296326,65.49486328809805,158.44449120538906,1.1472321374300694,0,NORMAL,No Incident,0.0,LOW
2026-01-02 12:26:00,35.76042847549855,43.47757779967512,128.18425157213093,2.0467201202649723,0,NORMAL,No Incident,0.0,LOW
2026-01-02 12:27:00,47.333476707655855,76.97305045864162,111.48150801364868,1.300430721421578,0,NORMAL,No Incident,0.0,LOW
2026-01-02 12:28:00,45.70755579701338,57.734784920961,91.4386564778911,0.457807105812777,0,NORMAL,No Incident,0.0,LOW
2026-01-02 12:29:00,55.8855326977072,43.79968069059062,101.83866058480068,2.8855273723059547,0,NORMAL,No Incident,0.0,LOW
2026-01-02 12:30:00,34.01875648116253,61.26475118861429,129.0607931314412,2.46326956914752,0,NORMAL,No Incident,0.0,LOW
2026-01-02 12:31:00,54.62172666081943,60.26754774378521,141.4623605359875,2.2836784496988525,0,NORMAL,No Incident,0.0,LOW
2026-01-02 12:32:00,70.24309623286852,59.34484496342006,125.21732349443953,2.4267901932586446,0,NORMAL,No Incident,0.0,LOW
2026-01-02 12:33:00,36.368259954071895,67.92952890341333,135.99774579411968,1.3145271473115798,0,NORMAL,No Incident,0.0,LOW
2026-01-02 12:34:00,51.89706167610396,65.97955977141645,134.15356488054485,0.9943049126818068,0,NORMAL,No Incident,0.0,LOW
2026-01-02 12:35:00,43.38017822203391,62.38300952819076,130.13068782771836,2.0376473721693604,0,NORMAL,No Incident,0.0,LOW
2026-01-02 12:36:00,54.25887206193036,63.60124507157318,106.83052809477488,3.161211402411614,0,NORMAL,No Incident,0.0,LOW
2026-01-02 12:37:00,50.19147777415752,59.16513240449531,123.47847023950304,3.608077135453547,0,NORMAL,No Incident,0.0,LOW
2026-01-02 12:38:00,43.5851309095569,74.20392679392039,103.03244392235725,2.795432706807433,0,NORMAL,No Incident,0.0,LOW
2026-01-02 12:39:00,54.87872284871074,48.166431853137865,120.34857905916203,2.029174426768096,0,NORMAL,No Incident,0.0,LOW
2026-01-02 12:40:00,68.04348109786743,61.11721339372717,126.61727062133824,2.269783929399936,0,NORMAL,No Incident,0.0,LOW
2026-01-02 12:41:00,48.09096208272701,60.52019704951024,153.5756761477371,2.011593859325372,0,NORMAL,No Incident,0.0,LOW
2026-01-02 12:42:00,57.19757942148182,66.50624324851674,93.80536051264735,0.9740566603005718,0,NORMAL,No Incident,0.0,LOW
2026-01-02 12:43:00,37.06727042128836,53.24916898060081,129.6301526198261,2.0246473782105427,0,NORMAL,No Incident,0.0,LOW
2026-01-02 12:44:00,40.43563623181991,46.05061918082771,149.6247318324719,0.6651731824115068,0,NORMAL,No Incident,0.0,LOW
2026-01-02 12:45:00,54.72406277880377,61.254584128785545,135.17695531677592,1.8759227738969604,0,NORMAL,No Incident,0.0,LOW
2026-01-02 12:46:00,64.84116028535965,62.24984393774884,136.65890885650083,3.63610511059632,0,NORMAL,No Incident,0.0,LOW
2026-01-02 12:47:00,53.5561334878566,71.9167952755812,131.75389803735624,2.822859222783352,0,NORMAL,No Incident,0.0,LOW
2026-01-02 12:48:00,46.86941969476845,49.83710362939931,145.96668979550833,1.0768808157634702,0,NORMAL,No Incident,0.0,LOW
2026-01-02 12:49:00,49.99291405423354,69.23755013373376,98.25043663775264,1.9275709303577169,0,NORMAL,No Incident,0.0,LOW
2026-01-02 12:50:00,37.49592266030282,78.93931491221697,92.28146668059507,1.1656236882452622,0,NORMAL,No Incident,0.0,LOW
2026-01-02 12:51:00,56.04515326355367,56.977880899820185,119.87331719069488,1.93748623182279,0,NORMAL,No Incident,0.0,LOW
2026-01-02 12:52:00,58.82333062323409,49.67246224405421,76.7767579285658,3.041107816524563,0,NORMAL,No Incident,0.0,LOW
2026-01-02 12:53:00,45.4790966716692,56.74420506901304,144.61291608356024,2.653007938309904,0,NORMAL,No Incident,0.0,LOW
2026-01-02 12:54:00,45.299578522404985,60.11203973897105,144.41430390990882,4.484144080745336,0,NORMAL,No Incident,0.0,LOW
2026-01-02 12:55:00,52.658782296520485,64.51030300005532,111.33298889830948,3.1924774025075715,0,NORMAL,No Incident,0.0,LOW
2026-01-02 12:56:00,45.63280263959405,55.26884216129562,112.5845880667898,2.204000381077692,0,NORMAL,No Incident,0.0,LOW
2026-01-02 12:57:00,49.338673853741774,72.44158827317874,118.55305049698656,2.677149974133293,0,NORMAL,No Incident,0.0,LOW
2026-01-02 12:58:00,70.99721789166516,51.08374147993551,121.0404130087924,1.7975568258166643,0,NORMAL,No Incident,0.0,LOW
2026-01-02 12:59:00,47.52974299254004,46.0863587826176,122.54347838388571,0.8724957529135038,0,NORMAL,No Incident,0.0,LOW
2026-01-02 13:00:00,46.41659847978778,68.85368339429854,131.16464213756606,3.305776578287521,0,NORMAL,No Incident,0.0,LOW
2026-01-02 13:01:00,43.52458194364841,41.8030317503504,116.54747293983044,3.008991476931648,0,NORMAL,No Incident,0.0,LOW
2026-01-02 13:02:00,57.441919714999365,58.36696184901827,138.86386606955588,1.7589457854060355,0,NORMAL,No Incident,0.0,LOW
2026-01-02 13:03:00,48.18775826781897,84.94144903366438,128.91895554250607,2.273935736931338,0,NORMAL,No Incident,0.0,LOW
2026-01-02 13:04:00,43.506269616785744,59.90365157632055,107.86073108254728,3.2409391873848064,0,NORMAL,No Incident,0.0,LOW
2026-01-02 13:05:00,63.21304032273012,51.03385879443,146.70225335608194,2.84635142620602,0,NORMAL,No Incident,0.0,LOW
2026-01-02 13:06:00,64.19603004513637,59.54082028970565,92.83486027755026,0.5368987487503012,0,NORMAL,No Incident,0.0,LOW
2026-01-02 13:07:00,43.99576434261295,59.59359369104373,118.15668378357049,2.243620021489824,0,NORMAL,No Incident,0.0,LOW
2026-01-02 13:08:00,31.33460048639384,61.28519952282493,139.33834802150935,1.832368474511636,0,NORMAL,No Incident,0.0,LOW
2026-01-02 13:09:00,60.07513689836922,65.29810385727696,105.53853790175712,3.1130006991386807,0,NORMAL,No Incident,0.0,LOW
2026-01-02 13:10:00,43.15370174239996,51.687110653058085,126.19111293534304,3.031042738782661,0,NORMAL,No Incident,0.0,LOW
2026-01-02 13:11:00,57.90625599162769,73.50038444189435,130.86679193998097,3.318607828178045,0,NORMAL,No Incident,0.0,LOW
2026-01-02 13:12:00,30.298961822881644,61.960914274980944,102.78952264037522,0.8821056612797924,0,NORMAL,No Incident,0.0,LOW
2026-01-02 13:13:00,58.92597338299309,65.81435237121443,118.5504456081193,1.2158884659437612,0,NORMAL,No Incident,0.0,LOW
2026-01-02 13:14:00,37.88828070719219,54.97480480195486,116.8699233958158,3.1140824361354387,0,NORMAL,No Incident,0.0,LOW
2026-01-02 13:15:00,57.30764119066525,70.29105709596426,108.96524296335414,1.4083541846575542,0,NORMAL,No Incident,0.0,LOW
2026-01-02 13:16:00,50.14273067836434,57.94358072949548,166.0334970410155,0.4785670190856925,0,NORMAL,No Incident,0.0,LOW
2026-01-02 13:17:00,40.46060580603356,62.22042010794826,104.7378729310905,2.5325964876140654,0,NORMAL,No Incident,0.0,LOW
2026-01-02 13:18:00,45.9296368707322,52.53515138250312,140.09860588135766,1.4527815597340272,0,NORMAL,No Incident,0.0,LOW
2026-01-02 13:19:00,56.86318456956701,52.02454698878299,112.14397966237716,3.7897907703084006,0,NORMAL,No Incident,0.0,LOW
2026-01-02 13:20:00,51.05894453115234,65.50564245162306,98.26727622229436,2.296184553988464,0,NORMAL,No Incident,0.0,LOW
2026-01-02 13:21:00,55.84412980472485,56.45114535834091,122.05628486310138,2.160259286641665,0,NORMAL,No Incident,0.0,LOW
2026-01-02 13:22:00,69.76440584515485,53.16941529996498,132.98186768775005,1.630756108384243,0,NORMAL,No Incident,0.0,LOW
2026-01-02 13:23:00,34.357583882889486,54.85453326378376,138.4101915013136,3.590835333926972,0,NORMAL,No Incident,0.0,LOW
2026-01-02 13:24:00,66.17212574968624,65.59162457373937,151.24530221310138,2.358554459889821,0,NORMAL,No Incident,0.0,LOW
2026-01-02 13:25:00,51.04355937523213,54.96769711037111,178.90492579870198,1.5915004818437937,0,NORMAL,No Incident,0.0,LOW
2026-01-02 13:26:00,41.01215951676872,59.058760547182686,125.01028407511194,1.205916293394553,0,NORMAL,No Incident,0.0,LOW
2026-01-02 13:27:00,36.696863742610105,60.12022200229678,106.73815652349224,1.926526945435782,0,NORMAL,No Incident,0.0,LOW
2026-01-02 13:28:00,48.10879609222967,44.66120891191761,129.05748653589782,1.0223531628451945,0,NORMAL,No Incident,0.0,LOW
2026-01-02 13:29:00,59.2165011192446,48.23098875701186,114.67574099187016,3.028877441678944,0,NORMAL,No Incident,0.0,LOW
2026-01-02 13:30:00,48.724508796224654,62.6902231139805,138.5193225970446,0.1916579459757659,0,NORMAL,No Incident,0.0,LOW
2026-01-02 13:31:00,65.11154930247348,54.103765110778426,94.05671407268557,1.8604859716669293,0,NORMAL,No Incident,0.0,LOW
2026-01-02 13:32:00,75.48824309948441,98.45379929024335,667.3666908480087,12.610133545087931,1,CRITICAL,High API Latency / Database Performance Issue,100.0,HIGH
2026-01-02 13:33:00,49.87911052153945,67.73445683400436,137.12096189551025,2.342119420109657,0,NORMAL,No Incident,0.0,LOW
2026-01-02 13:34:00,37.47606555586881,65.75334933084349,86.3199196440767,1.282717026984331,0,NORMAL,No Incident,0.0,LOW
2026-01-02 13:35:00,53.63631882624968,74.55817429850077,105.81942195370056,2.660258706706549,0,NORMAL,No Incident,0.0,LOW
2026-01-02 13:36:00,58.868873900973,59.335285378054536,136.32162088227878,1.1139606116140923,0,NORMAL,No Incident,0.0,LOW
2026-01-02 13:37:00,45.79238206318946,65.1910554072307,143.5268811234291,1.97761534350319,0,NORMAL,No Incident,0.0,LOW
2026-01-02 13:38:00,23.95786143372866,55.32479218723175,94.55524745536071,2.651841571980356,0,NORMAL,No Incident,0.0,LOW
2026-01-02 13:39:00,51.98948146796494,79.61895930294979,134.26051700865898,2.4629127794931134,0,NORMAL,No Incident,0.0,LOW
2026-01-02 13:40:00,54.36738551733509,75.86906921948815,81.05320254676153,1.324960988580532,0,NORMAL,No Incident,0.0,LOW
2026-01-02 13:41:00,54.042947549616976,60.09504347614234,118.21328269057908,3.197494516564364,0,NORMAL,No Incident,0.0,LOW
2026-01-02 13:42:00,62.35782191822154,63.09268983924154,142.24093684206412,2.086694571485534,0,NORMAL,No Incident,0.0,LOW
2026-01-02 13:43:00,39.28946320350951,70.87438079491845,108.9696853979404,2.742995410939152,0,NORMAL,No Incident,0.0,LOW
2026-01-02 13:44:00,56.802161054504495,58.82288396148714,89.86155401723973,3.529101006673248,0,NORMAL,No Incident,0.0,LOW
2026-01-02 13:45:00,61.92507512477975,54.74700743360236,122.9242959275512,3.117520548774607,0,NORMAL,No Incident,0.0,LOW
2026-01-02 13:46:00,32.21412415993483,66.99191800805507,107.90562266729044,3.120129406331044,0,NORMAL,No Incident,0.0,LOW
2026-01-02 13:47:00,53.19651825918977,60.62751396866936,132.5911673213167,2.192679929849472,0,NORMAL,No Incident,0.0,LOW
2026-01-02 13:48:00,44.958201689923285,61.46395559716208,102.2934713556388,2.793935120910509,0,NORMAL,No Incident,0.0,LOW
2026-01-02 13:49:00,49.18477326898354,53.32582925545628,104.547262206938,2.213596574564316,0,NORMAL,No Incident,0.0,LOW
2026-01-02 13:50:00,53.47676483538336,46.25862281309283,79.57995358247513,0.7906755322215866,0,NORMAL,No Incident,0.0,LOW
2026-01-02 13:51:00,45.12771435886448,61.88913927903281,123.39889422102964,2.3027437925050425,0,NORMAL,No Incident,0.0,LOW
2026-01-02 13:52:00,43.24291920838388,67.2396963319536,116.78190123446802,2.2563609837384657,0,NORMAL,No Incident,0.0,LOW
2026-01-02 13:53:00,50.34152417488025,58.19354600739167,96.2323065851986,2.583729361521819,0,NORMAL,No Incident,0.0,LOW
2026-01-02 13:54:00,39.12754061137197,71.49143615647094,123.87597427534185,1.8720030247866049,0,NORMAL,No Incident,0.0,LOW
2026-01-02 13:55:00,39.14174871114815,54.36866939667564,140.5414060128828,1.2385444432361492,0,NORMAL,No Incident,0.0,LOW
2026-01-02 13:56:00,56.79373282956503,51.56236436027264,115.688641131621,2.656506083175227,0,NORMAL,No Incident,0.0,LOW
2026-01-02 13:57:00,38.51205964841344,59.46215754243095,125.36333899643948,0.686727712747752,0,NORMAL,No Incident,0.0,LOW
2026-01-02 13:58:00,56.66312500909212,59.33925939718968,125.46622499170329,3.4588191358564693,0,NORMAL,No Incident,0.0,LOW
2026-01-02 13:59:00,54.62591292853951,66.15974985068178,95.9134034564208,1.7685819387950077,0,NORMAL,No Incident,0.0,LOW
2026-01-02 14:00:00,32.741932712094034,53.80029740748813,161.13171641415192,2.245528172056168,0,NORMAL,No Incident,0.0,LOW
2026-01-02 14:01:00,43.22435347664345,70.94475389451918,110.58300339755432,2.558558153281572,0,NORMAL,No Incident,0.0,LOW
2026-01-02 14:02:00,61.94109403047372,75.73533570006603,133.1223240372054,2.5906880448441907,0,NORMAL,No Incident,0.0,LOW
2026-01-02 14:03:00,40.18834468860318,59.68684778425327,135.384305544581,0.5910157000482652,0,NORMAL,No Incident,0.0,LOW
2026-01-02 14:04:00,45.355957376906126,69.99768336147454,117.20809745768496,2.824086580544264,0,NORMAL,No Incident,0.0,LOW
2026-01-02 14:05:00,54.62060893251896,51.54802343499792,132.13590050119268,2.3031538283762734,0,NORMAL,No Incident,0.0,LOW
2026-01-02 14:06:00,57.83390509282596,68.60177232945533,124.9163844363278,1.3647386154413912,0,NORMAL,No Incident,0.0,LOW
2026-01-02 14:07:00,47.48461113955504,68.3782112684757,91.64720485545188,1.250333049054086,0,NORMAL,No Incident,0.0,LOW
2026-01-02 14:08:00,44.02489805308358,66.90749824151902,113.35454597499825,1.6659469179431543,0,NORMAL,No Incident,0.0,LOW
2026-01-02 14:09:00,100.0,89.87549528903764,607.7489819529187,10.701258313389507,1,CRITICAL,High API Latency / Database Performance Issue,100.0,HIGH
2026-01-02 14:10:00,67.3889966379758,36.36600847006375,110.76509917307746,3.7222673909870254,0,NORMAL,No Incident,0.0,LOW
2026-01-02 14:11:00,59.788580507817954,54.86618285078296,93.91993644326725,3.486151325143344,0,NORMAL,No Incident,0.0,LOW
2026-01-02 14:12:00,50.85318142565024,54.99267185852318,142.5286743349206,2.451700200975939,0,NORMAL,No Incident,0.0,LOW
2026-01-02 14:13:00,41.91734278359074,52.17396049551618,152.03985309226826,1.7766015836579092,0,NORMAL,No Incident,0.0,LOW
2026-01-02 14:14:00,41.695555934434346,60.97794403637653,139.56005951996818,1.8028920120626049,0,NORMAL,No Incident,0.0,LOW
2026-01-02 14:15:00,55.22514105265758,56.64829243583012,145.41058448294285,2.758065706173968,0,NORMAL,No Incident,0.0,LOW
2026-01-02 14:16:00,54.18398220888684,53.40310392187983,113.10730325983688,3.757826899501951,0,NORMAL,No Incident,0.0,LOW
2026-01-02 14:17:00,64.01598592946429,51.52959881401744,107.27486330027926,1.429603260403257,0,NORMAL,No Incident,0.0,LOW
2026-01-02 14:18:00,56.50450092536139,54.27589611611817,104.42825906376576,0.8824139573766758,0,NORMAL,No Incident,0.0,LOW
2026-01-02 14:19:00,34.96919698240182,68.97199369479942,132.88129845914446,3.547640773595271,0,NORMAL,No Incident,0.0,LOW
2026-01-02 14:20:00,60.51947617722919,54.71179956298005,124.541261062883,0.2128614124155485,0,NORMAL,No Incident,0.0,LOW
2026-01-02 14:21:00,40.01939372685587,55.88049034853382,118.45556576803148,0.9914691917473536,0,NORMAL,No Incident,0.0,LOW
2026-01-02 14:22:00,86.16028728047648,86.34641907981403,645.9029708839068,11.753142107489149,1,CRITICAL,High API Latency / Database Performance Issue,100.0,HIGH
2026-01-02 14:23:00,52.502002062516944,62.71194811047536,128.09882707630686,0.4395665321949689,0,NORMAL,No Incident,0.0,LOW
2026-01-02 14:24:00,69.95667489783965,63.64999590822826,103.2268472495883,3.112149062806598,0,NORMAL,No Incident,0.0,LOW
2026-01-02 14:25:00,81.09918556005361,35.642747686054705,106.3818234172861,2.8569052705051,0,NORMAL,No Incident,0.0,LOW
2026-01-02 14:26:00,56.06723059136183,68.17308171062086,133.6398659850829,1.4252067727846829,0,NORMAL,No Incident,0.0,LOW
2026-01-02 14:27:00,48.168033812796125,71.49094427395003,140.83465705309197,3.279614119177748,0,NORMAL,No Incident,0.0,LOW
2026-01-02 14:28:00,55.345056484805504,51.59850770110664,131.0336046451194,3.449292428403826,0,NORMAL,No Incident,0.0,LOW
2026-01-02 14:29:00,58.87655425873836,52.22161404212133,157.93777495744163,1.8868293517099364,0,NORMAL,No Incident,0.0,LOW
2026-01-02 14:30:00,46.793323744428086,56.39797289777383,152.70014331462838,1.5493318224319923,0,NORMAL,No Incident,0.0,LOW
2026-01-02 14:31:00,67.95211355912322,53.95196784434716,128.82071669701526,4.259602027742478,0,NORMAL,No Incident,0.0,LOW
2026-01-02 14:32:00,52.30070759191402,61.79141499157285,103.22838681036995,2.721161822084155,0,NORMAL,No Incident,0.0,LOW
2026-01-02 14:33:00,54.97743089091394,44.42779770912909,93.80024976536464,2.256324652968853,0,NORMAL,No Incident,0.0,LOW
2026-01-02 14:34:00,56.659242520544616,51.05657913570608,112.2523650997057,3.3635459466396123,0,NORMAL,No Incident,0.0,LOW
2026-01-02 14:35:00,54.21586610614456,72.31357760139926,135.06426892832314,2.3019306350030213,0,NORMAL,No Incident,0.0,LOW
2026-01-02 14:36:00,58.38940500469612,52.574240261215856,156.53294158623876,1.4943794140808115,0,NORMAL,No Incident,0.0,LOW
2026-01-02 14:37:00,43.82746813453077,69.9474262248234,128.348940688216,2.080159760487553,0,NORMAL,No Incident,0.0,LOW
2026-01-02 14:38:00,44.41698246053969,62.84270556472109,143.37445588462472,3.038654287319736,0,NORMAL,No Incident,0.0,LOW
2026-01-02 14:39:00,38.99845767028305,45.525858283293935,115.09385027624396,0.0078144336507863,0,NORMAL,No Incident,0.0,LOW
2026-01-02 14:40:00,54.39501230620226,65.08263356172965,132.455382504551,1.711969260560779,0,NORMAL,No Incident,0.0,LOW
2026-01-02 14:41:00,57.78936503512114,59.05866158245718,136.46713658954346,3.383057398581605,0,NORMAL,No Incident,0.0,LOW
2026-01-02 14:42:00,54.57772866151886,56.35626355000208,80.40811448294943,1.4881315989064825,0,NORMAL,No Incident,0.0,LOW
2026-01-02 14:43:00,66.74492433347538,61.95965674537603,111.7312239524698,3.54610856043141,0,NORMAL,No Incident,0.0,LOW
2026-01-02 14:44:00,49.94403981170954,63.797067884534336,138.9940076855574,3.4147438193598125,0,NORMAL,No Incident,0.0,LOW
2026-01-02 14:45:00,56.687416555925125,65.66073457579695,125.4893667127313,1.9344708845110488,0,NORMAL,No Incident,0.0,LOW
2026-01-02 14:46:00,79.08299123860687,99.42602278038402,596.0696990369813,11.431460695111,1,CRITICAL,High Memory Usage / Possible Memory Leak,100.0,HIGH
2026-01-02 14:47:00,46.12900297525599,63.26508730222685,71.39755248545288,1.7126411258503655,0,NORMAL,No Incident,0.0,LOW
2026-01-02 14:48:00,56.95537757565778,48.9949272897091,112.68438509395988,4.6646144920014345,0,NORMAL,No Incident,0.0,LOW
2026-01-02 14:49:00,58.49102110743144,56.21083633879047,118.56828614212242,3.874424446933244,0,NORMAL,No Incident,0.0,LOW
2026-01-02 14:50:00,47.060330523358175,83.54438668214897,102.32154100343308,2.1253909718067385,0,NORMAL,No Incident,0.0,LOW
2026-01-02 14:51:00,49.28400748141933,65.79592848305381,122.86169874055987,1.3918464483795905,0,NORMAL,No Incident,0.0,LOW
2026-01-02 14:52:00,34.821262533191906,78.95429840649197,130.1277349446579,2.117041035581263,0,NORMAL,No Incident,0.0,LOW
2026-01-02 14:53:00,46.42970799193391,71.16347265759349,133.41374341452465,2.2438269266167645,0,NORMAL,No Incident,0.0,LOW
2026-01-02 14:54:00,58.90383163519786,61.93441657244599,72.88162150135355,0.756641262390646,0,NORMAL,No Incident,0.0,LOW
2026-01-02 14:55:00,55.75205016106566,62.41125655824894,93.7142980438376,2.0800412692152603,0,NORMAL,No Incident,0.0,LOW
2026-01-02 14:56:00,55.0066572138121,59.70735968098524,113.90754703290528,3.32240432481173,0,NORMAL,No Incident,0.0,LOW
2026-01-02 14:57:00,50.4977368718096,46.097563073228,131.44346262074927,0.2006433187835266,0,NORMAL,No Incident,0.0,LOW
2026-01-02 14:58:00,50.07063158628176,60.144378019745794,129.78468027100072,2.826583965137248,0,NORMAL,No Incident,0.0,LOW
2026-01-02 14:59:00,43.39678860526553,69.68539642033758,129.4373989575335,3.37479797005478,0,NORMAL,No Incident,0.0,LOW
2026-01-02 15:00:00,56.98828420202535,55.20288004143037,112.33164116062136,1.4394426549056318,0,NORMAL,No Incident,0.0,LOW
2026-01-02 15:01:00,54.2097294438939,63.29562399249448,113.44733125380078,3.694175758191056,0,NORMAL,No Incident,0.0,LOW
2026-01-02 15:02:00,54.920188479928,66.81272836714558,105.4334146315652,1.3096629375516546,0,NORMAL,No Incident,0.0,LOW
2026-01-02 15:03:00,44.7396515733242,52.7225564855002,135.36388256211697,2.441082661860404,0,NORMAL,No Incident,0.0,LOW
2026-01-02 15:04:00,28.46657080128756,56.389577085250686,101.59022424520845,1.6932273153363695,0,NORMAL,No Incident,0.0,LOW
2026-01-02 15:05:00,60.97152711753696,51.85670807618273,137.0007279037914,1.6930036428373965,0,NORMAL,No Incident,0.0,LOW
2026-01-02 15:06:00,45.21162543991596,53.42267514648474,124.15706476275292,1.3827009302419544,0,NORMAL,No Incident,0.0,LOW
2026-01-02 15:07:00,41.3722423595688,49.69915773077551,119.09911043089691,2.69857548086202,0,NORMAL,No Incident,0.0,LOW
2026-01-02 15:08:00,56.934789119139936,52.79641230897579,106.86579200447066,2.848805457731449,0,NORMAL,No Incident,0.0,LOW
2026-01-02 15:09:00,46.0798736008087,71.35564544638271,92.88916277671748,1.9355778004228112,0,NORMAL,No Incident,0.0,LOW
2026-01-02 15:10:00,60.59936384046622,52.676183767277664,107.04694487243908,0.6400317863277258,0,NORMAL,No Incident,0.0,LOW
2026-01-02 15:11:00,56.17005949576698,61.01167375248552,113.39986262750227,2.4031701666343896,0,NORMAL,No Incident,0.0,LOW
2026-01-02 15:12:00,56.83569323200477,55.97704997063235,72.61951376837497,2.422014359410694,0,NORMAL,No Incident,0.0,LOW
2026-01-02 15:13:00,36.340442887994655,69.43092749629551,116.05289689330672,1.7832849886135729,0,NORMAL,No Incident,0.0,LOW
2026-01-02 15:14:00,62.11943985386401,70.48929837282893,138.4871473605201,3.867231287180808,0,NORMAL,No Incident,0.0,LOW
2026-01-02 15:15:00,52.61250531233856,66.91255985711157,131.34435810867743,0.436070735099346,0,NORMAL,No Incident,0.0,LOW
2026-01-02 15:16:00,46.307228607537965,62.449076424822046,110.07588248516986,0.0,0,NORMAL,No Incident,0.0,LOW
2026-01-02 15:17:00,51.43388467342251,58.15152370527281,120.93872596830457,1.2691651003023292,0,NORMAL,No Incident,0.0,LOW
2026-01-02 15:18:00,32.2376476710168,50.46500236647,108.87670861156,2.710424534091449,0,NORMAL,No Incident,0.0,LOW
2026-01-02 15:19:00,54.08652811480671,75.54823104897758,122.97521466671392,0.9441553625661592,0,NORMAL,No Incident,0.0,LOW
2026-01-02 15:20:00,39.706284918179286,53.92261585797957,150.80215647488063,1.019029081473925,0,NORMAL,No Incident,0.0,LOW
2026-01-02 15:21:00,36.47329714156466,65.30917077626273,139.36997605249752,2.9510213361781545,0,NORMAL,No Incident,0.0,LOW
2026-01-02 15:22:00,74.7764081378211,98.47652458098716,630.4158861138551,12.46254792279775,1,CRITICAL,High API Latency / Database Performance Issue,100.0,HIGH
2026-01-02 15:23:00,61.12688374989925,55.55775602475737,110.14230175232564,2.3770609096284,0,NORMAL,No Incident,0.0,LOW
2026-01-02 15:24:00,43.70736606307212,68.3041002185277,134.99876785889677,2.781428919465528,0,NORMAL,No Incident,0.0,LOW
2026-01-02 15:25:00,100.0,96.11370562671084,586.262460972539,11.574807046727116,1,CRITICAL,High CPU Usage / Compute Resource Overload,100.0,HIGH
2026-01-02 15:26:00,44.64198536947702,73.82371068305412,114.9529303601822,1.6210159259418089,0,NORMAL,No Incident,0.0,LOW
2026-01-02 15:27:00,32.92642042407053,56.24522826858631,131.674228396479,2.809779272561425,0,NORMAL,No Incident,0.0,LOW
2026-01-02 15:28:00,38.83475560051341,49.71308786176228,134.80842428095502,0.6551132192188005,0,NORMAL,No Incident,0.0,LOW
2026-01-02 15:29:00,62.35811620006939,55.95608195644391,133.3976898043148,0.0,0,NORMAL,No Incident,0.0,LOW
2026-01-02 15:30:00,48.441018220633325,61.67082834027465,125.89661378419387,1.5667158263721457,0,NORMAL,No Incident,0.0,LOW
2026-01-02 15:31:00,44.51712703509399,60.46570181668045,116.08550041832234,2.9308732890656914,0,NORMAL,No Incident,0.0,LOW
2026-01-02 15:32:00,51.60018225852788,56.8524968298036,130.75951939652978,2.2555596989868034,0,NORMAL,No Incident,0.0,LOW
2026-01-02 15:33:00,55.01782736167545,44.72642032818206,100.942779188274,2.857291504123016,0,NORMAL,No Incident,0.0,LOW
2026-01-02 15:34:00,61.17398815902461,63.763863969032855,103.106454734135,0.0,0,NORMAL,No Incident,0.0,LOW
2026-01-02 15:35:00,64.48499229892926,75.7787558326576,121.23469352920594,2.315496808323492,0,NORMAL,No Incident,0.0,LOW
2026-01-02 15:36:00,46.40231354210914,63.71400990498403,123.46395285417496,2.653864504642378,0,NORMAL,No Incident,0.0,LOW
2026-01-02 15:37:00,36.73952313917962,64.8730841524281,83.48769642870707,0.6492025773893153,0,NORMAL,No Incident,0.0,LOW
2026-01-02 15:38:00,45.86534838876724,64.57956244924081,129.10292761899038,2.862057590546545,0,NORMAL,No Incident,0.0,LOW
2026-01-02 15:39:00,52.60280506582886,63.1763733590592,135.45456755838788,1.888481103494207,0,NORMAL,No Incident,0.0,LOW
2026-01-02 15:40:00,40.36241073789389,67.45332773494476,118.4542952506741,5.071336701606002,0,NORMAL,No Incident,0.0,LOW
2026-01-02 15:41:00,40.42849085104957,63.16298944948532,167.48932566567984,0.0,0,NORMAL,No Incident,0.0,LOW
2026-01-02 15:42:00,53.437878815498856,57.49858264277379,106.34129787369628,3.369114367674751,0,NORMAL,No Incident,0.0,LOW
2026-01-02 15:43:00,49.51347648429549,53.63208871992997,112.7782567322626,1.6058419034739262,0,NORMAL,No Incident,0.0,LOW
2026-01-02 15:44:00,50.327969954115865,58.0082107577546,112.0986618774558,0.3828482855599564,0,NORMAL,No Incident,0.0,LOW
2026-01-02 15:45:00,42.41504665299931,62.513035971605326,118.47624777417964,1.473044856435008,0,NORMAL,No Incident,0.0,LOW
2026-01-02 15:46:00,47.69599285794233,57.471336311016216,113.42550374067416,2.277479241337466,0,NORMAL,No Incident,0.0,LOW
2026-01-02 15:47:00,40.75766855731696,62.514709465051446,91.86378910790256,3.037466669565043,0,NORMAL,No Incident,0.0,LOW
2026-01-02 15:48:00,58.90198411124787,63.51320106960334,109.0690340752705,3.721964288132176,0,NORMAL,No Incident,0.0,LOW
2026-01-02 15:49:00,60.35249334723753,66.66543545016145,118.04758608451849,3.4218930887043424,0,NORMAL,No Incident,0.0,LOW
2026-01-02 15:50:00,31.538121377619063,70.26235975071184,144.57144164123994,1.0346179792955057,0,NORMAL,No Incident,0.0,LOW
2026-01-02 15:51:00,40.7048913980759,60.62405934783086,164.0448654674583,3.130164692266117,0,NORMAL,No Incident,0.0,LOW
2026-01-02 15:52:00,35.03470744909921,49.53778747881872,146.7094779570131,2.391284957120874,0,NORMAL,No Incident,0.0,LOW
2026-01-02 15:53:00,43.49976065593102,57.23916722544648,104.49241940654788,1.345396979071012,0,NORMAL,No Incident,0.0,LOW
2026-01-02 15:54:00,49.16562030209639,60.3525005392528,106.08380778747669,1.788089406522519,0,NORMAL,No Incident,0.0,LOW
2026-01-02 15:55:00,35.5035478030147,45.31384995058328,116.81342844981296,1.2901573405552762,0,NORMAL,No Incident,0.0,LOW
2026-01-02 15:56:00,40.78140186874687,71.10931616081986,155.69117777707172,2.037092341936456,0,NORMAL,No Incident,0.0,LOW
2026-01-02 15:57:00,39.960426279185015,61.13902330008373,116.69151895636212,1.2703421177058798,0,NORMAL,No Incident,0.0,LOW
2026-01-02 15:58:00,52.07267329398944,63.05082267664228,93.44985018925138,0.9720059267825608,0,NORMAL,No Incident,0.0,LOW
2026-01-02 15:59:00,50.6934433703625,70.92421170021012,109.9764572609393,2.479119127782772,0,NORMAL,No Incident,0.0,LOW
2026-01-02 16:00:00,42.78262446662747,54.95885735886122,135.14112003638834,2.6287305482596373,0,NORMAL,No Incident,0.0,LOW
2026-01-02 16:01:00,51.76820872139398,64.59233544707224,133.79880553792174,1.812402999908388,0,NORMAL,No Incident,0.0,LOW
2026-01-02 16:02:00,44.53319915412735,59.121087015184514,115.99566667016688,3.3676513039359723,0,NORMAL,No Incident,0.0,LOW
2026-01-02 16:03:00,47.283448896739465,58.527305063872646,133.66829347120063,1.739569413504887,0,NORMAL,No Incident,0.0,LOW
2026-01-02 16:04:00,66.73452090298537,53.822460897564966,74.53655594906337,1.6972254548744616,0,NORMAL,No Incident,0.0,LOW
2026-01-02 16:05:00,63.40461051790348,73.32482570949222,122.07658470065395,2.660488982345697,0,NORMAL,No Incident,0.0,LOW
2026-01-02 16:06:00,37.004187630724026,56.99599967939543,137.2137084273726,1.867574415056664,0,NORMAL,No Incident,0.0,LOW
2026-01-02 16:07:00,98.29732417879174,95.59571397516562,603.3427344969093,12.084797729026144,1,CRITICAL,High API Latency / Database Performance Issue,100.0,HIGH
2026-01-02 16:08:00,58.11396554491592,44.99994090022451,103.27322927007424,0.0,0,NORMAL,No Incident,0.0,LOW
2026-01-02 16:09:00,38.51736711247382,69.4399082375183,82.6710369447305,2.016707384737975,0,NORMAL,No Incident,0.0,LOW
2026-01-02 16:10:00,58.18777643754861,68.41768924765647,151.7979118962139,0.1728040625287399,0,NORMAL,No Incident,0.0,LOW
2026-01-02 16:11:00,65.37931918412554,60.77947288237842,105.59692045956866,0.7790494290011294,0,NORMAL,No Incident,0.0,LOW
2026-01-02 16:12:00,38.77455193755586,58.18446027089661,124.82086555724224,0.664677461244495,0,NORMAL,No Incident,0.0,LOW
2026-01-02 16:13:00,40.824971789857365,63.200000044908535,132.0783408296675,0.957416846466174,0,NORMAL,No Incident,0.0,LOW
2026-01-02 16:14:00,60.17661466843502,78.31032528704232,150.24135898282907,1.451146140367747,0,NORMAL,No Incident,0.0,LOW
2026-01-02 16:15:00,52.71495310825648,45.89410640877212,116.9220445202873,1.5135073844545146,0,NORMAL,No Incident,0.0,LOW
2026-01-02 16:16:00,55.51476275239524,66.25621910059301,109.21140412443162,2.6642752042571254,0,NORMAL,No Incident,0.0,LOW
2026-01-02 16:17:00,53.40589216400497,52.70706158276878,123.46135297141107,2.222387814134697,0,NORMAL,No Incident,0.0,LOW
2026-01-02 16:18:00,53.90695920928144,59.84065282960215,145.68160553084573,0.0989255711820142,0,NORMAL,No Incident,0.0,LOW
2026-01-02 16:19:00,36.73527871688917,58.0169590473707,116.59654937198432,2.083294637546808,0,NORMAL,No Incident,0.0,LOW
2026-01-02 16:20:00,60.47317706621448,56.57345393761796,100.90261836831849,2.318255246583427,0,NORMAL,No Incident,0.0,LOW
2026-01-02 16:21:00,61.69589992427774,59.916278967578165,89.18484383369275,1.671433483747042,0,NORMAL,No Incident,0.0,LOW
2026-01-02 16:22:00,47.70609255931972,50.92663083777768,95.5740523078955,1.9391140230932973,0,NORMAL,No Incident,0.0,LOW
2026-01-02 16:23:00,49.56523050186138,68.23344348902374,137.2878299481333,2.1903101253970565,0,NORMAL,No Incident,0.0,LOW
2026-01-02 16:24:00,34.68892497444278,45.6468519104112,113.58751047386376,2.76459959763558,0,NORMAL,No Incident,0.0,LOW
2026-01-02 16:25:00,55.14254756017835,64.31811610262673,107.8495818015858,0.4251200125372654,0,NORMAL,No Incident,0.0,LOW
2026-01-02 16:26:00,55.72057441714144,57.38771317972344,105.68065553632115,1.755682961360351,0,NORMAL,No Incident,0.0,LOW
2026-01-02 16:27:00,49.37808983000689,50.63260084954037,121.70091720400364,3.508336098057729,0,NORMAL,No Incident,0.0,LOW
2026-01-02 16:28:00,61.24353359870503,61.61906696478956,115.21089812468831,3.4166613082979564,0,NORMAL,No Incident,0.0,LOW
2026-01-02 16:29:00,46.6592276902006,47.544391306348174,114.53735712561496,2.85093692777578,0,NORMAL,No Incident,0.0,LOW
2026-01-02 16:30:00,55.646059258936006,60.31771057375708,146.9864785562148,2.536824683955676,0,NORMAL,No Incident,0.0,LOW
2026-01-02 16:31:00,39.80335661307885,48.616984737507565,150.76032563723265,3.654634748402089,0,NORMAL,No Incident,0.0,LOW
2026-01-02 16:32:00,49.76447849125762,63.69017667454265,87.79956654182007,3.9178480016066657,0,NORMAL,No Incident,0.0,LOW
2026-01-02 16:33:00,48.25645742097164,52.605141330957,126.55185462285915,1.8709200119531475,0,NORMAL,No Incident,0.0,LOW
2026-01-02 16:34:00,52.25307922040942,56.39204786376553,104.46275802757216,1.03056755671168,0,NORMAL,No Incident,0.0,LOW
2026-01-02 16:35:00,46.304730711666416,62.3515951035453,115.03497772277812,1.7297076823755049,0,NORMAL,No Incident,0.0,LOW
2026-01-02 16:36:00,48.68527404328332,53.81966310526212,126.18556770253387,5.096695513772053,0,NORMAL,No Incident,0.0,LOW
2026-01-02 16:37:00,58.26047171441506,59.53628800265358,115.7456016613816,0.4306436572748058,0,NORMAL,No Incident,0.0,LOW
2026-01-02 16:38:00,45.63235762761782,47.88935599004117,124.60919761255266,1.5294608604705826,0,NORMAL,No Incident,0.0,LOW
2026-01-02 16:39:00,33.93422899261321,65.04700482876925,133.45940412063834,0.5873088475073687,0,NORMAL,No Incident,0.0,LOW
2026-01-02 16:40:00,67.4958390420542,74.11931044440617,125.8915360108064,2.1247638628773853,0,NORMAL,No Incident,0.0,LOW
2026-01-02 16:41:00,63.814540786904864,82.33767094327969,107.06327391664752,0.7973089711051324,0,NORMAL,No Incident,0.0,LOW
2026-01-02 16:42:00,37.07737304894381,60.72934517333152,107.41600786059352,1.891248977166382,0,NORMAL,No Incident,0.0,LOW
2026-01-02 16:43:00,56.897078052451945,66.3056331263775,91.20589406763928,0.0499048399812409,0,NORMAL,No Incident,0.0,LOW
2026-01-02 16:44:00,44.97025229448657,45.754994616740085,102.92159404958564,2.6176206650846505,0,NORMAL,No Incident,0.0,LOW
2026-01-02 16:45:00,52.6348721533106,72.02187461044471,159.24136723797056,3.2223452564679747,0,NORMAL,No Incident,0.0,LOW
2026-01-02 16:46:00,52.94224129013494,66.20982803779285,104.15992851809511,1.616056377936541,0,NORMAL,No Incident,0.0,LOW
2026-01-02 16:47:00,47.65592199683678,56.12853244039014,96.1324237511236,1.864869992924298,0,NORMAL,No Incident,0.0,LOW
2026-01-02 16:48:00,42.16234334413603,69.89744640231207,126.39855723689548,1.836592769268688,0,NORMAL,No Incident,0.0,LOW
2026-01-02 16:49:00,43.094589476837406,57.96419138683727,117.7927048141628,2.180910675225025,0,NORMAL,No Incident,0.0,LOW
2026-01-02 16:50:00,40.83808084518758,56.33579853588355,116.08813526301547,1.961830413033572,0,NORMAL,No Incident,0.0,LOW
2026-01-02 16:51:00,41.68177791769556,63.80267940341993,148.1809193282418,2.768116952430694,0,NORMAL,No Incident,0.0,LOW
2026-01-02 16:52:00,49.328217099506446,51.49316400135745,130.9825335111673,3.2330391334509456,0,NORMAL,No Incident,0.0,LOW
2026-01-02 16:53:00,42.84240010889248,68.17299811519959,109.4001413659305,1.1859287775078171,0,NORMAL,No Incident,0.0,LOW
2026-01-02 16:54:00,56.8205206571262,51.55208150458525,111.5104816481644,1.6906715072257033,0,NORMAL,No Incident,0.0,LOW
2026-01-02 16:55:00,64.87246155335927,51.599561681414514,109.9482697218863,2.9016194489247447,0,NORMAL,No Incident,0.0,LOW
2026-01-02 16:56:00,44.19946758629957,52.722481692733325,137.49479243160513,0.5783309519409676,0,NORMAL,No Incident,0.0,LOW
2026-01-02 16:57:00,52.39404500535377,66.07600030012898,113.83704741093725,0.02927871815443,0,NORMAL,No Incident,0.0,LOW
2026-01-02 16:58:00,54.996851103029336,55.065797107842336,84.136929950917,2.2263159528984784,0,NORMAL,No Incident,0.0,LOW
2026-01-02 16:59:00,54.72002270919275,49.21603372506265,119.03360642531312,2.4963464110704923,0,NORMAL,No Incident,0.0,LOW
2026-01-02 17:00:00,50.75955267916088,55.15456000051361,89.25947997744142,1.2776998120464076,0,NORMAL,No Incident,0.0,LOW
2026-01-02 17:01:00,57.426824183597226,59.743661034556105,163.68461203509804,1.421348945879545,0,NORMAL,No Incident,0.0,LOW
2026-01-02 17:02:00,54.82248952680657,50.55222013068492,100.68664172305536,1.2398076782591012,0,NORMAL,No Incident,0.0,LOW
2026-01-02 17:03:00,37.62337577672702,50.78655112772525,116.7627046928454,1.1330747606555656,0,NORMAL,No Incident,0.0,LOW
2026-01-02 17:04:00,58.69156064389273,76.89037067279668,125.16405469402274,2.6934958206046,0,NORMAL,No Incident,0.0,LOW
2026-01-02 17:05:00,58.87290837266743,53.11547676948891,114.2268367864154,0.8195015130023613,0,NORMAL,No Incident,0.0,LOW
2026-01-02 17:06:00,42.36713895821418,57.415661049815945,114.19939197067616,1.7344771385666513,0,NORMAL,No Incident,0.0,LOW
2026-01-02 17:07:00,50.37937835447602,57.06210399360571,128.4365457232175,1.0946638324851476,0,NORMAL,No Incident,0.0,LOW
2026-01-02 17:08:00,56.833289928110695,56.62914553783647,150.52431917592557,0.5447110240987845,0,NORMAL,No Incident,0.0,LOW
2026-01-02 17:09:00,47.90686180420639,64.97077391975282,135.35018163634595,2.870178174746771,0,NORMAL,No Incident,0.0,LOW
2026-01-02 17:10:00,60.729780477660114,67.5851436037764,149.57027757147085,1.4801747778264611,0,NORMAL,No Incident,0.0,LOW
2026-01-02 17:11:00,73.6387249461936,57.55236454774726,99.06761783812996,2.1884400804207567,0,NORMAL,No Incident,0.0,LOW
2026-01-02 17:12:00,42.140139673650175,50.10817370726121,126.34725266510722,0.4919241201989899,0,NORMAL,No Incident,0.0,LOW
2026-01-02 17:13:00,36.18955396846225,70.19552182279122,123.10492104116558,1.258060546243524,0,NORMAL,No Incident,0.0,LOW
2026-01-02 17:14:00,53.03818595604876,59.23727127042654,127.02182583353468,2.7560878806950058,0,NORMAL,No Incident,0.0,LOW
2026-01-02 17:15:00,57.21562505126143,73.84257451885735,147.52463941271145,4.587271455845309,0,NORMAL,No Incident,0.0,LOW
2026-01-02 17:16:00,47.69133626155231,42.0353128194787,115.58421700415892,0.0237839356096882,0,NORMAL,No Incident,0.0,LOW
2026-01-02 17:17:00,64.53260663321035,61.56322577026656,111.88993266891823,1.7988922047105738,0,NORMAL,No Incident,0.0,LOW
2026-01-02 17:18:00,36.61394200276752,75.34885067100966,130.67961594837328,2.4122805981435,0,NORMAL,No Incident,0.0,LOW
2026-01-02 17:19:00,56.92918623031611,57.17388691649474,84.43594544868304,1.3838998467607162,0,NORMAL,No Incident,0.0,LOW
2026-01-02 17:20:00,43.94139179241107,58.19605261332291,115.26295901755644,2.849521986994124,0,NORMAL,No Incident,0.0,LOW
2026-01-02 17:21:00,67.19377906207296,62.36409353272271,117.31604621429094,1.1332673293396869,0,NORMAL,No Incident,0.0,LOW
2026-01-02 17:22:00,69.92515353168119,55.52963344892034,101.59282767386148,2.153847660216641,0,NORMAL,No Incident,0.0,LOW
2026-01-02 17:23:00,42.33343412216652,57.50342454357813,141.14118022713154,1.4779280955016405,0,NORMAL,No Incident,0.0,LOW
2026-01-02 17:24:00,84.5044286409142,87.29747924646878,598.7551936531343,13.219431082954772,1,CRITICAL,High Memory Usage / Possible Memory Leak,100.0,HIGH
2026-01-02 17:25:00,58.59587886979802,54.98063412458902,117.28253903272407,1.3236354969643944,0,NORMAL,No Incident,0.0,LOW
2026-01-02 17:26:00,46.12869350210485,69.83085240160447,125.86314450645936,1.648126203713484,0,NORMAL,No Incident,0.0,LOW
2026-01-02 17:27:00,49.54588782067762,63.68862425837148,147.06903122952238,2.9456890374971554,0,NORMAL,No Incident,0.0,LOW
2026-01-02 17:28:00,50.2538842054241,62.005025856826414,119.78887130238292,0.9719613409071364,0,NORMAL,No Incident,0.0,LOW
2026-01-02 17:29:00,30.80326843802344,66.46856805512094,138.7230718825642,2.068750056763572,0,NORMAL,No Incident,0.0,LOW
2026-01-02 17:30:00,49.86162253905763,57.88515333437226,134.01190794554256,0.1774656563133982,0,NORMAL,No Incident,0.0,LOW
2026-01-02 17:31:00,43.10272225935826,53.8063694531768,122.46915112338286,0.9120665413709252,0,NORMAL,No Incident,0.0,LOW
2026-01-02 17:32:00,45.06877177600228,55.17900556308354,98.20973183453088,2.382131275890804,0,NORMAL,No Incident,0.0,LOW
2026-01-02 17:33:00,64.43632003468814,60.01426432883687,91.30838278191302,1.0093024904637675,0,NORMAL,No Incident,0.0,LOW
2026-01-02 17:34:00,37.43493105720744,51.526306333016784,122.13010802838372,1.4554270681762085,0,NORMAL,No Incident,0.0,LOW
2026-01-02 17:35:00,58.132051867479774,55.9979118673066,109.14606252194773,2.493086402047937,0,NORMAL,No Incident,0.0,LOW
2026-01-02 17:36:00,47.21037069668191,55.87106686502853,138.38522183362585,1.42081385885307,0,NORMAL,No Incident,0.0,LOW
2026-01-02 17:37:00,47.202398315041656,76.99644983863212,134.91713036197154,2.822842073216358,0,NORMAL,No Incident,0.0,LOW
2026-01-02 17:38:00,57.90371896051711,37.80948048052866,116.307780111259,2.2156627874860644,0,NORMAL,No Incident,0.0,LOW
2026-01-02 17:39:00,53.4005129456889,58.56304222875493,96.84574152117462,2.435683111924503,0,NORMAL,No Incident,0.0,LOW
2026-01-02 17:40:00,55.70612997219531,73.80555034251816,130.21471099214546,3.240965598738532,0,NORMAL,No Incident,0.0,LOW
2026-01-02 17:41:00,59.68184660532861,60.97475571305963,99.641011077297,2.319823062614066,0,NORMAL,No Incident,0.0,LOW
2026-01-02 17:42:00,46.686916168166775,66.02733978736875,104.8307215413827,3.538847290469344,0,NORMAL,No Incident,0.0,LOW
2026-01-02 17:43:00,43.87763265492249,60.79861052079814,100.41168523569692,2.911262283037824,0,NORMAL,No Incident,0.0,LOW
2026-01-02 17:44:00,39.148494734422016,54.66133295026816,117.22997956120092,1.4765475701655433,0,NORMAL,No Incident,0.0,LOW
2026-01-02 17:45:00,41.74589470021045,42.06467252392869,143.40384668141124,3.2931480750212714,0,NORMAL,No Incident,0.0,LOW
2026-01-02 17:46:00,79.49094425308725,61.643645496290425,119.89918259552942,2.2638660209029453,0,NORMAL,No Incident,0.0,LOW
2026-01-02 17:47:00,62.44679580736786,53.79514716318087,111.13562615144608,1.6053202913394966,0,NORMAL,No Incident,0.0,LOW
2026-01-02 17:48:00,36.48925633791978,53.59731675067757,89.48770139909512,2.2783856953208828,0,NORMAL,No Incident,0.0,LOW
2026-01-02 17:49:00,36.7754204325643,56.0081019521671,131.04249169459686,3.112326824390263,0,NORMAL,No Incident,0.0,LOW
2026-01-02 17:50:00,54.81866061718492,73.95889125298795,104.39190788142744,2.4550450942422217,0,NORMAL,No Incident,0.0,LOW
2026-01-02 17:51:00,55.47264797377967,79.23870033803178,122.35035238316192,3.822392832551397,0,NORMAL,No Incident,0.0,LOW
2026-01-02 17:52:00,55.48883835317365,61.73766350022721,112.9156276816672,3.086530557898822,0,NORMAL,No Incident,0.0,LOW
2026-01-02 17:53:00,47.45044206446302,56.28186220870618,136.76354439198877,2.5231600334021627,0,NORMAL,No Incident,0.0,LOW
2026-01-02 17:54:00,48.745457399971,50.58218866039032,116.85527215942896,0.9739319172588424,0,NORMAL,No Incident,0.0,LOW
2026-01-02 17:55:00,53.27879524159357,63.74832129236855,118.82147290953895,1.820267485989879,0,NORMAL,No Incident,0.0,LOW
2026-01-02 17:56:00,50.8589300629333,74.26324480052115,129.7149429491092,2.0716641397508515,0,NORMAL,No Incident,0.0,LOW
2026-01-02 17:57:00,27.80699627252465,58.02127690379874,162.13880364526372,2.696631501217747,0,NORMAL,No Incident,0.0,LOW
2026-01-02 17:58:00,47.70200369424806,40.96803167397421,137.7689386071711,2.6373330412721927,0,NORMAL,No Incident,0.0,LOW
2026-01-02 17:59:00,41.48593565739687,65.36039737452418,118.2278778730278,2.169540410218286,0,NORMAL,No Incident,0.0,LOW
2026-01-02 18:00:00,51.75211418908512,67.8831976916004,120.06395981230575,2.120349915377171,0,NORMAL,No Incident,0.0,LOW
2026-01-02 18:01:00,79.85259002603411,47.31323487691322,109.5028107935113,2.7204568950760697,0,NORMAL,No Incident,0.0,LOW
2026-01-02 18:02:00,53.67481665474304,61.41187346930362,101.0000859296061,1.141413774370014,0,NORMAL,No Incident,0.0,LOW
2026-01-02 18:03:00,46.86470313827602,63.60980812908879,108.94498425867356,3.6955158192498567,0,NORMAL,No Incident,0.0,LOW
2026-01-02 18:04:00,59.21801501977252,59.415141583928495,104.55702072576116,0.0,0,NORMAL,No Incident,0.0,LOW
2026-01-02 18:05:00,54.82687887209213,53.67383264731717,133.0673676759177,3.455409482172029,0,NORMAL,No Incident,0.0,LOW
2026-01-02 18:06:00,94.20094490451842,98.12749778850844,598.5761028426202,11.95481447157484,1,CRITICAL,High CPU Usage / Compute Resource Overload,100.0,HIGH
2026-01-02 18:07:00,56.06850593215671,56.77296203225054,146.66421122760087,3.002579814271594,0,NORMAL,No Incident,0.0,LOW
2026-01-02 18:08:00,70.56543564829542,48.11851069840054,135.0409276723766,2.3638404342926127,0,NORMAL,No Incident,0.0,LOW
2026-01-02 18:09:00,38.69111564674084,43.60420411464256,120.41003458735337,2.346034410910802,0,NORMAL,No Incident,0.0,LOW
2026-01-02 18:10:00,54.73632076811455,70.08679615999448,120.00637222930136,2.554254476026521,0,NORMAL,No Incident,0.0,LOW
2026-01-02 18:11:00,40.73618870018461,64.93331181176895,108.85437380770892,2.8090542890877783,0,NORMAL,No Incident,0.0,LOW
2026-01-02 18:12:00,55.55512646342248,60.70378837703336,125.40168822695529,1.67116917341276,0,NORMAL,No Incident,0.0,LOW
2026-01-02 18:13:00,40.81313488513906,56.47780290519357,141.7618492641718,3.0347991305262365,0,NORMAL,No Incident,0.0,LOW
2026-01-02 18:14:00,45.82633186394916,55.76801268637499,105.93687075488371,0.9155293764212163,0,NORMAL,No Incident,0.0,LOW
2026-01-02 18:15:00,47.049100857620935,51.39410681246711,89.33215822162539,1.994669426673876,0,NORMAL,No Incident,0.0,LOW
2026-01-02 18:16:00,59.75816719344709,56.54835484352092,134.06436509713487,2.835969924272277,0,NORMAL,No Incident,0.0,LOW
2026-01-02 18:17:00,59.18454443942414,43.03930227903861,126.487319484876,2.9950175796158893,0,NORMAL,No Incident,0.0,LOW
2026-01-02 18:18:00,37.54282623553616,54.11149077225189,97.5960239711764,2.460788848261401,0,NORMAL,No Incident,0.0,LOW
2026-01-02 18:19:00,50.54934110999849,57.51249986919125,105.33217258171764,1.6066075620442644,0,NORMAL,No Incident,0.0,LOW
2026-01-02 18:20:00,42.90420145250828,64.87904037752335,102.81791451899718,2.8967077783687034,0,NORMAL,No Incident,0.0,LOW
2026-01-02 18:21:00,37.414950893246655,59.68058829301309,105.50935461931502,1.3306337608812466,0,NORMAL,No Incident,0.0,LOW
2026-01-02 18:22:00,47.82982949575629,66.35938491100447,113.52634491917624,3.751409073748911,0,NORMAL,No Incident,0.0,LOW
2026-01-02 18:23:00,46.915172115441806,70.79308084090744,114.66905391438506,1.915329102500336,0,NORMAL,No Incident,0.0,LOW
2026-01-02 18:24:00,74.26716486345522,68.46536075059281,106.9841268986308,0.4603743057940395,0,NORMAL,No Incident,0.5,LOW
2026-01-02 18:25:00,54.32959825360696,63.76407877902845,104.83672361000144,0.8053165319834481,0,NORMAL,No Incident,0.0,LOW
2026-01-02 18:26:00,36.22382499245763,60.09490143344628,115.42431312161236,2.043643636879588,0,NORMAL,No Incident,0.0,LOW
2026-01-02 18:27:00,44.352259958290574,52.15369593269153,123.35383069719124,2.1398252713260533,0,NORMAL,No Incident,0.0,LOW
2026-01-02 18:28:00,60.213832954293984,65.91955241103453,113.67406927270312,3.969656684951096,0,NORMAL,No Incident,0.0,LOW
2026-01-02 18:29:00,70.88442772869925,73.43797905777224,143.17334046682603,0.9615006623857736,0,NORMAL,No Incident,0.0,LOW
2026-01-02 18:30:00,34.140166877620416,62.73684831720335,130.16175428841572,2.0394621993039306,0,NORMAL,No Incident,0.0,LOW
2026-01-02 18:31:00,31.20075614860955,75.33807318740898,88.18308286282608,0.9405785929179432,0,NORMAL,No Incident,0.0,LOW
2026-01-02 18:32:00,68.70965175371782,47.79542633551133,130.47455530827708,1.5073451467865966,0,NORMAL,No Incident,0.0,LOW
2026-01-02 18:33:00,53.89614177370904,50.76669292176367,132.11087965171166,3.683972030069338,0,NORMAL,No Incident,0.0,LOW
2026-01-02 18:34:00,41.31707268123634,66.8416120619861,111.30530063751615,0.8636637768440092,0,NORMAL,No Incident,0.0,LOW
2026-01-02 18:35:00,55.346290861224354,62.11432168122601,90.09604825393689,2.5870424240678336,0,NORMAL,No Incident,0.0,LOW
2026-01-02 18:36:00,23.64252260983122,70.51025741257446,120.16133518822272,2.392907359014392,0,NORMAL,No Incident,0.0,LOW
2026-01-02 18:37:00,50.03375506597161,59.87622687418608,119.84582697035512,1.9758285736417915,0,NORMAL,No Incident,0.0,LOW
2026-01-02 18:38:00,53.27821172843085,53.05619661977335,97.5670752693361,2.5194366231917376,0,NORMAL,No Incident,0.0,LOW
2026-01-02 18:39:00,59.2427013953783,58.29125406235966,90.97561567480128,0.8399796180567114,0,NORMAL,No Incident,0.0,LOW
2026-01-02 18:40:00,39.861040477074624,47.73852823261013,118.2489290709312,3.6563225078035577,0,NORMAL,No Incident,0.0,LOW
2026-01-02 18:41:00,50.8568716140336,50.97127461522372,115.33845615898356,3.924845495123521,0,NORMAL,No Incident,0.0,LOW
2026-01-02 18:42:00,40.74575373940412,67.77955198334408,111.65469269355214,2.047104697759313,0,NORMAL,No Incident,0.0,LOW
2026-01-02 18:43:00,52.55383755674317,66.98229931575688,118.33178530506878,4.423106130613554,0,NORMAL,No Incident,0.0,LOW
2026-01-02 18:44:00,41.04653677636976,62.90403427844861,97.94447252359362,1.6009720684500794,0,NORMAL,No Incident,0.0,LOW
2026-01-02 18:45:00,45.9189916083978,46.23137983231624,111.30358774267772,2.40043199385628,0,NORMAL,No Incident,0.0,LOW
2026-01-02 18:46:00,40.04184605209771,57.13277139589689,130.66650061228694,3.4318890637745136,0,NORMAL,No Incident,0.0,LOW
2026-01-02 18:47:00,56.51136241823657,50.20000089071959,113.00059839297424,1.5409955397770905,0,NORMAL,No Incident,0.0,LOW
2026-01-02 18:48:00,58.58451116656666,69.41226603030212,86.56055056414897,0.6184509411205616,0,NORMAL,No Incident,0.0,LOW
2026-01-02 18:49:00,47.653794300425865,55.33022293149919,110.54615444552856,0.388282934381146,0,NORMAL,No Incident,0.0,LOW
2026-01-02 18:50:00,50.382379949600285,51.3140183137476,98.5968307298628,4.060826563902658,0,NORMAL,No Incident,0.0,LOW
2026-01-02 18:51:00,35.51408585366456,60.238369320971394,125.34272592923462,1.4709753493612223,0,NORMAL,No Incident,0.0,LOW
2026-01-02 18:52:00,47.00323351993213,54.87876434532311,126.3767480676085,1.8142632365815008,0,NORMAL,No Incident,0.0,LOW
2026-01-02 18:53:00,49.49795382958255,71.86995128162965,86.82450749827939,0.8872359216789456,0,NORMAL,No Incident,0.0,LOW
2026-01-02 18:54:00,76.20793091029975,54.12151281972648,135.1802594116438,2.9483392793291885,0,NORMAL,No Incident,0.0,LOW
2026-01-02 18:55:00,38.88032974225837,48.80617392620295,97.75627397442884,1.218440140775415,0,NORMAL,No Incident,0.0,LOW
2026-01-02 18:56:00,64.64177238752437,42.77669187393988,151.18364580964703,1.508736972338678,0,NORMAL,No Incident,0.0,LOW
2026-01-02 18:57:00,59.96858773465808,59.75370798069268,119.02447470998766,2.2995204194161607,0,NORMAL,No Incident,0.0,LOW
2026-01-02 18:58:00,52.806364044901365,55.50455908913659,95.07213002921677,0.9359540727544275,0,NORMAL,No Incident,0.0,LOW
2026-01-02 18:59:00,67.58620484195134,48.56876314790618,97.16027858614638,1.8214177304857744,0,NORMAL,No Incident,0.0,LOW
2026-01-02 19:00:00,53.72105472606863,69.51381169004628,126.96190583574688,3.40220958950327,0,NORMAL,No Incident,0.0,LOW
2026-01-02 19:01:00,53.891591956679285,65.33796117943393,112.17400220203244,2.428254397516864,0,NORMAL,No Incident,0.0,LOW
2026-01-02 19:02:00,49.46879346982455,59.774256968502165,118.0669218076372,2.1305422924283586,0,NORMAL,No Incident,0.0,LOW
2026-01-02 19:03:00,62.23568882418628,70.91460995336693,152.2556046539408,2.214864709463865,0,NORMAL,No Incident,0.0,LOW
2026-01-02 19:04:00,60.96469233810883,65.3002882671889,106.0151187154185,1.6108649040234362,0,NORMAL,No Incident,0.0,LOW
2026-01-02 19:05:00,43.74322712503788,53.417152787852544,121.19925715391412,3.9961523197549256,0,NORMAL,No Incident,0.0,LOW
2026-01-02 19:06:00,36.80752805401232,51.68623868807387,148.39688974746107,1.1878428694659326,0,NORMAL,No Incident,0.0,LOW
2026-01-02 19:07:00,47.97019362604343,66.54385235563089,125.410269509328,2.21092616196393,0,NORMAL,No Incident,0.0,LOW
2026-01-02 19:08:00,41.999614356023535,63.17093565173881,87.86794529283989,2.115025566342807,0,NORMAL,No Incident,0.0,LOW
2026-01-02 19:09:00,49.36475425384645,61.35798214376529,130.10778023464275,3.0087625071331354,0,NORMAL,No Incident,0.0,LOW
2026-01-02 19:10:00,62.37438134684139,53.22801757704874,96.73994284433113,3.10317393879364,0,NORMAL,No Incident,0.0,LOW
2026-01-02 19:11:00,45.4269834491321,64.86358053604603,148.1361505746593,1.9679811955129287,0,NORMAL,No Incident,0.0,LOW
2026-01-02 19:12:00,49.571766186884254,53.956008934928406,103.54264790004044,2.29066649311305,0,NORMAL,No Incident,0.0,LOW
2026-01-02 19:13:00,50.58022734808395,59.184106763250576,179.39019015491328,2.3285347539139485,0,NORMAL,No Incident,0.0,LOW
2026-01-02 19:14:00,58.484308822052846,71.57555317109583,149.34751976655355,0.0,0,NORMAL,No Incident,0.0,LOW
2026-01-02 19:15:00,27.53110666015395,54.71332611351883,104.06774860744042,0.4110103975222245,0,NORMAL,No Incident,0.0,LOW
2026-01-02 19:16:00,43.93299705234704,47.41608594341712,120.40027610003222,1.3949363092780294,0,NORMAL,No Incident,0.0,LOW
2026-01-02 19:17:00,52.11283692279473,51.57962246503912,135.07288563266928,1.4384013236231312,0,NORMAL,No Incident,0.0,LOW
2026-01-02 19:18:00,62.000789564268615,67.95439061350099,135.67320948453414,0.8007175780358677,0,NORMAL,No Incident,0.0,LOW
2026-01-02 19:19:00,45.08097552493795,62.03784909904168,128.84672519952397,2.74958257137363,0,NORMAL,No Incident,0.0,LOW
2026-01-02 19:20:00,31.23447293958126,58.96898097048997,145.0431807393222,2.0021184210174723,0,NORMAL,No Incident,0.0,LOW
2026-01-02 19:21:00,56.19711445966136,55.92724955750744,117.5406210673126,1.7853054526131629,0,NORMAL,No Incident,0.0,LOW
2026-01-02 19:22:00,43.646376111743706,63.88287926042552,112.66564662847934,0.7438447254926133,0,NORMAL,No Incident,0.0,LOW
2026-01-02 19:23:00,38.10333340909639,53.20716119207821,113.0627202415078,1.955455135755212,0,NORMAL,No Incident,0.0,LOW
2026-01-02 19:24:00,43.75654610286776,62.44532454914077,137.16746463944256,0.0,0,NORMAL,No Incident,0.0,LOW
2026-01-02 19:25:00,48.1547464234415,54.14996344949635,127.30362080605292,1.837043689194159,0,NORMAL,No Incident,0.0,LOW
2026-01-02 19:26:00,43.95255335461788,52.81872491779957,125.82567331380513,2.063183668807756,0,NORMAL,No Incident,0.0,LOW
2026-01-02 19:27:00,27.944339429009307,54.90010052139991,135.90468498514363,2.2419149843214985,0,NORMAL,No Incident,0.0,LOW
2026-01-02 19:28:00,58.970661968871326,56.99674042812831,78.9789518429229,0.43589823652072,0,NORMAL,No Incident,0.0,LOW
2026-01-02 19:29:00,62.74875041278722,59.609361312530375,126.201376477503,2.2248167366914746,0,NORMAL,No Incident,0.0,LOW
2026-01-02 19:30:00,56.51521991339506,61.88364636088892,124.37137777747432,0.9585687301354576,0,NORMAL,No Incident,0.0,LOW
2026-01-02 19:31:00,38.62314329575183,30.493077668572447,153.3761616260141,1.1875301677076662,0,NORMAL,No Incident,0.0,LOW
2026-01-02 19:32:00,47.98508466052482,53.53879553802588,89.42824035472665,2.7179313858226646,0,NORMAL,No Incident,0.0,LOW
2026-01-02 19:33:00,49.93478684770542,56.867440181151686,151.14373264753516,4.014113723359744,0,NORMAL,No Incident,0.0,LOW
2026-01-02 19:34:00,55.987943895619104,72.04049630886664,121.50818257849332,2.05135875880268,0,NORMAL,No Incident,0.0,LOW
2026-01-02 19:35:00,56.68340488718081,51.35997913294294,129.7797906132009,1.182904541359768,0,NORMAL,No Incident,0.0,LOW
2026-01-02 19:36:00,42.65826201221504,61.3023729447993,153.51837575218752,2.1886704475099985,0,NORMAL,No Incident,0.0,LOW
2026-01-02 19:37:00,50.8199555641356,71.9602424778867,131.21522536011145,2.9390291574991454,0,NORMAL,No Incident,0.0,LOW
2026-01-02 19:38:00,54.57280404615241,49.49625176042181,128.00736578925122,2.620997565872736,0,NORMAL,No Incident,0.0,LOW
2026-01-02 19:39:00,64.55822322146767,63.151801806915216,124.84582371604635,4.743112872463746,0,NORMAL,No Incident,0.0,LOW
2026-01-02 19:40:00,57.04506539824723,53.58182532852384,110.33043730011246,1.2846624309053332,0,NORMAL,No Incident,0.0,LOW
2026-01-02 19:41:00,57.89056687375519,55.96293006168612,119.43021750979214,2.252231479919298,0,NORMAL,No Incident,0.0,LOW
2026-01-02 19:42:00,50.838266279293606,53.57511332837348,105.68974467754502,3.548917953418204,0,NORMAL,No Incident,0.0,LOW
2026-01-02 19:43:00,64.10459145203504,54.14514153267291,119.10866201149037,3.486159237018532,0,NORMAL,No Incident,0.0,LOW
2026-01-02 19:44:00,54.09762795959497,81.77529718325195,73.28138605889806,0.0499220734756193,0,NORMAL,No Incident,0.0,LOW
2026-01-02 19:45:00,41.389120898264295,66.75564697657333,128.58079135135097,1.9966423799600188,0,NORMAL,No Incident,0.0,LOW
2026-01-02 19:46:00,64.0336997012519,68.81390289428967,117.56525492432748,3.4845207658487,0,NORMAL,No Incident,0.0,LOW
2026-01-02 19:47:00,56.97903272539028,63.93594789469197,113.27592526666471,4.8906429903991375,0,NORMAL,No Incident,0.0,LOW
2026-01-02 19:48:00,45.569559788715175,47.149945692784335,124.39516167880286,2.7037958837508187,0,NORMAL,No Incident,0.0,LOW
2026-01-02 19:49:00,45.205070326007565,63.159663762586455,91.3287215406912,1.6321367063035164,0,NORMAL,No Incident,0.0,LOW
2026-01-02 19:50:00,52.96575545140762,68.58343691605877,158.58539993242564,0.99079684756261,0,NORMAL,No Incident,0.0,LOW
2026-01-02 19:51:00,54.63184795267585,53.17280420768711,117.944650770248,4.218743357530849,0,NORMAL,No Incident,0.0,LOW
2026-01-02 19:52:00,51.97292265631207,67.72261333728902,117.0831113405562,2.728741586465759,0,NORMAL,No Incident,0.0,LOW
2026-01-02 19:53:00,53.11308673442885,65.63468967883263,100.69207579734154,1.1519330731145825,0,NORMAL,No Incident,0.0,LOW
2026-01-02 19:54:00,66.9995737457638,74.81632035850936,120.47892764898522,1.7968436336662188,0,NORMAL,No Incident,0.0,LOW
2026-01-02 19:55:00,60.71543152234886,56.65773589989105,147.7391978054656,2.310186516828704,0,NORMAL,No Incident,0.0,LOW
2026-01-02 19:56:00,51.90635591265024,51.21911214179418,140.71832418864068,2.543806653888118,0,NORMAL,No Incident,0.0,LOW
2026-01-02 19:57:00,59.41310580767483,57.10697512501964,137.0887550228111,1.10038134245421,0,NORMAL,No Incident,0.0,LOW
2026-01-02 19:58:00,39.674760964724605,71.48456794530898,130.92797903334542,1.385809581874507,0,NORMAL,No Incident,0.0,LOW
2026-01-02 19:59:00,53.979270499468086,45.372752953264296,112.8291494487478,0.3470654376270401,0,NORMAL,No Incident,0.0,LOW
2026-01-02 20:00:00,68.0930634973311,43.45299427655174,90.99673665926596,3.0397622896047816,0,NORMAL,No Incident,0.0,LOW
2026-01-02 20:01:00,47.81954104607626,60.71516223145291,115.9792245626673,1.6583815332296838,0,NORMAL,No Incident,0.0,LOW
2026-01-02 20:02:00,41.52366071380915,56.45928565780675,115.28257070932644,2.466321649183292,0,NORMAL,No Incident,0.0,LOW
2026-01-02 20:03:00,43.4791111140694,60.06182314540548,140.97588879342482,3.422258508576327,0,NORMAL,No Incident,0.0,LOW
2026-01-02 20:04:00,39.10366962657612,67.56249416988692,126.1878088491964,2.2198701423739458,0,NORMAL,No Incident,0.0,LOW
2026-01-02 20:05:00,42.15238091872297,55.57944523104918,152.24623055807098,1.887029524050932,0,NORMAL,No Incident,0.0,LOW
2026-01-02 20:06:00,46.29491901409971,45.01595335255504,143.94977080076347,2.193921476883934,0,NORMAL,No Incident,0.0,LOW
2026-01-02 20:07:00,35.94432980821358,76.35585245759955,110.87008780991808,2.0631936038502268,0,NORMAL,No Incident,0.0,LOW
2026-01-02 20:08:00,50.15618333949603,52.02217370048979,84.09741606760264,3.246164997877945,0,NORMAL,No Incident,0.0,LOW
2026-01-02 20:09:00,59.02277173786647,51.52770302390322,147.7115046788296,2.31083839753879,0,NORMAL,No Incident,0.0,LOW
2026-01-02 20:10:00,40.9224381985308,68.82976010978078,147.18770446461488,1.4555989804210874,0,NORMAL,No Incident,0.0,LOW
2026-01-02 20:11:00,65.19283923641768,56.92408703166786,92.67576818195548,3.04784905688975,0,NORMAL,No Incident,0.0,LOW
2026-01-02 20:12:00,55.107920885275945,59.49288118372152,150.18480039655,3.2304843563583523,0,NORMAL,No Incident,0.0,LOW
2026-01-02 20:13:00,60.305805856240575,63.86232099248255,127.64234341185036,0.6616693731795364,0,NORMAL,No Incident,0.0,LOW
2026-01-02 20:14:00,43.42165446147863,68.66866482487997,123.21370996251306,3.532783884768105,0,NORMAL,No Incident,0.0,LOW
2026-01-02 20:15:00,58.54525227066616,57.33231445454582,152.29566508494656,2.364711773208485,0,NORMAL,No Incident,0.0,LOW
2026-01-02 20:16:00,39.08066099604687,72.15961604731439,146.8937034646123,2.2832699501465985,0,NORMAL,No Incident,0.0,LOW
2026-01-02 20:17:00,58.90247500836509,42.91360121012156,133.02661903990406,3.006624631596515,0,NORMAL,No Incident,0.0,LOW
2026-01-02 20:18:00,51.71839339793532,66.07829789562462,129.46434131623965,1.4330236089957211,0,NORMAL,No Incident,0.0,LOW
2026-01-02 20:19:00,55.53251219984784,53.28377953585874,132.32788581060717,2.954164514190924,0,NORMAL,No Incident,0.0,LOW
2026-01-02 20:20:00,38.24405394375148,70.97817053286393,111.99885132234948,1.6232245302621446,0,NORMAL,No Incident,0.0,LOW
2026-01-02 20:21:00,41.04930157723396,61.13635583064436,118.89797100535358,0.5250493202896618,0,NORMAL,No Incident,0.0,LOW
2026-01-02 20:22:00,55.972282182533846,54.61675734392479,101.95365690810914,1.0022437208930657,0,NORMAL,No Incident,0.0,LOW
2026-01-02 20:23:00,40.51651995775799,65.30272874417307,113.33920448522164,2.567021832903227,0,NORMAL,No Incident,0.0,LOW
2026-01-02 20:24:00,54.63206292099123,67.14550677765801,112.66732242662134,1.0545316600053418,0,NORMAL,No Incident,0.0,LOW
2026-01-02 20:25:00,36.32862193539754,65.1351529828691,107.2938926075667,3.610076123189649,0,NORMAL,No Incident,0.0,LOW
2026-01-02 20:26:00,58.48174212666668,51.76243008293552,122.73493005296926,3.189283453439643,0,NORMAL,No Incident,0.0,LOW
2026-01-02 20:27:00,37.67476685231491,56.12786301102332,113.52038298598846,3.333439166032965,0,NORMAL,No Incident,0.0,LOW
2026-01-02 20:28:00,55.522999376795234,59.96741730302852,130.0446944070395,2.124778579677412,0,NORMAL,No Incident,0.0,LOW
2026-01-02 20:29:00,56.256309336460006,59.66992277879952,87.55358773412469,2.25786161729496,0,NORMAL,No Incident,0.0,LOW
2026-01-02 20:30:00,83.03228181570425,95.99796380350678,617.732904117854,10.806288145755722,1,CRITICAL,High API Latency / Database Performance Issue,100.0,HIGH
2026-01-02 20:31:00,55.82026567084727,43.88079013994714,122.63103280354991,2.9957835101574903,0,NORMAL,No Incident,0.0,LOW
2026-01-02 20:32:00,52.60442263333556,62.674616436428025,113.78741520326238,2.379833455037085,0,NORMAL,No Incident,0.0,LOW
2026-01-02 20:33:00,44.61158143807262,57.68014916450688,116.55214600381538,2.5673056252922604,0,NORMAL,No Incident,0.0,LOW
2026-01-02 20:34:00,39.91445315923792,53.29199506892838,88.29507978540285,3.688311811452882,0,NORMAL,No Incident,0.0,LOW
2026-01-02 20:35:00,30.37374308327421,54.060105777843205,127.12954209338984,1.39403701605249,0,NORMAL,No Incident,0.0,LOW
2026-01-02 20:36:00,53.496500472996935,58.28369868385629,132.9521196513414,1.8738584501226816,0,NORMAL,No Incident,0.0,LOW
2026-01-02 20:37:00,34.35197228637945,31.191319164323858,129.87074588407535,2.326670921542168,0,NORMAL,No Incident,0.0,LOW
2026-01-02 20:38:00,50.95344199441308,54.3896834336676,140.77454118884367,1.0645645945412934,0,NORMAL,No Incident,0.0,LOW
2026-01-02 20:39:00,47.36551783917751,52.99348140282965,124.03059211565004,1.81240117872316,0,NORMAL,No Incident,0.0,LOW
2026-01-02 20:40:00,56.79142775438196,64.26226567458099,129.57362361301875,2.4929498104669694,0,NORMAL,No Incident,0.0,LOW
2026-01-02 20:41:00,46.97954500510136,53.55578653991584,123.12181476913705,1.674578728627169,0,NORMAL,No Incident,0.0,LOW
2026-01-02 20:42:00,46.70552213652908,58.27908959863608,133.75101439184988,3.3089894097291124,0,NORMAL,No Incident,0.0,LOW
2026-01-02 20:43:00,57.31870704288296,72.33821302129041,88.45540727735755,0.489075438183006,0,NORMAL,No Incident,0.0,LOW
2026-01-02 20:44:00,53.35058029084117,67.95481215852338,102.1283806404398,3.122771240233342,0,NORMAL,No Incident,0.0,LOW
2026-01-02 20:45:00,53.16155957182778,67.21817119954763,151.7379931406618,2.661185474816005,0,NORMAL,No Incident,0.0,LOW
2026-01-02 20:46:00,54.69267589808526,56.00102055671319,70.79128355807589,1.4311714124434092,0,NORMAL,No Incident,0.0,LOW
2026-01-02 20:47:00,34.64427876792894,64.34425823431722,117.19644140349313,1.075591431770002,0,NORMAL,No Incident,0.0,LOW
2026-01-02 20:48:00,57.56788679986982,58.12881759637125,143.44549919216138,0.0,0,NORMAL,No Incident,0.0,LOW
2026-01-02 20:49:00,56.12468794013602,58.4312543145845,118.13478668916471,1.204824987586166,0,NORMAL,No Incident,0.0,LOW
2026-01-02 20:50:00,39.83316871423503,63.2774827499724,111.89977857098606,3.047176655002997,0,NORMAL,No Incident,0.0,LOW
2026-01-02 20:51:00,47.55919526325799,55.22405129263254,122.588433536306,1.9439142737213253,0,NORMAL,No Incident,0.0,LOW
2026-01-02 20:52:00,49.606927123723686,71.94402483554563,112.93759639995106,3.1629808803918413,0,NORMAL,No Incident,0.0,LOW
2026-01-02 20:53:00,48.655032155982674,58.7189588832165,120.61698985513878,1.380128929375448,0,NORMAL,No Incident,0.0,LOW
2026-01-02 20:54:00,53.338599665685344,64.94688453007731,106.3323792695974,2.7071061601065627,0,NORMAL,No Incident,0.0,LOW
2026-01-02 20:55:00,64.31366781831184,71.64480383405838,142.1734883991145,1.2825013979155784,0,NORMAL,No Incident,0.0,LOW
2026-01-02 20:56:00,60.81766727672829,68.25323019660141,148.4652984213132,1.034424993790161,0,NORMAL,No Incident,0.0,LOW
2026-01-02 20:57:00,36.87780806568594,48.7286471784758,117.33219355776755,1.892872782829324,0,NORMAL,No Incident,0.0,LOW
2026-01-02 20:58:00,56.220699903060485,63.55916716007907,92.27021158617514,1.3350334886800037,0,NORMAL,No Incident,0.0,LOW
2026-01-02 20:59:00,63.2893331953541,66.80575515568518,109.52313659373208,0.4571778509627875,0,NORMAL,No Incident,0.0,LOW
2026-01-02 21:00:00,53.868085206892026,67.13490417728599,116.32022679794072,1.8176852992830064,0,NORMAL,No Incident,0.0,LOW
2026-01-02 21:01:00,60.90980425185967,51.09364132708295,130.11077753806416,2.106435416431289,0,NORMAL,No Incident,0.0,LOW
2026-01-02 21:02:00,70.12270445700764,54.74371810386141,99.83973553658645,3.268358611496067,0,NORMAL,No Incident,0.0,LOW
2026-01-02 21:03:00,60.23709546106981,67.95646588593297,104.61675362715698,2.93680567713306,0,NORMAL,No Incident,0.0,LOW
2026-01-02 21:04:00,52.49308595641729,53.90591703453883,130.21352275717615,3.219943199232832,0,NORMAL,No Incident,0.0,LOW
2026-01-02 21:05:00,60.450884740847535,57.60243154668549,138.77817664079114,2.7203574983935086,0,NORMAL,No Incident,0.0,LOW
2026-01-02 21:06:00,51.44887833096891,72.60700647601575,107.56811909658632,2.332612758949975,0,NORMAL,No Incident,0.0,LOW
2026-01-02 21:07:00,50.23903043284955,59.61760599692168,93.33565892098008,0.7710550935281075,0,NORMAL,No Incident,0.0,LOW
2026-01-02 21:08:00,46.48585764286268,54.18580689732926,185.6823640257577,2.1498721979352746,0,NORMAL,No Incident,0.0,LOW
2026-01-02 21:09:00,65.63413358832108,52.97906114509676,135.66608474177428,2.5967937773308143,0,NORMAL,No Incident,0.0,LOW
2026-01-02 21:10:00,41.81571334057999,62.6617546366815,114.65992476465937,3.457437949370436,0,NORMAL,No Incident,0.0,LOW
2026-01-02 21:11:00,65.32367724678116,49.33481593218233,137.3806255106168,2.6862885417318134,0,NORMAL,No Incident,0.0,LOW
2026-01-02 21:12:00,54.99864123740372,58.02131228882865,117.51086740571156,3.240383434605421,0,NORMAL,No Incident,0.0,LOW
2026-01-02 21:13:00,36.006938251980586,62.66584427992017,137.34313778200374,0.968002108634761,0,NORMAL,No Incident,0.0,LOW
2026-01-02 21:14:00,53.67649292991422,70.39319856438134,123.18786395552443,1.673582373851905,0,NORMAL,No Incident,0.0,LOW
2026-01-02 21:15:00,28.99973492348376,65.34038464295996,121.82543796335146,2.429350713661271,0,NORMAL,No Incident,0.0,LOW
2026-01-02 21:16:00,56.25508016831036,54.28747905614257,117.72836263538424,3.1609526907425614,0,NORMAL,No Incident,0.0,LOW
2026-01-02 21:17:00,98.8523148298899,99.42735454050975,591.0523733307382,11.85477135416108,1,CRITICAL,High CPU Usage / Compute Resource Overload,100.0,HIGH
2026-01-02 21:18:00,44.07644044347946,57.60387969962018,158.7618979878628,1.9175540408508465,0,NORMAL,No Incident,0.0,LOW
2026-01-02 21:19:00,51.23547695955583,50.11437582360473,101.16932159464514,2.687140306002979,0,NORMAL,No Incident,0.0,LOW
2026-01-02 21:20:00,100.0,88.62366912587622,592.7995284737881,10.874129172854875,1,CRITICAL,High CPU Usage / Compute Resource Overload,100.0,HIGH
2026-01-02 21:21:00,44.94253295738064,71.50535360916561,115.74280234487266,3.607404549823429,0,NORMAL,No Incident,0.0,LOW
2026-01-02 21:22:00,39.410924129434,61.3219204005194,100.77056372978988,1.1208639068923152,0,NORMAL,No Incident,0.0,LOW
2026-01-02 21:23:00,64.81663402462598,60.10017491463829,118.96574418879456,0.0814105764406969,0,NORMAL,No Incident,0.0,LOW
2026-01-02 21:24:00,69.62587190530795,73.09769315762283,133.75527697123536,2.0100670085225807,0,NORMAL,No Incident,0.0,LOW
2026-01-02 21:25:00,50.03695671847847,48.54916122356458,139.90605801058445,3.698458702375565,0,NORMAL,No Incident,0.0,LOW
2026-01-02 21:26:00,60.11463035408356,49.715207087577824,136.29461443243363,2.5864531303336102,0,NORMAL,No Incident,0.0,LOW
2026-01-02 21:27:00,63.414759155308815,47.07322823226534,113.8873589042864,2.7510905430036328,0,NORMAL,No Incident,0.0,LOW
2026-01-02 21:28:00,42.57515767461616,62.98118549184044,120.99183655323172,2.0413857623071143,0,NORMAL,No Incident,0.0,LOW
2026-01-02 21:29:00,45.14694164632132,61.331945016921,128.1575810179498,1.847622502728823,0,NORMAL,No Incident,0.0,LOW
2026-01-02 21:30:00,62.30874513154735,72.34189093823821,84.84425152115855,0.4550906304068844,0,NORMAL,No Incident,0.0,LOW
2026-01-02 21:31:00,66.85014278708509,61.94780061709416,131.41169400239718,0.0,0,NORMAL,No Incident,0.0,LOW
2026-01-02 21:32:00,55.62880860174355,56.76674272416558,90.85401424832337,2.196272338440864,0,NORMAL,No Incident,0.0,LOW
2026-01-02 21:33:00,41.20185646497946,60.014358983024856,160.8069319781298,3.3125491943402263,0,NORMAL,No Incident,0.0,LOW
2026-01-02 21:34:00,69.87061111699441,60.94165934768766,111.9096983071661,2.344133704828065,0,NORMAL,No Incident,0.0,LOW
2026-01-02 21:35:00,44.69029102188036,46.62590981337466,116.30249645610816,2.623599527052013,0,NORMAL,No Incident,0.0,LOW
2026-01-02 21:36:00,46.64862218828548,81.68265315467914,104.60585801524287,3.58371754563954,0,NORMAL,No Incident,0.0,LOW
2026-01-02 21:37:00,53.42337834489621,64.15896814481529,107.4005993628862,2.328766851441058,0,NORMAL,No Incident,0.0,LOW
2026-01-02 21:38:00,65.54160420714774,61.68006646418071,165.4818713828648,1.8773448996923805,0,NORMAL,No Incident,0.0,LOW
2026-01-02 21:39:00,58.53975976552224,64.92131187422865,138.80739377246596,1.181475194349935,0,NORMAL,No Incident,0.0,LOW
2026-01-02 21:40:00,54.14865500361911,65.67528784469285,89.01595109704323,4.022212562972086,0,NORMAL,No Incident,0.0,LOW
2026-01-02 21:41:00,54.63288530118106,58.87557211598055,150.08425801370458,2.52654777915368,0,NORMAL,No Incident,0.0,LOW
2026-01-02 21:42:00,50.43514668643466,54.9500709100744,143.86484550282864,1.0563982840806692,0,NORMAL,No Incident,0.0,LOW
2026-01-02 21:43:00,55.58139514518506,64.79560549057364,114.37575075423425,0.8288323321987632,0,NORMAL,No Incident,0.0,LOW
2026-01-02 21:44:00,24.70439922305697,63.085686724251616,126.13393884059676,3.2530637269289127,0,NORMAL,No Incident,0.0,LOW
2026-01-02 21:45:00,47.033925409302014,53.520879207284736,119.70111841157852,0.9625583035916744,0,NORMAL,No Incident,0.0,LOW
2026-01-02 21:46:00,52.41321934916781,71.35228489093811,159.45159808893865,3.853834157502221,0,NORMAL,No Incident,0.0,LOW
2026-01-02 21:47:00,38.48985916380493,62.34681629058387,104.0741962201582,0.0,0,NORMAL,No Incident,0.0,LOW
2026-01-02 21:48:00,53.8632331781156,65.83855489814104,122.92021219551454,3.4225951977899767,0,NORMAL,No Incident,0.0,LOW
2026-01-02 21:49:00,47.95528779013878,71.13536710143936,111.4370933801439,2.486894811161964,0,NORMAL,No Incident,0.0,LOW
2026-01-02 21:50:00,67.5547569831549,60.17511056931868,91.33919190764291,2.118594423056874,0,NORMAL,No Incident,0.0,LOW
2026-01-02 21:51:00,65.73019725214857,62.53561605587292,163.83276510109974,1.824541564958237,0,NORMAL,No Incident,0.0,LOW
2026-01-02 21:52:00,45.34194430881837,66.48021790804893,96.36866841795177,3.8907298485940296,0,NORMAL,No Incident,0.0,LOW
2026-01-02 21:53:00,48.49162288433305,54.201111329599584,124.40258374975552,2.7070588584012034,0,NORMAL,No Incident,0.0,LOW
2026-01-02 21:54:00,49.26052434391608,60.432413302768005,85.1859878723933,1.0967963911045486,0,NORMAL,No Incident,0.0,LOW
2026-01-02 21:55:00,45.483405238403776,61.00438869320919,112.01858921513814,0.2810900439711186,0,NORMAL,No Incident,0.0,LOW
2026-01-02 21:56:00,51.95024984028127,52.35153158653284,128.43937642866916,2.1772972131473085,0,NORMAL,No Incident,0.0,LOW
2026-01-02 21:57:00,42.4171793111241,78.54109430939103,103.50532040995274,1.9989288664625853,0,NORMAL,No Incident,0.0,LOW
2026-01-02 21:58:00,38.693846650624735,48.74165245206078,131.7360370147131,0.4801319626244908,0,NORMAL,No Incident,0.0,LOW
2026-01-02 21:59:00,56.227112239002686,49.615168770502734,114.61917816223836,1.9446064745176643,0,NORMAL,No Incident,0.0,LOW
2026-01-02 22:00:00,56.29529584221811,70.51381260562863,143.20165024797225,1.4260653669258,0,NORMAL,No Incident,0.0,LOW
2026-01-02 22:01:00,41.95684240340008,65.70613000637233,147.23521826680445,2.0092900683066945,0,NORMAL,No Incident,0.0,LOW
2026-01-02 22:02:00,58.95355430762599,51.792281460153774,108.26510478539976,2.725923611648402,0,NORMAL,No Incident,0.0,LOW
2026-01-02 22:03:00,43.68422270834669,64.85831212081354,121.53465718785914,3.4926099474640355,0,NORMAL,No Incident,0.0,LOW
2026-01-02 22:04:00,52.53165238037981,71.74280355997848,123.66908452944466,2.9088890363692874,0,NORMAL,No Incident,0.0,LOW
2026-01-02 22:05:00,58.20344012612456,59.75789553922412,132.38698590869396,1.2785592501697944,0,NORMAL,No Incident,0.0,LOW
2026-01-02 22:06:00,49.66387435296287,80.79058320059666,120.28763992488533,2.3689151288291943,0,NORMAL,No Incident,0.0,LOW
2026-01-02 22:07:00,54.54740912141134,46.20750551305572,123.80421918685684,2.063107121492024,0,NORMAL,No Incident,0.0,LOW
2026-01-02 22:08:00,44.83570356112429,65.55058763087281,115.1318705040976,0.667871045369099,0,NORMAL,No Incident,0.0,LOW
2026-01-02 22:09:00,48.03533416571903,69.33222668976802,122.30479733944036,2.398232784692272,0,NORMAL,No Incident,0.0,LOW
2026-01-02 22:10:00,47.94140569119659,67.13075121284197,145.95880387070264,3.856672337917714,0,NORMAL,No Incident,0.0,LOW
2026-01-02 22:11:00,42.53421653459761,58.365154186834815,132.9216648242371,2.032426604187004,0,NORMAL,No Incident,0.0,LOW
2026-01-02 22:12:00,48.23225836884218,57.6764681439108,134.02511278886738,0.4058173202745994,0,NORMAL,No Incident,0.0,LOW
2026-01-02 22:13:00,74.51381701136253,93.55316136869806,634.4614064827116,12.03026867110862,1,CRITICAL,High API Latency / Database Performance Issue,100.0,HIGH
2026-01-02 22:14:00,45.08846252857895,66.52603589321656,116.92382444237928,0.7862878010267498,0,NORMAL,No Incident,0.0,LOW
2026-01-02 22:15:00,47.15124506630329,64.8197874902589,126.3765408715906,2.863605506886288,0,NORMAL,No Incident,0.0,LOW
2026-01-02 22:16:00,47.4382024750462,68.32046312634711,98.29652643328512,2.5248649917251287,0,NORMAL,No Incident,0.0,LOW
2026-01-02 22:17:00,47.58502554129221,51.84904034346612,145.37615312633915,1.8290899465252568,0,NORMAL,No Incident,0.0,LOW
2026-01-02 22:18:00,49.38235800139872,58.17783216701092,64.34079135313559,1.6688357341441789,0,NORMAL,No Incident,0.0,LOW
2026-01-02 22:19:00,54.79441518086064,52.47987254300997,118.25703215329148,1.7877656983844532,0,NORMAL,No Incident,0.0,LOW
2026-01-02 22:20:00,58.745170741325225,56.91109779131087,142.81791954300547,2.0082744943423205,0,NORMAL,No Incident,0.0,LOW
2026-01-02 22:21:00,43.50234773151733,68.12176713451444,92.72264132741316,1.227764978658458,0,NORMAL,No Incident,0.0,LOW
2026-01-02 22:22:00,37.96799144610856,60.86387136580183,127.99559835233704,0.6122469189985631,0,NORMAL,No Incident,0.0,LOW
2026-01-02 22:23:00,39.57955587756897,80.85487330519815,106.38467106841946,3.138698946694648,0,NORMAL,No Incident,0.0,LOW
2026-01-02 22:24:00,45.12797078805073,61.54725093751774,112.62393469622262,1.614599023503042,0,NORMAL,No Incident,0.0,LOW
2026-01-02 22:25:00,46.48078682183491,60.47753504463789,138.91881921278875,2.167043104169144,0,NORMAL,No Incident,0.0,LOW
2026-01-02 22:26:00,42.30003933802543,60.84946335552173,123.961138517703,2.2852819511674944,0,NORMAL,No Incident,0.0,LOW
2026-01-02 22:27:00,37.038833357501055,54.89753045712051,79.31288264231274,2.322020479655214,0,NORMAL,No Incident,0.0,LOW
2026-01-02 22:28:00,45.43879172525812,59.53730710097925,100.47148920536804,0.8261820029015758,0,NORMAL,No Incident,0.0,LOW
2026-01-02 22:29:00,51.81426620113972,69.02230421689316,139.50671469777518,0.3241598354481523,0,NORMAL,No Incident,0.0,LOW
2026-01-02 22:30:00,55.950294658355645,60.911765345022175,128.97885436385997,1.411307475308008,0,NORMAL,No Incident,0.0,LOW
2026-01-02 22:31:00,44.42576946891679,53.65232216093223,154.9627114504857,2.395711532416953,0,NORMAL,No Incident,0.0,LOW
2026-01-02 22:32:00,45.87002177856566,52.59932303617092,153.65295188026596,1.272050132525687,0,NORMAL,No Incident,0.0,LOW
2026-01-02 22:33:00,40.73301691152689,56.39838486667325,113.15509739706415,1.6450786463007665,0,NORMAL,No Incident,0.0,LOW
2026-01-02 22:34:00,49.68560829625224,60.59090747528704,170.06475610138978,4.127297413749568,0,NORMAL,No Incident,0.0,LOW
2026-01-02 22:35:00,41.515713658091855,69.5486922838101,120.48959339703822,0.1545761151954643,0,NORMAL,No Incident,0.0,LOW
2026-01-02 22:36:00,55.731278132412,49.2760908690685,100.74662931181948,1.2449660040895014,0,NORMAL,No Incident,0.0,LOW
2026-01-02 22:37:00,32.14133508065889,57.44138977688995,107.32720268178844,3.896604068573928,0,NORMAL,No Incident,0.0,LOW
2026-01-02 22:38:00,46.40370327547538,61.15448015548064,74.86549789421161,1.9554013280047768,0,NORMAL,No Incident,0.0,LOW
2026-01-02 22:39:00,53.01107339191742,45.33035385896452,152.14038016498563,1.2940148345010891,0,NORMAL,No Incident,0.0,LOW
2026-01-02 22:40:00,51.83834516322504,53.33121373626875,151.89523978087726,3.1687689170111204,0,NORMAL,No Incident,0.0,LOW
2026-01-02 22:41:00,76.93033663980496,54.56089168211051,99.68985122373358,2.055230436481111,0,NORMAL,No Incident,0.0,LOW
2026-01-02 22:42:00,53.49800024567907,53.63223700919601,115.44231423236188,1.651691604955994,0,NORMAL,No Incident,0.0,LOW
2026-01-02 22:43:00,39.959454031579895,61.53511636017318,121.91215088225157,2.192368927037512,0,NORMAL,No Incident,0.0,LOW
2026-01-02 22:44:00,49.04535752910927,58.71552312398562,100.79293895715772,1.341891190617234,0,NORMAL,No Incident,0.0,LOW
2026-01-02 22:45:00,32.23753666533548,55.55771117919171,84.89795937457677,0.9825089371119216,0,NORMAL,No Incident,0.0,LOW
2026-01-02 22:46:00,49.1940025070324,63.42370101242108,115.79284792446175,1.886403072365252,0,NORMAL,No Incident,0.0,LOW
2026-01-02 22:47:00,41.669439429992416,73.78459774117,113.57841141081506,0.9890030399239929,0,NORMAL,No Incident,0.0,LOW
2026-01-02 22:48:00,59.15390275560162,73.11405213393402,112.2317751802245,2.0106933117964805,0,NORMAL,No Incident,0.0,LOW
2026-01-02 22:49:00,44.504597254044654,44.617825823501306,124.4543212520193,2.354406567474339,0,NORMAL,No Incident,0.0,LOW
2026-01-02 22:50:00,48.832340842047536,64.61657747068112,148.59039317051983,2.853060456051611,0,NORMAL,No Incident,0.0,LOW
2026-01-02 22:51:00,43.64442158595597,58.57581367948929,113.93814560616548,3.1279249855168274,0,NORMAL,No Incident,0.0,LOW
2026-01-02 22:52:00,67.38851351853332,61.24124274292285,123.40885997442726,1.5942634983677484,0,NORMAL,No Incident,0.0,LOW
2026-01-02 22:53:00,46.78757233882088,56.81373573165961,134.5374104748987,2.4994146079390696,0,NORMAL,No Incident,0.0,LOW
2026-01-02 22:54:00,68.32557043479201,60.94070903909762,131.08285853025498,2.492523446206357,0,NORMAL,No Incident,0.0,LOW
2026-01-02 22:55:00,58.141517621182665,61.21125916857615,107.71152951104315,2.327818715815984,0,NORMAL,No Incident,0.0,LOW
2026-01-02 22:56:00,54.82066727335386,55.368385941208615,121.92754246228073,1.5205405890495416,0,NORMAL,No Incident,0.0,LOW
2026-01-02 22:57:00,53.6873314731752,52.82905961739856,130.95079640338108,0.9719321875358892,0,NORMAL,No Incident,0.0,LOW
2026-01-02 22:58:00,53.93797298216251,56.410434539044125,97.43297324978444,2.50200188906656,0,NORMAL,No Incident,0.0,LOW
2026-01-02 22:59:00,30.7232742065439,61.874074115654125,145.27078021593016,0.29313743780695,0,NORMAL,No Incident,0.0,LOW
2026-01-02 23:00:00,47.21116605849244,64.79197073347412,148.63177810428223,1.732160567431689,0,NORMAL,No Incident,0.0,LOW
2026-01-02 23:01:00,58.451579711843216,66.82679181872118,105.54439489111012,0.0,0,NORMAL,No Incident,0.0,LOW
2026-01-02 23:02:00,49.51102816525894,56.0464798154647,123.87340036696338,0.6635975766417366,0,NORMAL,No Incident,0.0,LOW
2026-01-02 23:03:00,35.94810153196425,62.27075653842189,132.84556513342062,1.1228660615525756,0,NORMAL,No Incident,0.0,LOW
2026-01-02 23:04:00,49.4759554942253,67.70002073562638,109.08771687342497,3.0967242076292845,0,NORMAL,No Incident,0.0,LOW
2026-01-02 23:05:00,67.04105516255491,69.32475916115303,129.6322769137619,2.688108024404269,0,NORMAL,No Incident,0.0,LOW
2026-01-02 23:06:00,62.46891715534719,59.52933716694782,123.2651125258433,1.4460653161577577,0,NORMAL,No Incident,0.0,LOW
2026-01-02 23:07:00,49.379959906339685,58.2325462004831,90.641636447224,2.72936979512975,0,NORMAL,No Incident,0.0,LOW
2026-01-02 23:08:00,59.51449277058087,61.52899387069114,129.18322631957116,2.8876229633803967,0,NORMAL,No Incident,0.0,LOW
2026-01-02 23:09:00,46.33492979631948,50.80234021682075,97.99715167457929,1.8393351516252785,0,NORMAL,No Incident,0.0,LOW
2026-01-02 23:10:00,32.96128413173281,58.45112391171593,138.78405703324094,0.6156218557863098,0,NORMAL,No Incident,0.0,LOW
2026-01-02 23:11:00,40.75534011870445,65.95669118778504,106.57577849732222,1.7920876899338858,0,NORMAL,No Incident,0.0,LOW
2026-01-02 23:12:00,100.0,95.1355770355496,616.7742913267771,11.902107594827864,1,CRITICAL,High API Latency / Database Performance Issue,100.0,HIGH
2026-01-02 23:13:00,47.26006918170696,57.83785916508889,147.4455782689315,0.7675456091697741,0,NORMAL,No Incident,0.0,LOW
2026-01-02 23:14:00,47.56616020624982,61.741745608697336,129.9276329305769,2.367046792929968,0,NORMAL,No Incident,0.0,LOW
2026-01-02 23:15:00,47.00161803725119,53.4027972776745,98.4105216085091,2.279811854302356,0,NORMAL,No Incident,0.0,LOW
2026-01-02 23:16:00,69.04136589573007,65.62793718580019,99.70166858401832,2.445042699894187,0,NORMAL,No Incident,0.0,LOW
2026-01-02 23:17:00,66.25958915362062,59.37742851090822,108.01394422752549,2.278923097167444,0,NORMAL,No Incident,0.0,LOW
2026-01-02 23:18:00,72.18780233448135,57.79238838643089,127.89288166713332,2.729843035114983,0,NORMAL,No Incident,0.0,LOW
2026-01-02 23:19:00,48.40954789599949,57.1062093112529,127.16599629865536,1.8206719721269684,0,NORMAL,No Incident,0.0,LOW
2026-01-02 23:20:00,52.95624488747095,59.49684906480113,103.1379539067426,2.201785107370953,0,NORMAL,No Incident,0.0,LOW
2026-01-02 23:21:00,34.833574505792086,56.41697884054433,96.65581028771282,1.602259715754468,0,NORMAL,No Incident,0.0,LOW
2026-01-02 23:22:00,64.76934426118274,65.26514428802051,125.63166810171668,1.4155007843780498,0,NORMAL,No Incident,0.0,LOW
2026-01-02 23:23:00,38.32220448732065,56.83773161587055,116.36279868419676,3.338249630762076,0,NORMAL,No Incident,0.0,LOW
2026-01-02 23:24:00,52.16775563762629,72.74371276821905,163.14431774895473,0.0,0,NORMAL,No Incident,0.0,LOW
2026-01-02 23:25:00,39.02697472367156,71.72168402785104,120.73207313126156,2.876759989154264,0,NORMAL,No Incident,0.0,LOW
2026-01-02 23:26:00,44.11133173261304,52.86765208116396,156.2850565540055,1.3794591245543395,0,NORMAL,No Incident,0.0,LOW
2026-01-02 23:27:00,41.627375689503,60.55763415543424,96.5923280379132,1.249961822356879,0,NORMAL,No Incident,0.0,LOW
2026-01-02 23:28:00,43.92124739324182,54.79474702931044,88.53574120876586,2.261577484065408,0,NORMAL,No Incident,0.0,LOW
2026-01-02 23:29:00,44.608772968510216,57.38681949449111,97.59829734948931,0.5103903876489972,0,NORMAL,No Incident,0.0,LOW
2026-01-02 23:30:00,44.517312050749226,76.01941974115837,143.78259562906933,1.1839769280537968,0,NORMAL,No Incident,0.0,LOW
2026-01-02 23:31:00,58.33333911780307,57.53942866307361,155.1220317938707,1.150860353487008,0,NORMAL,No Incident,0.0,LOW
2026-01-02 23:32:00,38.9513720693748,62.88180829661943,104.35641092094733,1.7786017418149052,0,NORMAL,No Incident,0.0,LOW
2026-01-02 23:33:00,52.20541427013867,64.33057035206623,110.78867940480885,1.1958623118393117,0,NORMAL,No Incident,0.0,LOW
2026-01-02 23:34:00,62.17959152305559,51.99496502013408,96.62038179575,3.601118685639269,0,NORMAL,No Incident,0.0,LOW
2026-01-02 23:35:00,44.86803635486604,53.15923620472636,83.76720305763226,3.797016516497954,0,NORMAL,No Incident,0.0,LOW
2026-01-02 23:36:00,42.82081109252398,50.351821028735046,134.3682339555326,0.0,0,NORMAL,No Incident,0.0,LOW
2026-01-02 23:37:00,47.69475374819749,52.912234128817786,124.46040605924328,2.544322704765736,0,NORMAL,No Incident,0.0,LOW
2026-01-02 23:38:00,61.79725208360711,37.19975912546254,120.2097596534775,2.8586634390775747,0,NORMAL,No Incident,0.0,LOW
2026-01-02 23:39:00,51.94107630953358,64.35665920634902,91.9988692567324,2.542985202391105,0,NORMAL,No Incident,0.0,LOW
2026-01-02 23:40:00,44.68785705392401,76.43355073004855,152.7991336365732,1.3418865069083057,0,NORMAL,No Incident,0.0,LOW
2026-01-02 23:41:00,54.8387665118804,61.18256591229222,109.93286523901054,1.7559044378414586,0,NORMAL,No Incident,0.0,LOW
2026-01-02 23:42:00,38.977078501635766,48.66984912527514,130.6725284963295,1.2517253452223045,0,NORMAL,No Incident,0.0,LOW
2026-01-02 23:43:00,56.81359510442948,54.85778893680042,90.9087718951055,1.5797359688411714,0,NORMAL,No Incident,0.0,LOW
2026-01-02 23:44:00,54.08607307701767,56.328985239800026,116.18949620759923,0.7900349713328239,0,NORMAL,No Incident,0.0,LOW
2026-01-02 23:45:00,46.92191528861116,51.859321782292994,125.82748912477167,1.8852111783654493,0,NORMAL,No Incident,0.0,LOW
2026-01-02 23:46:00,41.61414201552769,66.88146110716126,126.54150436106616,0.4971982886949302,0,NORMAL,No Incident,0.0,LOW
2026-01-02 23:47:00,41.133190777165424,66.48208035500267,123.09297086473252,1.7998654457718624,0,NORMAL,No Incident,0.0,LOW
2026-01-02 23:48:00,55.348173363459104,50.75638564945872,129.89044984097546,0.7514183109002355,0,NORMAL,No Incident,0.0,LOW
2026-01-02 23:49:00,62.28980502489062,65.80064835558007,97.38959087934076,2.206816361791404,0,NORMAL,No Incident,0.0,LOW
2026-01-02 23:50:00,43.62692252971205,72.21450130861813,123.9474521087932,1.3205804390571094,0,NORMAL,No Incident,0.0,LOW
2026-01-02 23:51:00,54.58386703551484,75.22046564183648,122.27515366960554,2.290580347874537,0,NORMAL,No Incident,0.0,LOW
2026-01-02 23:52:00,29.12972981397932,82.9216961846877,124.63345368390122,3.081580728364782,0,NORMAL,No Incident,0.0,LOW
2026-01-02 23:53:00,44.153822693428005,52.78405880445442,121.44690434638365,3.589446936104708,0,NORMAL,No Incident,0.0,LOW
2026-01-02 23:54:00,49.68941067129098,82.59376341116163,94.53574452173206,0.0,0,NORMAL,No Incident,0.0,LOW
2026-01-02 23:55:00,40.90316583018166,57.166348891929694,93.64400495782051,1.1658059061262174,0,NORMAL,No Incident,0.0,LOW
2026-01-02 23:56:00,40.63493625210404,55.260276356955885,75.71463628230897,1.696913922887986,0,NORMAL,No Incident,0.0,LOW
2026-01-02 23:57:00,43.322204435311136,62.61657899902277,136.35069019690596,2.460327818381483,0,NORMAL,No Incident,0.0,LOW
2026-01-02 23:58:00,52.92192728326373,55.3435093272559,136.55315019470396,0.3496454958454706,0,NORMAL,No Incident,0.0,LOW
2026-01-02 23:59:00,48.12670981593625,63.19235312517221,136.87100582444242,1.0179075931997843,0,NORMAL,No Incident,0.0,LOW
2026-01-03 00:00:00,27.61768766675028,49.43938249810159,126.13579924922904,2.13035720265711,0,NORMAL,No Incident,0.0,LOW
2026-01-03 00:01:00,28.792998473649337,58.08997918349253,77.33761564563778,2.084888241526667,0,NORMAL,No Incident,0.0,LOW
2026-01-03 00:02:00,43.93134822142824,70.28465787489344,99.46579016429467,2.377618406420093,0,NORMAL,No Incident,0.0,LOW
2026-01-03 00:03:00,54.57686586053552,59.54350966855076,123.40830835186225,2.443675726888116,0,NORMAL,No Incident,0.0,LOW
2026-01-03 00:04:00,22.524951572747653,61.13276629391906,122.7103600558359,2.3385944331158623,0,NORMAL,No Incident,0.0,LOW
2026-01-03 00:05:00,45.002698238483696,63.80206883773849,115.54503573695958,2.1936553166314927,0,NORMAL,No Incident,0.0,LOW
2026-01-03 00:06:00,44.73752143482579,69.36529303454128,127.37834405816494,2.055739773326368,0,NORMAL,No Incident,0.0,LOW
2026-01-03 00:07:00,63.88337778208448,46.75820230248453,120.2330341537049,2.664763089724363,0,NORMAL,No Incident,0.0,LOW
2026-01-03 00:08:00,46.149781882871366,64.67619241469947,122.41540931102725,0.0,0,NORMAL,No Incident,0.0,LOW
2026-01-03 00:09:00,53.82988984740928,57.85488688606589,107.21869334335967,3.544333486971235,0,NORMAL,No Incident,0.0,LOW
2026-01-03 00:10:00,51.41257140087463,61.33310316249471,139.6402197224318,0.0,0,NORMAL,No Incident,0.0,LOW
2026-01-03 00:11:00,28.694335201927995,68.47960135809902,111.38456782639231,0.920838183095508,0,NORMAL,No Incident,0.0,LOW
2026-01-03 00:12:00,57.682072166317376,50.44650678870525,93.38701833958748,1.7732392033498552,0,NORMAL,No Incident,0.0,LOW
2026-01-03 00:13:00,52.15396505456288,51.89884446845528,104.58001974362544,2.6726128910898423,0,NORMAL,No Incident,0.0,LOW
2026-01-03 00:14:00,55.0826863967459,44.51656032228955,113.0306761727604,0.0,0,NORMAL,No Incident,0.0,LOW
2026-01-03 00:15:00,89.26237706436326,55.60672846588979,139.88005576737694,1.9718756760581653,0,NORMAL,No Incident,0.0,LOW
2026-01-03 00:16:00,29.15887060501412,70.64345875503054,119.15464003130414,2.792395039415734,0,NORMAL,No Incident,0.0,LOW
2026-01-03 00:17:00,67.24696649761108,59.035302492212246,116.27703562068702,2.994518116028477,0,NORMAL,No Incident,0.0,LOW
2026-01-03 00:18:00,47.12552480599644,49.27900083476172,95.02673150474746,1.3026703415025414,0,NORMAL,No Incident,0.0,LOW
2026-01-03 00:19:00,52.873289044030095,56.11457004339962,135.70965179659152,1.6991647130449676,0,NORMAL,No Incident,0.0,LOW
2026-01-03 00:20:00,49.54487754698758,48.09710637207502,106.9609569195323,1.3838518711073722,0,NORMAL,No Incident,0.0,LOW
2026-01-03 00:21:00,45.757636666019565,50.99851118615071,117.99944282117328,1.6073253464739157,0,NORMAL,No Incident,0.0,LOW
2026-01-03 00:22:00,44.30167071761241,63.1105512821097,149.6036615376373,0.968173449271565,0,NORMAL,No Incident,0.0,LOW
2026-01-03 00:23:00,93.29508735573008,80.60901338955176,630.1752666209861,11.110747837529082,1,CRITICAL,High API Latency / Database Performance Issue,100.0,HIGH
2026-01-03 00:24:00,34.82826303328321,68.90107444162642,87.43491904569652,2.434376922028368,0,NORMAL,No Incident,0.0,LOW
2026-01-03 00:25:00,57.50579167521766,59.43103767335731,84.60979527295055,2.1316153732727416,0,NORMAL,No Incident,0.0,LOW
2026-01-03 00:26:00,45.83805595114746,60.6847576315562,118.71379099761508,2.491586507590473,0,NORMAL,No Incident,0.0,LOW
2026-01-03 00:27:00,38.69930660959642,57.773016259136845,95.7451877025039,2.2140143897008366,0,NORMAL,No Incident,0.0,LOW
2026-01-03 00:28:00,45.49987142004186,66.18278270834979,132.97093495265997,2.704338601147596,0,NORMAL,No Incident,0.0,LOW
2026-01-03 00:29:00,62.57149216862573,66.26527910221608,120.84526129929958,2.878213998154995,0,NORMAL,No Incident,0.0,LOW
2026-01-03 00:30:00,44.64664912983777,62.680434815297374,123.30769538047726,0.2582833801338959,0,NORMAL,No Incident,0.0,LOW
2026-01-03 00:31:00,53.5845361820962,64.51831284726119,105.86513636715294,1.1456903495856374,0,NORMAL,No Incident,0.0,LOW
2026-01-03 00:32:00,42.69043724284526,58.3032826406366,154.8276731057341,1.768624042509961,0,NORMAL,No Incident,0.0,LOW
2026-01-03 00:33:00,57.5792184992362,64.33762405527239,176.85187456020918,1.977322474512659,0,NORMAL,No Incident,0.0,LOW
2026-01-03 00:34:00,56.85507738790204,57.296977796209546,114.4283055248657,1.3299094261819664,0,NORMAL,No Incident,0.0,LOW
2026-01-03 00:35:00,68.48608833296412,60.01785297729921,127.0607849683,2.912023670988306,0,NORMAL,No Incident,0.0,LOW
2026-01-03 00:36:00,48.24436054500784,57.80285000506962,121.94834686128624,3.9799483682905983,0,NORMAL,No Incident,0.0,LOW
2026-01-03 00:37:00,56.686548047579066,56.34225168544644,114.80626273117862,2.186161955581734,0,NORMAL,No Incident,0.0,LOW
2026-01-03 00:38:00,50.98067539538945,54.48710561822568,103.35859064534408,2.0843410321982114,0,NORMAL,No Incident,0.0,LOW
2026-01-03 00:39:00,62.95871781863014,63.74152083087108,98.30064025039046,2.849456255104331,0,NORMAL,No Incident,0.0,LOW
2026-01-03 00:40:00,42.8116761239127,70.4848473025077,97.28805468948951,0.1341602447965639,0,NORMAL,No Incident,0.0,LOW
2026-01-03 00:41:00,57.45005312877281,69.36881577335647,128.1048005109829,2.0284689404384104,0,NORMAL,No Incident,0.0,LOW
2026-01-03 00:42:00,48.05302703883319,49.94747731243652,109.60651043592728,2.9790358254675167,0,NORMAL,No Incident,0.0,LOW
2026-01-03 00:43:00,49.35811822891503,70.31362441125499,68.4341429971894,1.3568460027988882,0,NORMAL,No Incident,0.0,LOW
2026-01-03 00:44:00,50.91752484448373,57.45473198705657,128.89716441196646,0.7734394200980346,0,NORMAL,No Incident,0.0,LOW
2026-01-03 00:45:00,52.52240396426677,64.80586412116473,119.23477435071688,1.8141943899002213,0,NORMAL,No Incident,0.0,LOW
2026-01-03 00:46:00,48.83770956878042,52.75027734362232,146.93346002802292,1.93931456679808,0,NORMAL,No Incident,0.0,LOW
2026-01-03 00:47:00,52.14713183170527,61.13583931099204,127.4624479418202,1.0913477180845417,0,NORMAL,No Incident,0.0,LOW
2026-01-03 00:48:00,65.78118057562185,62.509785463175255,90.42652807379406,4.096161276050951,0,NORMAL,No Incident,0.0,LOW
2026-01-03 00:49:00,59.85449685615218,48.12316166464278,75.40646718540037,1.5213036189920544,0,NORMAL,No Incident,0.0,LOW
2026-01-03 00:50:00,58.69154592496896,64.86613733075352,105.61055231324126,0.8463406485734313,0,NORMAL,No Incident,0.0,LOW
2026-01-03 00:51:00,45.444604739761296,70.76748006270653,107.49785158612694,1.9063786809293888,0,NORMAL,No Incident,0.0,LOW
2026-01-03 00:52:00,41.10759171771676,58.60281643454697,138.86318402000333,2.907860637704492,0,NORMAL,No Incident,0.0,LOW
2026-01-03 00:53:00,59.55300558237753,70.8813450466241,119.82258135420854,2.017414248998231,0,NORMAL,No Incident,0.0,LOW
2026-01-03 00:54:00,58.760467925297945,58.48245205238074,142.67376996197018,2.4855939200440025,0,NORMAL,No Incident,0.0,LOW
2026-01-03 00:55:00,64.72670675750982,66.79667624837293,93.5033388859473,1.1284894056668429,0,NORMAL,No Incident,0.0,LOW
2026-01-03 00:56:00,43.9601937403077,42.25144027239121,139.30528768760897,3.4876884464035136,0,NORMAL,No Incident,0.0,LOW
2026-01-03 00:57:00,47.70451344639653,79.35022223450771,134.4197830686184,2.5617110279184434,0,NORMAL,No Incident,0.0,LOW
2026-01-03 00:58:00,33.605158374745656,71.96366596194366,79.63531777137607,3.04770156887761,0,NORMAL,No Incident,0.0,LOW
2026-01-03 00:59:00,46.07528893939127,57.72299596597057,146.45235682521545,2.365160632475169,0,NORMAL,No Incident,0.0,LOW
2026-01-03 01:00:00,59.96570510579447,44.223287786849454,121.86916983532706,2.8248840377287845,0,NORMAL,No Incident,0.0,LOW
2026-01-03 01:01:00,45.33504620771802,62.30422694644391,127.84089007737012,1.1269474403227726,0,NORMAL,No Incident,0.0,LOW
2026-01-03 01:02:00,56.40479795200824,48.44859562340994,102.70207775143156,1.5085895833104377,0,NORMAL,No Incident,0.0,LOW
2026-01-03 01:03:00,48.094968940021886,63.55882830045991,145.50494025843943,3.34648059555603,0,NORMAL,No Incident,0.0,LOW
2026-01-03 01:04:00,53.24057028221561,63.29252575331426,96.2829534152226,3.559741947283964,0,NORMAL,No Incident,0.0,LOW
2026-01-03 01:05:00,38.523086101843326,52.4687746479838,136.64184036747892,0.8529344002809232,0,NORMAL,No Incident,0.0,LOW
2026-01-03 01:06:00,50.85209449633901,68.96773618891503,136.41214951817344,2.2497360678638123,0,NORMAL,No Incident,0.0,LOW
2026-01-03 01:07:00,20.088640290992767,66.4445976224494,100.51665143655556,1.5690561995147725,0,NORMAL,No Incident,0.0,LOW
2026-01-03 01:08:00,48.13103841838015,67.80658669830851,159.6674719884515,1.3029685306351384,0,NORMAL,No Incident,0.0,LOW
2026-01-03 01:09:00,33.6952675628486,60.07086162935117,124.63056960435038,2.28483969535545,0,NORMAL,No Incident,0.0,LOW
2026-01-03 01:10:00,62.05994516546816,48.67580746469035,133.07785220542047,3.140962932365408,0,NORMAL,No Incident,0.0,LOW
2026-01-03 01:11:00,57.77407352764512,67.8229781776891,89.45758409328488,2.451662473284194,0,NORMAL,No Incident,0.0,LOW
2026-01-03 01:12:00,54.66670981966081,57.83702880691367,162.3546000601713,1.680487550080965,0,NORMAL,No Incident,0.0,LOW
2026-01-03 01:13:00,65.2100622715938,48.881758854458646,95.5088611954982,2.51486117993516,0,NORMAL,No Incident,0.0,LOW
2026-01-03 01:14:00,40.51083479175163,70.81631492779461,140.4977286553186,1.640023826419099,0,NORMAL,No Incident,0.0,LOW
2026-01-03 01:15:00,67.47363197915558,76.79526016402008,100.1045656413661,2.412114300730602,0,NORMAL,No Incident,0.0,LOW
2026-01-03 01:16:00,59.32191564260385,59.67001496816638,107.62022394304634,3.396465700455733,0,NORMAL,No Incident,0.0,LOW
2026-01-03 01:17:00,47.63444712781054,77.27296923682633,135.77508087770894,0.0,0,NORMAL,No Incident,0.0,LOW
2026-01-03 01:18:00,61.35620147182944,60.7305178288908,140.55105427350315,2.797252298540033,0,NORMAL,No Incident,0.0,LOW
2026-01-03 01:19:00,38.93706487588366,56.95635276666919,94.57431501771796,0.4609450784295315,0,NORMAL,No Incident,0.0,LOW
2026-01-03 01:20:00,41.75485838472326,54.95633236651618,141.80944338113989,3.2283277105444617,0,NORMAL,No Incident,0.0,LOW
2026-01-03 01:21:00,43.914102767603,73.09665926394194,140.89960990266388,1.3629743901271394,0,NORMAL,No Incident,0.0,LOW
2026-01-03 01:22:00,44.71022291935985,53.75884894889783,101.24093182310216,0.782328622393516,0,NORMAL,No Incident,0.0,LOW
2026-01-03 01:23:00,39.43442357239747,65.8821544797999,151.9729518718222,2.6952692270887475,0,NORMAL,No Incident,0.0,LOW
2026-01-03 01:24:00,62.23083067095325,55.526689319526334,90.86284743503924,2.364170063142411,0,NORMAL,No Incident,0.0,LOW
2026-01-03 01:25:00,47.41145599630168,56.3175458994051,107.5045483444477,1.0008130970383418,0,NORMAL,No Incident,0.0,LOW
2026-01-03 01:26:00,53.5250496835688,68.24199755175654,129.58005248183977,0.7470002428316063,0,NORMAL,No Incident,0.0,LOW
2026-01-03 01:27:00,44.29648633586319,56.95970522968517,102.92867430594788,1.812518512508717,0,NORMAL,No Incident,0.0,LOW
2026-01-03 01:28:00,31.79396699451483,56.76163696463765,125.27638171358682,0.7959130498288034,0,NORMAL,No Incident,0.0,LOW
2026-01-03 01:29:00,52.70057358391422,69.06243757739846,124.8215215760659,0.9385270270763724,0,NORMAL,No Incident,0.0,LOW
2026-01-03 01:30:00,30.87745024580223,72.77917834577299,116.25851460154558,2.115620790421433,0,NORMAL,No Incident,0.0,LOW
2026-01-03 01:31:00,49.31365953914531,65.15751842627387,136.6480107718112,1.0341283657449032,0,NORMAL,No Incident,0.0,LOW
2026-01-03 01:32:00,36.3168496116719,54.76184179500841,115.4327841468472,2.426539290026543,0,NORMAL,No Incident,0.0,LOW
2026-01-03 01:33:00,69.87275999230808,55.91513200561936,124.63082137627612,3.490143595883477,0,NORMAL,No Incident,0.0,LOW
2026-01-03 01:34:00,59.113627221747215,60.6393221099203,142.92943754975806,1.8514445850994177,0,NORMAL,No Incident,0.0,LOW
2026-01-03 01:35:00,51.05753791271481,62.56744049540526,135.81372420051682,2.1301510619855843,0,NORMAL,No Incident,0.0,LOW
2026-01-03 01:36:00,62.63706677654669,52.09707271888183,135.72034581628418,4.018096732835486,0,NORMAL,No Incident,0.0,LOW
2026-01-03 01:37:00,41.53684022534264,65.78430351663891,97.0164079556644,0.8123988826226531,0,NORMAL,No Incident,0.0,LOW
2026-01-03 01:38:00,55.43479378670093,60.68410663711679,130.49585151002643,3.1912351951807416,0,NORMAL,No Incident,0.0,LOW
2026-01-03 01:39:00,51.99810433718714,46.27433345089496,102.4300241806099,3.0708575979124824,0,NORMAL,No Incident,0.0,LOW
2026-01-03 01:40:00,52.6402008133367,52.56858814031416,94.37170040443948,2.854317339173784,0,NORMAL,No Incident,0.0,LOW
2026-01-03 01:41:00,62.72353500106768,55.96697061078669,118.56587307430064,3.291747850732631,0,NORMAL,No Incident,0.0,LOW
2026-01-03 01:42:00,57.32492102779802,59.41713848927156,101.9140962669682,2.280574965958619,0,NORMAL,No Incident,0.0,LOW
2026-01-03 01:43:00,52.88723662825024,75.11423036403197,135.81235437679953,1.4170705044007326,0,NORMAL,No Incident,0.0,LOW
2026-01-03 01:44:00,33.45112563771704,61.90537044911703,136.29070919390648,3.0945732912205672,0,NORMAL,No Incident,0.0,LOW
2026-01-03 01:45:00,40.39953704720536,53.273824880811,81.94747527137116,3.132842211712895,0,NORMAL,No Incident,0.0,LOW
2026-01-03 01:46:00,48.77291066404276,61.7650464344573,103.4339492084622,3.105313901493288,0,NORMAL,No Incident,0.0,LOW
2026-01-03 01:47:00,50.93372374276651,57.18329802036895,90.80426656164002,2.0445020823192364,0,NORMAL,No Incident,0.0,LOW
2026-01-03 01:48:00,38.69796275326076,62.59806591626833,110.74741446814218,1.2838054863866737,0,NORMAL,No Incident,0.0,LOW
2026-01-03 01:49:00,74.11676675578421,64.64454149628492,129.10351339737647,2.191362254111611,0,NORMAL,No Incident,0.0,LOW
2026-01-03 01:50:00,65.16394055253573,69.6738451777915,115.15423803643225,2.9422300175678355,0,NORMAL,No Incident,0.0,LOW
2026-01-03 01:51:00,56.02118320392484,59.80570803463979,108.2048151866573,3.024351789859965,0,NORMAL,No Incident,0.0,LOW
2026-01-03 01:52:00,50.72036861283745,73.11168422079867,146.0035305362628,1.570323872925405,0,NORMAL,No Incident,0.0,LOW
2026-01-03 01:53:00,47.87791030098848,67.26418130028954,73.90285654807423,2.31537289612739,0,NORMAL,No Incident,0.0,LOW
2026-01-03 01:54:00,40.48081539977764,54.340483641502495,144.7374378703645,0.691221695514044,0,NORMAL,No Incident,0.0,LOW
2026-01-03 01:55:00,50.77480518518863,77.67884532598771,109.11423413689027,2.984950103005851,0,NORMAL,No Incident,0.0,LOW
2026-01-03 01:56:00,52.57752540142751,62.61595610616078,118.4378197977442,1.2166912432749366,0,NORMAL,No Incident,0.0,LOW
2026-01-03 01:57:00,37.58239424518376,53.31900396822212,109.45273324559784,2.7852553595715475,0,NORMAL,No Incident,0.0,LOW
2026-01-03 01:58:00,53.341764172448976,73.22330440984338,150.85776211078235,0.8506954226098382,0,NORMAL,No Incident,0.0,LOW
2026-01-03 01:59:00,48.44740951175251,76.62222068158755,95.3804300638948,3.031415906434008,0,NORMAL,No Incident,0.0,LOW
2026-01-03 02:00:00,30.92192442122609,59.73579789024352,120.23472739443872,2.3218351900227705,0,NORMAL,No Incident,0.0,LOW
2026-01-03 02:01:00,41.39614989220498,55.97079791699523,130.54877303719994,1.218642304383054,0,NORMAL,No Incident,0.0,LOW
2026-01-03 02:02:00,45.86394466578356,58.62100034037071,87.77994464229664,2.691356381080525,0,NORMAL,No Incident,0.0,LOW
2026-01-03 02:03:00,68.8768765734019,65.7178538201416,101.60203659107692,1.4096383081946693,0,NORMAL,No Incident,0.0,LOW
2026-01-03 02:04:00,55.56553124533758,70.2228532402441,117.03642933003542,2.7495550374451283,0,NORMAL,No Incident,0.0,LOW
2026-01-03 02:05:00,36.64518430900109,64.56389864690858,102.2666993063125,1.7258885246192786,0,NORMAL,No Incident,0.0,LOW
2026-01-03 02:06:00,54.86036289417637,60.81378566777416,103.688164575617,0.2789528743703371,0,NORMAL,No Incident,0.0,LOW
2026-01-03 02:07:00,34.52696011061634,71.98409416243543,113.00274673847125,1.0175837595190629,0,NORMAL,No Incident,0.0,LOW
2026-01-03 02:08:00,60.826910538870735,57.49730821558782,132.99162663292347,1.5695852913127155,0,NORMAL,No Incident,0.0,LOW
2026-01-03 02:09:00,45.28875348182122,68.24735470693525,113.1456444624371,3.368189023748578,0,NORMAL,No Incident,0.0,LOW
2026-01-03 02:10:00,49.06363811260829,57.69549761318977,141.56852388945893,2.9011436305292246,0,NORMAL,No Incident,0.0,LOW
2026-01-03 02:11:00,63.2579664754219,63.448183664087146,100.04484434681292,3.623861412322142,0,NORMAL,No Incident,0.0,LOW
2026-01-03 02:12:00,37.1283643141575,59.09149948167639,94.96155479053095,3.6536352160298575,0,NORMAL,No Incident,0.0,LOW
2026-01-03 02:13:00,36.02881814887009,59.55318253877751,158.52690811442267,1.465249195409085,0,NORMAL,No Incident,0.0,LOW
2026-01-03 02:14:00,44.16400673653995,56.98090786030232,106.84083744668978,1.8115131402411704,0,NORMAL,No Incident,0.0,LOW
2026-01-03 02:15:00,60.38378851019317,70.75883224944556,93.7817598585568,1.5887200756694615,0,NORMAL,No Incident,0.0,LOW
2026-01-03 02:16:00,34.806539245231576,54.13659169513172,85.1589211645634,1.3284893946989236,0,NORMAL,No Incident,0.0,LOW
2026-01-03 02:17:00,21.67844401889431,54.078141979610336,141.50206907617877,0.1585052906635415,0,NORMAL,No Incident,0.0,LOW
2026-01-03 02:18:00,45.488411415910015,76.96794852676088,113.1739097067988,1.9852522819831573,0,NORMAL,No Incident,0.0,LOW
2026-01-03 02:19:00,55.5174079991092,67.82278051723465,114.92580529867205,0.7144344062888894,0,NORMAL,No Incident,0.0,LOW
2026-01-03 02:20:00,100.0,70.91909041045571,616.8159657682672,11.965828118465671,1,CRITICAL,High API Latency / Database Performance Issue,98.5,HIGH
2026-01-03 02:21:00,45.36838637914601,55.477930086316775,140.2588576933956,4.115770809562985,0,NORMAL,No Incident,0.0,LOW
2026-01-03 02:22:00,45.885733928839976,45.504085299503565,116.4094033204816,1.4906549036692915,0,NORMAL,No Incident,0.0,LOW
2026-01-03 02:23:00,61.53900734255747,52.39447445267796,166.8810755766525,2.194774005628067,0,NORMAL,No Incident,0.0,LOW
2026-01-03 02:24:00,31.3025830030458,34.891882670127686,122.6752114810846,2.906648385809283,0,NORMAL,No Incident,0.0,LOW
2026-01-03 02:25:00,46.11479224816991,58.90408337844846,141.23569533916643,2.280291291965907,0,NORMAL,No Incident,0.0,LOW
2026-01-03 02:26:00,51.90423889925058,50.86446544670951,136.10479715808813,2.292484187942296,0,NORMAL,No Incident,0.0,LOW
2026-01-03 02:27:00,54.49218721285034,60.479242054371504,119.27105359483924,1.63759756631192,0,NORMAL,No Incident,0.0,LOW
2026-01-03 02:28:00,44.901933068091175,46.999029928939805,108.26058027959073,1.7681220249387677,0,NORMAL,No Incident,0.0,LOW
2026-01-03 02:29:00,50.344410117058416,60.66329482537632,126.63927857133108,1.039989477812172,0,NORMAL,No Incident,0.0,LOW
2026-01-03 02:30:00,25.116726465870105,56.68066977503738,130.20197462414546,2.846045008889408,0,NORMAL,No Incident,0.0,LOW
2026-01-03 02:31:00,43.41751587666152,72.01562372150876,108.54827903746946,0.2585083433859041,0,NORMAL,No Incident,0.0,LOW
2026-01-03 02:32:00,54.53508712554468,71.290854893965,123.32677731901312,2.971088338382202,0,NORMAL,No Incident,0.0,LOW
2026-01-03 02:33:00,40.177059657453206,66.28276482408226,144.72409956519192,0.5963016152547576,0,NORMAL,No Incident,0.0,LOW
2026-01-03 02:34:00,50.58984221589597,57.3870897547103,161.39895478139357,2.9626072740766523,0,NORMAL,No Incident,0.0,LOW
2026-01-03 02:35:00,54.46872500802698,75.88304316208234,137.08738640698843,1.6461824737878188,0,NORMAL,No Incident,0.0,LOW
2026-01-03 02:36:00,46.57450799142235,47.57571777728143,157.25519372760564,0.7681313118669197,0,NORMAL,No Incident,0.0,LOW
2026-01-03 02:37:00,51.70463770996571,48.7715309634907,107.41251577587089,2.5792986450796365,0,NORMAL,No Incident,0.0,LOW
2026-01-03 02:38:00,40.37267434715388,59.32973520088749,134.03764504118587,2.928767535075775,0,NORMAL,No Incident,0.0,LOW
2026-01-03 02:39:00,47.93388720303953,78.03230487136895,146.77039017162545,1.5619213518964632,0,NORMAL,No Incident,0.0,LOW
2026-01-03 02:40:00,56.10216169589223,58.3812887450393,102.07333334056008,2.720610548678933,0,NORMAL,No Incident,0.0,LOW
2026-01-03 02:41:00,51.56972960968434,58.53403805432575,110.28819775909982,0.0,0,NORMAL,No Incident,0.0,LOW
2026-01-03 02:42:00,44.13468730436065,48.464717151105525,154.758095236705,0.6794037102533996,0,NORMAL,No Incident,0.0,LOW
2026-01-03 02:43:00,52.24216404290793,67.56743668216302,100.4980228842612,3.2924089304687287,0,NORMAL,No Incident,0.0,LOW
2026-01-03 02:44:00,57.14609790636618,67.62541003463483,93.17739934688578,1.776330725802084,0,NORMAL,No Incident,0.0,LOW
2026-01-03 02:45:00,29.50058721422522,66.31260161119928,150.55963147279022,0.1377866735511523,0,NORMAL,No Incident,0.0,LOW
2026-01-03 02:46:00,61.59074064955898,54.966234617221104,143.93526449960876,1.3011338195580064,0,NORMAL,No Incident,0.0,LOW
2026-01-03 02:47:00,46.63745261318928,54.346345853015954,128.64240487967538,1.0765995274749192,0,NORMAL,No Incident,0.0,LOW
2026-01-03 02:48:00,54.2548993324023,49.65502199676024,119.08578490708344,1.8340382685270755,0,NORMAL,No Incident,0.0,LOW
2026-01-03 02:49:00,61.97246923645228,60.67098001408747,111.22950988790036,1.6292490161923523,0,NORMAL,No Incident,0.0,LOW
2026-01-03 02:50:00,36.28326302769534,51.35674136577199,125.63897747618104,2.178931728938161,0,NORMAL,No Incident,0.0,LOW
2026-01-03 02:51:00,42.90558997572453,50.58066795800569,151.596139148031,1.930533948387425,0,NORMAL,No Incident,0.0,LOW
2026-01-03 02:52:00,47.11451304124295,56.61047426471459,124.77132252284152,3.3597392550370184,0,NORMAL,No Incident,0.0,LOW
2026-01-03 02:53:00,42.16246478875571,56.08675059852627,163.33918534493932,2.424548599719669,0,NORMAL,No Incident,0.0,LOW
2026-01-03 02:54:00,67.34936575836808,55.69617176942436,102.0411602871954,2.457671611193586,0,NORMAL,No Incident,0.0,LOW
2026-01-03 02:55:00,41.43227906173208,63.731556774722094,119.6063849134346,3.165157123894522,0,NORMAL,No Incident,0.0,LOW
2026-01-03 02:56:00,44.44453220513133,60.63238241720224,112.53882664672167,1.6112312495704182,0,NORMAL,No Incident,0.0,LOW
2026-01-03 02:57:00,52.04389031602977,57.69475175591106,98.29716913675334,0.7381225566415148,0,NORMAL,No Incident,0.0,LOW
2026-01-03 02:58:00,37.97850473923911,61.46410342649185,116.9383253398069,3.206970324632249,0,NORMAL,No Incident,0.0,LOW
2026-01-03 02:59:00,46.04319288243736,52.06778367116294,128.34658603320878,2.1358417481081124,0,NORMAL,No Incident,0.0,LOW
2026-01-03 03:00:00,53.17453261250175,60.84222899127742,130.4846035990406,2.1393512078989283,0,NORMAL,No Incident,0.0,LOW
2026-01-03 03:01:00,46.67139595617489,61.20481994275707,163.40904357889113,1.3666700784697636,0,NORMAL,No Incident,0.0,LOW
2026-01-03 03:02:00,49.06613141100052,47.97562512514016,129.2893493944712,1.383144666896423,0,NORMAL,No Incident,0.0,LOW
2026-01-03 03:03:00,44.70667887551629,67.9655500349629,143.00273607359233,2.846722338770844,0,NORMAL,No Incident,0.0,LOW
2026-01-03 03:04:00,34.85529690819233,52.94853035818404,121.32188492597952,2.9846557981376103,0,NORMAL,No Incident,0.0,LOW
2026-01-03 03:05:00,53.215932113392384,60.72247839365148,153.5611120090519,2.7838234057466584,0,NORMAL,No Incident,0.0,LOW
2026-01-03 03:06:00,67.54933071647241,69.31529392428216,167.96898571176138,2.792961605445475,0,NORMAL,No Incident,0.0,LOW
2026-01-03 03:07:00,50.18401630783438,67.40541406171096,130.621702619519,2.569029537259759,0,NORMAL,No Incident,0.0,LOW
2026-01-03 03:08:00,52.25264117247549,60.27466710855068,100.14681969096836,2.1315227300781565,0,NORMAL,No Incident,0.0,LOW
2026-01-03 03:09:00,56.92722755116859,57.10000797694345,109.02389954445664,1.8246203156790195,0,NORMAL,No Incident,0.0,LOW
2026-01-03 03:10:00,37.30669503453301,67.58009526860454,125.63868606410324,3.2103238499415534,0,NORMAL,No Incident,0.0,LOW
2026-01-03 03:11:00,67.02514658129606,65.39755982246896,129.1299607050129,1.6262791295095664,0,NORMAL,No Incident,0.0,LOW
2026-01-03 03:12:00,52.02328796422802,55.05307983964696,133.96850268768745,2.3699792138807467,0,NORMAL,No Incident,0.0,LOW
2026-01-03 03:13:00,66.3185689908911,53.64085082398648,129.2039536246008,1.1959870020457537,0,NORMAL,No Incident,0.0,LOW
2026-01-03 03:14:00,42.66967004476011,43.42115854643201,120.13969832511876,1.3407009631495497,0,NORMAL,No Incident,0.0,LOW
2026-01-03 03:15:00,68.18061922557825,61.2322547334687,107.27603117595744,1.7638454321427737,0,NORMAL,No Incident,0.0,LOW
2026-01-03 03:16:00,57.75155494034783,59.33841803985281,128.0227652252846,1.1960616232728365,0,NORMAL,No Incident,0.0,LOW
2026-01-03 03:17:00,55.53040085852359,69.08953099714034,157.09974714961314,2.7978518254783005,0,NORMAL,No Incident,0.0,LOW
2026-01-03 03:18:00,52.34024454353148,62.87244074784293,140.3985721085551,0.6519657484549706,0,NORMAL,No Incident,0.0,LOW
2026-01-03 03:19:00,47.51471381925551,70.67383355338153,130.69407899272397,2.0992296233810728,0,NORMAL,No Incident,0.0,LOW
2026-01-03 03:20:00,62.00531658473872,54.42108617667064,140.591338476455,2.132508096842181,0,NORMAL,No Incident,0.0,LOW
2026-01-03 03:21:00,51.40359869848047,69.10520264774095,112.57871942198295,0.1892004216803191,0,NORMAL,No Incident,0.0,LOW
2026-01-03 03:22:00,30.32930296412848,55.76866896716276,109.8346970783336,1.5589761794763912,0,NORMAL,No Incident,0.0,LOW
2026-01-03 03:23:00,38.82813538292997,66.22076849433817,105.04429791268036,2.255699538048143,0,NORMAL,No Incident,0.0,LOW
2026-01-03 03:24:00,48.14154247807253,48.32993285975445,117.49426754461123,2.428727993294068,0,NORMAL,No Incident,0.0,LOW
2026-01-03 03:25:00,53.09998983165555,61.88108239492951,111.5598820658184,1.7956927913998342,0,NORMAL,No Incident,0.0,LOW
2026-01-03 03:26:00,49.43411511100104,44.12249646843272,144.16549481304278,2.6768882044807154,0,NORMAL,No Incident,0.0,LOW
2026-01-03 03:27:00,62.18970789793663,57.862900112465965,110.49353164635622,1.8906837427639591,0,NORMAL,No Incident,0.0,LOW
2026-01-03 03:28:00,30.48898135961376,63.522831951023306,103.94556567550168,2.013652912075057,0,NORMAL,No Incident,0.0,LOW
2026-01-03 03:29:00,51.435879365051605,55.83225159015123,158.85154357661264,2.251653868986553,0,NORMAL,No Incident,0.0,LOW
2026-01-03 03:30:00,31.820207746128453,51.596498969952265,110.97249537837313,2.9269996287341686,0,NORMAL,No Incident,0.0,LOW
2026-01-03 03:31:00,57.59712295484168,66.76894775436747,123.070569145007,1.324281997584468,0,NORMAL,No Incident,0.0,LOW
2026-01-03 03:32:00,49.05541285557997,59.17229768122461,129.02645649486823,1.5131781274817024,0,NORMAL,No Incident,0.0,LOW
2026-01-03 03:33:00,54.19609972024118,56.08343482375463,97.2661376215837,1.3311035082707852,0,NORMAL,No Incident,0.0,LOW
2026-01-03 03:34:00,41.36117039410234,60.33516736923421,144.7096753900614,1.6678022838580666,0,NORMAL,No Incident,0.0,LOW
2026-01-03 03:35:00,62.79464931657751,81.09335313556471,132.74238080822454,3.4262342580797647,0,NORMAL,No Incident,0.0,LOW
2026-01-03 03:36:00,60.41724664058852,69.22802279825235,151.16768023761563,2.5727253193298223,0,NORMAL,No Incident,0.0,LOW
2026-01-03 03:37:00,55.83544303011888,69.30058934550271,106.415561255638,0.868910254831158,0,NORMAL,No Incident,0.0,LOW
2026-01-03 03:38:00,48.7048275313656,63.48437055193891,121.9825158495232,1.3995530344113254,0,NORMAL,No Incident,0.0,LOW
2026-01-03 03:39:00,55.79857285295133,61.33188218061718,120.7871150998839,2.372767224276402,0,NORMAL,No Incident,0.0,LOW
2026-01-03 03:40:00,42.93107432012651,40.83134169335667,125.27776988700045,1.0934922190672296,0,NORMAL,No Incident,0.0,LOW
2026-01-03 03:41:00,58.55555659020712,54.56815722829494,90.90770502845676,1.274659959185243,0,NORMAL,No Incident,0.0,LOW
2026-01-03 03:42:00,66.4948089432392,56.1554046943802,122.21672757384444,3.344959666174149,0,NORMAL,No Incident,0.0,LOW
2026-01-03 03:43:00,60.70610559979186,45.00086348761974,91.47072177152508,1.3866243715268132,0,NORMAL,No Incident,0.0,LOW
2026-01-03 03:44:00,42.70397530192591,50.74067367827653,127.16668142393844,2.9546668160293867,0,NORMAL,No Incident,0.0,LOW
2026-01-03 03:45:00,53.61417317273103,44.153308232618926,77.42701750962961,3.2553231895309382,0,NORMAL,No Incident,0.0,LOW
2026-01-03 03:46:00,37.06858456241352,59.69340931442102,82.96826331418828,1.2665379088310358,0,NORMAL,No Incident,0.0,LOW
2026-01-03 03:47:00,55.72390311175676,66.55012776679052,136.37097432879995,1.1100374434428586,0,NORMAL,No Incident,0.0,LOW
2026-01-03 03:48:00,54.50603412862539,68.85419614899463,109.06323089610434,1.7238679135188348,0,NORMAL,No Incident,0.0,LOW
2026-01-03 03:49:00,31.30183660467836,63.31827569663393,100.2428385273552,0.911372279326375,0,NORMAL,No Incident,0.0,LOW
2026-01-03 03:50:00,38.38216156087636,52.292829270411445,145.41691242151097,2.1210338785027423,0,NORMAL,No Incident,0.0,LOW
2026-01-03 03:51:00,47.16861103256233,44.54347873184032,126.5525243465683,1.7943480881466136,0,NORMAL,No Incident,0.0,LOW
2026-01-03 03:52:00,46.991402528591735,45.94505040478799,137.44180391067567,2.3605800158863017,0,NORMAL,No Incident,0.0,LOW
2026-01-03 03:53:00,37.90523064581195,49.84813938196401,116.6751585535834,3.396943456232821,0,NORMAL,No Incident,0.0,LOW
2026-01-03 03:54:00,53.88978729352184,52.8891224157146,173.59257387800005,2.817484980770319,0,NORMAL,No Incident,0.0,LOW
2026-01-03 03:55:00,52.51473608940512,58.72201201606731,107.9097227888041,2.489239775412356,0,NORMAL,No Incident,0.0,LOW
2026-01-03 03:56:00,48.05730868021481,51.886686254984255,154.88991098719777,0.0339515870320819,0,NORMAL,No Incident,0.0,LOW
2026-01-03 03:57:00,42.44208499841637,62.71180714934609,118.77267919800174,2.443375982102375,0,NORMAL,No Incident,0.0,LOW
2026-01-03 03:58:00,60.48707126416564,58.14181197760422,86.90979210174508,3.722627660704549,0,NORMAL,No Incident,0.0,LOW
2026-01-03 03:59:00,66.55407113088296,60.084365693928206,129.65697491496218,0.0,0,NORMAL,No Incident,0.0,LOW
2026-01-03 04:00:00,45.16438516153463,69.12200442136964,126.29525122910329,2.689382542975625,0,NORMAL,No Incident,0.0,LOW
2026-01-03 04:01:00,43.878330828451794,50.55814612639704,98.9735637152154,1.840641425243536,0,NORMAL,No Incident,0.0,LOW
2026-01-03 04:02:00,54.91207665411997,63.34963662633895,101.55561445730572,1.1502049969770554,0,NORMAL,No Incident,0.0,LOW
2026-01-03 04:03:00,46.419706202530136,59.88821417219141,119.50604713830016,2.8011285839119537,0,NORMAL,No Incident,0.0,LOW
2026-01-03 04:04:00,48.60602799336766,57.33210975224244,126.99495630495964,3.7097059006073305,0,NORMAL,No Incident,0.0,LOW
2026-01-03 04:05:00,57.39653151724672,67.08205056692768,70.58673434241199,2.775230728837754,0,NORMAL,No Incident,0.0,LOW
2026-01-03 04:06:00,30.906439124927072,67.03211323645606,141.06242905047606,1.6288080487384735,0,NORMAL,No Incident,0.0,LOW
2026-01-03 04:07:00,63.183023248526695,52.42807363209258,110.11004052370043,1.0565301755918437,0,NORMAL,No Incident,0.0,LOW
2026-01-03 04:08:00,50.72680524329341,58.542715329136605,93.36505031203647,2.144627633789544,0,NORMAL,No Incident,0.0,LOW
2026-01-03 04:09:00,45.8850685543782,62.249693460672525,138.82133102903862,2.873169292381588,0,NORMAL,No Incident,0.0,LOW
2026-01-03 04:10:00,49.10765845778551,57.81594601581932,119.52764041163088,1.6129469737662725,0,NORMAL,No Incident,0.0,LOW
2026-01-03 04:11:00,49.62429355020519,64.68017065830239,144.3233155356451,1.7096170083492033,0,NORMAL,No Incident,0.0,LOW
2026-01-03 04:12:00,32.68798696555075,62.24953614328221,128.7590452595951,4.822000249838398,0,NORMAL,No Incident,0.0,LOW
2026-01-03 04:13:00,64.94938227453235,74.6604899228481,119.96970994103908,3.078651945959726,0,NORMAL,No Incident,0.0,LOW
2026-01-03 04:14:00,50.41325632270618,47.7577669125617,116.94540110039688,3.1501286783936324,0,NORMAL,No Incident,0.0,LOW
2026-01-03 04:15:00,54.43002130447376,59.02051208202082,129.65425521112277,0.539714093941188,0,NORMAL,No Incident,0.0,LOW
2026-01-03 04:16:00,59.51549770574043,52.73197990790247,111.7293748238134,1.2928113207065397,0,NORMAL,No Incident,0.0,LOW
2026-01-03 04:17:00,39.788375424397,64.83285964351235,102.94854822507,2.074681639454239,0,NORMAL,No Incident,0.0,LOW
2026-01-03 04:18:00,54.734718990352285,47.06262487963564,132.19818245309287,0.9988624421148504,0,NORMAL,No Incident,0.0,LOW
2026-01-03 04:19:00,47.32358909101207,62.77050168179909,117.1102431711114,3.6003972988892943,0,NORMAL,No Incident,0.0,LOW
2026-01-03 04:20:00,58.46770775216494,54.95961254921327,120.67135296138012,3.410312306590645,0,NORMAL,No Incident,0.0,LOW
2026-01-03 04:21:00,28.727725796485046,54.126705071031886,141.78759672309215,1.4664546626159465,0,NORMAL,No Incident,0.0,LOW
2026-01-03 04:22:00,49.00905699758731,48.4280143716745,117.72246784528518,3.783918606607485,0,NORMAL,No Incident,0.0,LOW
2026-01-03 04:23:00,43.97179344216038,56.27939243039195,120.3006785108358,1.9957479032800576,0,NORMAL,No Incident,0.0,LOW
2026-01-03 04:24:00,54.32262950634156,68.67600424232741,108.00700977098136,4.589389717389048,0,NORMAL,No Incident,0.0,LOW
2026-01-03 04:25:00,54.70044187368202,59.798490531764166,128.614798679637,2.1446861305250366,0,NORMAL,No Incident,0.0,LOW
2026-01-03 04:26:00,42.92374105177974,65.0214433429958,126.99655825360176,2.576192750328422,0,NORMAL,No Incident,0.0,LOW
2026-01-03 04:27:00,42.87826135823956,73.3171345757302,138.01550263581117,3.3999034411695583,0,NORMAL,No Incident,0.0,LOW
2026-01-03 04:28:00,48.89334631442671,62.11004467858061,108.41742325986247,3.277633349807809,0,NORMAL,No Incident,0.0,LOW
2026-01-03 04:29:00,41.03357772684792,55.52960342350127,110.84366060819627,2.5107320661358936,0,NORMAL,No Incident,0.0,LOW
2026-01-03 04:30:00,58.41983695452127,63.73801772146232,135.84274798290937,1.858859680556164,0,NORMAL,No Incident,0.0,LOW
2026-01-03 04:31:00,46.30792799552554,55.64563082948567,125.04426006725728,2.514132699993119,0,NORMAL,No Incident,0.0,LOW
2026-01-03 04:32:00,20.930117806783585,55.96461853362264,101.87563747614612,1.183815828123885,0,NORMAL,No Incident,0.0,LOW
2026-01-03 04:33:00,46.25177943378194,47.84085760304812,146.13108135469002,2.152133718864116,0,NORMAL,No Incident,0.0,LOW
2026-01-03 04:34:00,39.61456179156028,67.41005992867514,86.03098863199497,0.8906924675020051,0,NORMAL,No Incident,0.0,LOW
2026-01-03 04:35:00,33.687241845390545,56.91197939480448,135.68569506527504,0.2191183599196986,0,NORMAL,No Incident,0.0,LOW
2026-01-03 04:36:00,37.62573361777427,61.456785966526894,94.69575928003609,2.050426764139443,0,NORMAL,No Incident,0.0,LOW
2026-01-03 04:37:00,51.0940847183297,51.71230457114689,157.71577032971055,3.2622778906716725,0,NORMAL,No Incident,0.0,LOW
2026-01-03 04:38:00,63.28640828248231,63.48758103772378,89.10800546188753,2.9258046415960592,0,NORMAL,No Incident,0.0,LOW
2026-01-03 04:39:00,53.13184473864981,53.90447009491933,143.04501303745496,1.918087704274392,0,NORMAL,No Incident,0.0,LOW
2026-01-03 04:40:00,43.934966117842606,58.86633022638541,118.36731279977512,3.746989698175496,0,NORMAL,No Incident,0.0,LOW
2026-01-03 04:41:00,54.55904195170703,67.022608249913,112.66794860322511,1.4309386091534262,0,NORMAL,No Incident,0.0,LOW
2026-01-03 04:42:00,45.40909689781008,66.32607449786023,123.70793312935524,0.0821673382019767,0,NORMAL,No Incident,0.0,LOW
2026-01-03 04:43:00,43.05399630836855,59.82375941986447,132.63800678315627,0.0,0,NORMAL,No Incident,0.0,LOW
2026-01-03 04:44:00,38.45637331767016,45.85495173834625,101.9119899533826,0.818809059404283,0,NORMAL,No Incident,0.0,LOW
2026-01-03 04:45:00,32.48171193248281,83.94248456048513,103.68424549662856,2.8166247432622287,0,NORMAL,No Incident,0.0,LOW
2026-01-03 04:46:00,46.100762934405545,73.9668717621851,132.99209730225772,1.3651973165326137,0,NORMAL,No Incident,0.0,LOW
2026-01-03 04:47:00,51.58053489920132,65.78139859910638,85.853140927008,2.460958641857302,0,NORMAL,No Incident,0.0,LOW
2026-01-03 04:48:00,49.0337632998511,53.97436974727224,108.31541813615829,3.6462833835839774,0,NORMAL,No Incident,0.0,LOW
2026-01-03 04:49:00,45.84033072052641,59.091262706384285,180.8137390831888,0.8999030374221939,0,NORMAL,No Incident,0.0,LOW
2026-01-03 04:50:00,40.542539393032186,55.652636561787865,100.6397407082144,2.47849973179589,0,NORMAL,No Incident,0.0,LOW
2026-01-03 04:51:00,56.08246191684969,70.1108475127711,142.95605583519506,2.538963072655722,0,NORMAL,No Incident,0.0,LOW
2026-01-03 04:52:00,36.82868080053415,62.10002312681467,108.28098462572376,1.1392620115268968,0,NORMAL,No Incident,0.0,LOW
2026-01-03 04:53:00,57.760279138434754,53.72668913312134,130.1809028959429,3.354210925245084,0,NORMAL,No Incident,0.0,LOW
2026-01-03 04:54:00,39.97782981073275,56.23395920700175,133.08711381192435,1.7122929444505235,0,NORMAL,No Incident,0.0,LOW
2026-01-03 04:55:00,42.47564762646965,68.96950514055924,142.57913470365895,1.6162470190869906,0,NORMAL,No Incident,0.0,LOW
2026-01-03 04:56:00,35.33214809384323,72.80078277456383,115.99492346374448,4.111613218417973,0,NORMAL,No Incident,0.0,LOW
2026-01-03 04:57:00,44.98597853114363,72.22665250788997,159.77769277509708,2.522766742366718,0,NORMAL,No Incident,0.0,LOW
2026-01-03 04:58:00,59.75312458477979,66.05625652043182,108.2132687082964,2.925290549685498,0,NORMAL,No Incident,0.0,LOW
2026-01-03 04:59:00,55.15628088443957,57.979001049578905,124.6844082719912,3.3548929315218388,0,NORMAL,No Incident,0.0,LOW
2026-01-03 05:00:00,59.78422112028035,34.06788939736704,124.90553864435216,1.349526000540783,0,NORMAL,No Incident,0.0,LOW
2026-01-03 05:01:00,55.22142545933936,62.377280190465775,97.56063760101168,3.249821097053679,0,NORMAL,No Incident,0.0,LOW
2026-01-03 05:02:00,38.96330171469631,59.9853699292472,114.2825549004176,1.49810588500233,0,NORMAL,No Incident,0.0,LOW
2026-01-03 05:03:00,46.692107756724425,61.11985677057083,123.23026998476814,1.4553766106617028,0,NORMAL,No Incident,0.0,LOW
2026-01-03 05:04:00,42.19800870882537,60.43117877626565,111.3575791374116,1.728000027691864,0,NORMAL,No Incident,0.0,LOW
2026-01-03 05:05:00,63.3057490403904,49.38990270440674,168.81847930913068,1.377935165055045,0,NORMAL,No Incident,0.0,LOW
2026-01-03 05:06:00,38.03211353573688,64.45926845480949,103.22752652800938,2.822156432657163,0,NORMAL,No Incident,0.0,LOW
2026-01-03 05:07:00,58.93697689389111,65.0577305122548,143.58848936280856,2.267210655145056,0,NORMAL,No Incident,0.0,LOW
2026-01-03 05:08:00,58.929538701087694,65.45871025647727,137.12919626297574,1.508775585382887,0,NORMAL,No Incident,0.0,LOW
2026-01-03 05:09:00,68.29620201716088,67.57261602858709,119.72275730991456,2.674505033154822,0,NORMAL,No Incident,0.0,LOW
2026-01-03 05:10:00,45.90313407370503,64.83241315937299,102.69581892295506,1.724817562613654,0,NORMAL,No Incident,0.0,LOW
2026-01-03 05:11:00,57.12322159580162,56.71976470768871,104.6348935921646,1.6719296296353234,0,NORMAL,No Incident,0.0,LOW
2026-01-03 05:12:00,72.81651836538842,59.43330521667128,109.6406540156698,2.048683884901544,0,NORMAL,No Incident,0.0,LOW
2026-01-03 05:13:00,43.82358323066303,60.72899893802702,84.28517436107474,2.4634603556662173,0,NORMAL,No Incident,0.0,LOW
2026-01-03 05:14:00,34.6495975246764,60.86159559285295,99.9306914840142,2.3898476493774194,0,NORMAL,No Incident,0.0,LOW
2026-01-03 05:15:00,31.19989966092236,67.98574124777383,90.35046969272716,1.6367508177471697,0,NORMAL,No Incident,0.0,LOW
2026-01-03 05:16:00,57.12712028861331,65.14935002417992,146.91750006355434,2.8471112074394025,0,NORMAL,No Incident,0.0,LOW
2026-01-03 05:17:00,31.16849791941416,76.61874751655962,132.36924784776437,1.777605848920344,0,NORMAL,No Incident,0.0,LOW
2026-01-03 05:18:00,46.27680947062077,77.65175183907738,135.7194819773092,1.345015511391281,0,NORMAL,No Incident,0.0,LOW
2026-01-03 05:19:00,54.37313187038961,60.6371966609114,131.77663903083896,0.5319783512326486,0,NORMAL,No Incident,0.0,LOW
2026-01-03 05:20:00,51.85175536829914,29.306755612325045,123.33935246668328,2.983178480999021,0,NORMAL,No Incident,0.0,LOW
2026-01-03 05:21:00,54.25444864184172,69.89465972901813,149.21360664258273,2.0123900761940074,0,NORMAL,No Incident,0.0,LOW
2026-01-03 05:22:00,52.22289855800854,55.67698928810356,107.78474688536524,2.210872358510515,0,NORMAL,No Incident,0.0,LOW
2026-01-03 05:23:00,62.788658133133936,53.58812862535194,122.1333931073409,3.0458029156995154,0,NORMAL,No Incident,0.0,LOW
2026-01-03 05:24:00,40.476836192612026,56.81243780008506,134.94117655648247,1.522593768402184,0,NORMAL,No Incident,0.0,LOW
2026-01-03 05:25:00,43.23004861541469,56.42685562548315,93.57581536287742,0.6256007515258715,0,NORMAL,No Incident,0.0,LOW
2026-01-03 05:26:00,42.27340554729176,64.89815848084314,181.93177792285096,2.0697807022152186,0,NORMAL,No Incident,0.0,LOW
2026-01-03 05:27:00,58.301918118626105,47.5245137669902,120.57131525555172,2.3079615520802954,0,NORMAL,No Incident,0.0,LOW
2026-01-03 05:28:00,59.00398588395064,51.378234033667184,122.83978901151184,1.7371509338396272,0,NORMAL,No Incident,0.0,LOW
2026-01-03 05:29:00,54.51225319318508,62.74526843357933,145.13756063349842,3.473737578076169,0,NORMAL,No Incident,0.0,LOW
2026-01-03 05:30:00,61.83493666889928,64.98355224330646,138.29910666020447,0.0,0,NORMAL,No Incident,0.0,LOW
2026-01-03 05:31:00,38.21959132623619,65.1323331594881,120.76156038792918,3.1200566378997827,0,NORMAL,No Incident,0.0,LOW
2026-01-03 05:32:00,66.67224111551137,53.70370976853361,122.60258876196085,2.791153650364226,0,NORMAL,No Incident,0.0,LOW
2026-01-03 05:33:00,65.23238621712258,52.17387480587008,89.91702938104042,2.45677077770046,0,NORMAL,No Incident,0.0,LOW
2026-01-03 05:34:00,57.35621997245747,55.94692132969664,108.87068444300048,0.0,0,NORMAL,No Incident,0.0,LOW
2026-01-03 05:35:00,67.8179890877106,61.9189820182778,130.3442043231792,3.2838887832702683,0,NORMAL,No Incident,0.0,LOW
2026-01-03 05:36:00,33.43376792322226,71.8838189541804,128.87785678085774,0.9735658893641148,0,NORMAL,No Incident,0.0,LOW
2026-01-03 05:37:00,44.75551863737349,43.620502513834,144.42331500008174,1.4923080216166134,0,NORMAL,No Incident,0.0,LOW
2026-01-03 05:38:00,42.64696539318048,58.23416994433307,117.58997883553351,1.8294073352099312,0,NORMAL,No Incident,0.0,LOW
2026-01-03 05:39:00,57.21479323757343,49.33857247179837,92.25426973138268,2.407418034651976,0,NORMAL,No Incident,0.0,LOW
2026-01-03 05:40:00,39.498592603978544,46.78205858117208,141.13460861551357,2.63942804219255,0,NORMAL,No Incident,0.0,LOW
2026-01-03 05:41:00,57.57495149337485,67.73565316275854,148.7217869236403,2.8928405543192963,0,NORMAL,No Incident,0.0,LOW
2026-01-03 05:42:00,63.705361439967135,64.35699659599472,137.9648914571246,2.815853510078516,0,NORMAL,No Incident,0.0,LOW
2026-01-03 05:43:00,56.95202900083999,63.5954681275781,116.72732658285015,2.252927204213126,0,NORMAL,No Incident,0.0,LOW
2026-01-03 05:44:00,52.83751023661501,67.36820671784795,140.88772103753158,2.415922659057591,0,NORMAL,No Incident,0.0,LOW
2026-01-03 05:45:00,40.121266590992505,56.16224882587091,188.57820956016428,0.9092462841777535,0,NORMAL,No Incident,0.0,LOW
2026-01-03 05:46:00,41.53149033874635,56.53889986933177,122.30304628880953,1.2489731931809778,0,NORMAL,No Incident,0.0,LOW
2026-01-03 05:47:00,62.49618905296667,77.4858449337806,93.7652661550975,2.8954602236748324,0,NORMAL,No Incident,0.0,LOW
2026-01-03 05:48:00,57.79349003905333,58.02743156592341,108.27429900895696,2.837209486728681,0,NORMAL,No Incident,0.0,LOW
2026-01-03 05:49:00,49.60980480622456,65.88105690443273,132.509520006081,2.723799416444421,0,NORMAL,No Incident,0.0,LOW
2026-01-03 05:50:00,45.8209045423411,60.05105232770652,87.90391378203874,1.4855832383434726,0,NORMAL,No Incident,0.0,LOW
2026-01-03 05:51:00,29.74192126888623,45.21393175937268,123.38806149824138,2.910492131943696,0,NORMAL,No Incident,0.0,LOW
2026-01-03 05:52:00,39.291475813155614,43.642967969589854,127.60673300631764,0.838755547519642,0,NORMAL,No Incident,0.0,LOW
2026-01-03 05:53:00,69.11419087139723,55.36812624048076,150.70243479625304,3.0773598098622728,0,NORMAL,No Incident,0.0,LOW
2026-01-03 05:54:00,37.195444289975335,68.44881001335992,146.20389712108602,1.7391291987541098,0,NORMAL,No Incident,0.0,LOW
2026-01-03 05:55:00,51.89479821221081,66.30633325308803,137.29169583503543,3.684170406340632,0,NORMAL,No Incident,0.0,LOW
2026-01-03 05:56:00,60.07443973195198,67.31261731379227,76.7464197897094,0.478557907934515,0,NORMAL,No Incident,0.0,LOW
2026-01-03 05:57:00,37.450773319977074,52.10363056850948,138.4210625609585,3.763404045918522,0,NORMAL,No Incident,0.0,LOW
2026-01-03 05:58:00,51.84710474781083,72.92697992097851,134.1102677212049,1.6385356708365382,0,NORMAL,No Incident,0.0,LOW
2026-01-03 05:59:00,59.37915537510655,52.280853598508926,125.11888754156692,1.620520743988256,0,NORMAL,No Incident,0.0,LOW
2026-01-03 06:00:00,50.1249932190725,61.70259518935975,85.39555747709029,2.194838818985597,0,NORMAL,No Incident,0.0,LOW
2026-01-03 06:01:00,78.68403055666768,59.9171816807381,104.4645218162588,1.302921087199303,0,NORMAL,No Incident,0.0,LOW
2026-01-03 06:02:00,33.31400741121804,58.60900943748331,96.66354460931868,1.9276709986976928,0,NORMAL,No Incident,0.0,LOW
2026-01-03 06:03:00,60.58728529883879,70.70873710636485,79.69983120985819,1.2623737347291455,0,NORMAL,No Incident,0.0,LOW
2026-01-03 06:04:00,48.27198262603535,54.35911583867232,119.9416969717041,1.298936469020813,0,NORMAL,No Incident,0.0,LOW
2026-01-03 06:05:00,57.71920154836676,49.20315795430457,104.0435575711444,2.486885950300572,0,NORMAL,No Incident,0.0,LOW
2026-01-03 06:06:00,54.41307151699246,60.15996388965135,172.50611160537824,1.0984345046964838,0,NORMAL,No Incident,0.0,LOW
2026-01-03 06:07:00,42.668438028900034,56.801386125707786,116.6245612112418,1.2318057649945178,0,NORMAL,No Incident,0.0,LOW
2026-01-03 06:08:00,52.2899639245934,87.01906335266116,145.8750631173192,0.627208750253591,0,NORMAL,No Incident,0.0,LOW
2026-01-03 06:09:00,31.420985486017127,65.4120598115198,88.61801950613551,1.4960693200386606,0,NORMAL,No Incident,0.0,LOW
2026-01-03 06:10:00,56.032475005713934,56.72527539825101,109.3982082799026,3.3116020297239217,0,NORMAL,No Incident,0.0,LOW
2026-01-03 06:11:00,52.98158465990526,51.55110744650331,121.9379575206863,1.1540663598970315,0,NORMAL,No Incident,0.0,LOW
2026-01-03 06:12:00,56.38660168643102,44.95769271544973,101.8369210278466,1.2683667348127587,0,NORMAL,No Incident,0.0,LOW
2026-01-03 06:13:00,60.581183250871504,51.798247314100536,111.55598630390512,2.1939219464815354,0,NORMAL,No Incident,0.0,LOW
2026-01-03 06:14:00,53.67619840209711,60.91953417407306,115.64098187512924,1.6292035662004736,0,NORMAL,No Incident,0.0,LOW
2026-01-03 06:15:00,51.48089419798277,71.41862921275816,115.3218402911021,4.2281544333496495,0,NORMAL,No Incident,0.0,LOW
2026-01-03 06:16:00,41.18931663338708,68.97351313910335,157.10237146070693,1.837472035323744,0,NORMAL,No Incident,0.0,LOW
2026-01-03 06:17:00,42.87779236350949,61.83275865317104,127.5645257086302,2.335218346217372,0,NORMAL,No Incident,0.0,LOW
2026-01-03 06:18:00,61.86734620177331,57.41465867438012,129.59021125882606,2.943768784799322,0,NORMAL,No Incident,0.0,LOW
2026-01-03 06:19:00,64.36335405705978,62.15049885129724,130.79309548690142,2.9245778658628505,0,NORMAL,No Incident,0.0,LOW
2026-01-03 06:20:00,47.61889563687946,55.85089602012339,132.25252754674224,2.2332875815573794,0,NORMAL,No Incident,0.0,LOW
2026-01-03 06:21:00,50.46002747253274,73.746911966111,118.3422603225027,1.8388725133139987,0,NORMAL,No Incident,0.0,LOW
2026-01-03 06:22:00,40.95385625006234,58.48647854979936,113.58507257042308,4.024028536379257,0,NORMAL,No Incident,0.0,LOW
2026-01-03 06:23:00,61.72756845267445,59.30929713402619,123.33632119036557,1.9002397246857328,0,NORMAL,No Incident,0.0,LOW
2026-01-03 06:24:00,56.65416823691778,42.27342059983465,143.13607897826944,1.558309895571519,0,NORMAL,No Incident,0.0,LOW
2026-01-03 06:25:00,69.4121743646375,58.43652122781789,142.52476376872767,1.3541510117059814,0,NORMAL,No Incident,0.0,LOW
2026-01-03 06:26:00,41.21676922820261,66.69187310371953,115.19203048623176,0.2731967972932441,0,NORMAL,No Incident,0.0,LOW
2026-01-03 06:27:00,46.21992100981783,51.45821938369164,135.35687389336223,2.821615752237163,0,NORMAL,No Incident,0.0,LOW
2026-01-03 06:28:00,52.314459225255725,53.99423732405749,116.10830673920664,0.0,0,NORMAL,No Incident,0.0,LOW
2026-01-03 06:29:00,56.4648953772577,66.34168814186931,120.67741098870488,1.9942771590950792,0,NORMAL,No Incident,0.0,LOW
2026-01-03 06:30:00,47.84332362452368,48.18674221185557,110.52953236891604,1.795139365728615,0,NORMAL,No Incident,0.0,LOW
2026-01-03 06:31:00,41.270389095463,68.46240806033535,116.36709722187533,4.239965192231448,0,NORMAL,No Incident,0.0,LOW
2026-01-03 06:32:00,58.81407528923571,55.74284887861519,146.8266013909936,0.1683487712863736,0,NORMAL,No Incident,0.0,LOW
2026-01-03 06:33:00,57.21135362545581,56.89145423607037,121.84842294678472,1.0988967130156428,0,NORMAL,No Incident,0.0,LOW
2026-01-03 06:34:00,40.83725899436275,51.00897275899525,122.70565017104636,1.863903541318351,0,NORMAL,No Incident,0.0,LOW
2026-01-03 06:35:00,63.55442801105496,63.024370083423065,91.05564441484084,1.802470662530832,0,NORMAL,No Incident,0.0,LOW
2026-01-03 06:36:00,61.70198709196604,79.67897588023504,113.8151218473454,1.450455409189955,0,NORMAL,No Incident,0.0,LOW
2026-01-03 06:37:00,51.34296497247793,66.25197791568506,115.17370192510543,1.9190120905978325,0,NORMAL,No Incident,0.0,LOW
2026-01-03 06:38:00,50.79597862376036,53.08571790447572,103.4171302911319,0.7404372711302587,0,NORMAL,No Incident,0.0,LOW
2026-01-03 06:39:00,55.540577711159074,69.08496468393182,120.43330823407128,2.357192878994939,0,NORMAL,No Incident,0.0,LOW
2026-01-03 06:40:00,41.38296929743742,57.466563632526,111.41635419544691,0.0,0,NORMAL,No Incident,0.0,LOW
2026-01-03 06:41:00,50.30031479164082,70.99587985142047,121.59991710487164,1.9742306441227429,0,NORMAL,No Incident,0.0,LOW
2026-01-03 06:42:00,28.4761645539082,66.45341121731491,122.43006019637868,1.3996433057364266,0,NORMAL,No Incident,0.0,LOW
2026-01-03 06:43:00,58.76455645502936,36.45486747622613,100.88491284354711,3.016287942756636,0,NORMAL,No Incident,0.0,LOW
2026-01-03 06:44:00,34.385067775581405,51.96736293635978,112.0259643503362,3.755311070633304,0,NORMAL,No Incident,0.0,LOW
2026-01-03 06:45:00,65.03419828428999,67.55508178268312,121.54748565521668,1.6689478312496422,0,NORMAL,No Incident,0.0,LOW
2026-01-03 06:46:00,46.698799060335496,61.21325817716014,143.6859886231345,3.390725929141431,0,NORMAL,No Incident,0.0,LOW
2026-01-03 06:47:00,47.88333018068823,51.8099524183372,125.1343834559148,1.6838837193695892,0,NORMAL,No Incident,0.0,LOW
2026-01-03 06:48:00,43.72266093915494,54.9312838760495,106.76129640165144,1.03387347687091,0,NORMAL,No Incident,0.0,LOW
2026-01-03 06:49:00,47.11961126077924,44.75010703928496,127.98009518487704,3.74590363218562,0,NORMAL,No Incident,0.0,LOW
2026-01-03 06:50:00,64.18531345148037,59.29301369978883,154.15097778643522,2.520776444734006,0,NORMAL,No Incident,0.0,LOW
2026-01-03 06:51:00,25.121913434649205,77.68551780812612,138.33412945178037,2.0044385226098145,0,NORMAL,No Incident,0.0,LOW
2026-01-03 06:52:00,62.769653860881874,66.4394671258586,130.9505306087124,2.687177475098649,0,NORMAL,No Incident,0.0,LOW
2026-01-03 06:53:00,53.38023481101708,77.52333600950739,134.51180350964643,2.274215035130167,0,NORMAL,No Incident,0.0,LOW
2026-01-03 06:54:00,37.92978352142784,67.05917671831985,148.7990808285726,1.930780592058482,0,NORMAL,No Incident,0.0,LOW
2026-01-03 06:55:00,39.24687606950762,68.21983474682153,141.5125358803532,0.6735651726920036,0,NORMAL,No Incident,0.0,LOW
2026-01-03 06:56:00,66.76393027208204,75.79262950196019,131.33520762235315,1.7294632628387334,0,NORMAL,No Incident,0.0,LOW
2026-01-03 06:57:00,40.54493120057269,63.01810607473781,141.3728443918017,2.6232554234584726,0,NORMAL,No Incident,0.0,LOW
2026-01-03 06:58:00,38.46649489404041,58.50218142794496,98.3669780747188,1.877228574313189,0,NORMAL,No Incident,0.0,LOW
2026-01-03 06:59:00,61.373145423647294,68.2612601329761,89.95469495319438,2.9023257611303857,0,NORMAL,No Incident,0.0,LOW
2026-01-03 07:00:00,53.385528762859146,71.63072189697507,123.1419730128766,2.383655023866789,0,NORMAL,No Incident,0.0,LOW
2026-01-03 07:01:00,40.620744234636014,56.16028285830233,121.37361419301077,1.121863681914593,0,NORMAL,No Incident,0.0,LOW
2026-01-03 07:02:00,52.16624975404619,54.22744734127976,109.12179892973484,0.6808280421678763,0,NORMAL,No Incident,0.0,LOW
2026-01-03 07:03:00,39.742473163597225,61.11084825944704,136.5170533965542,1.842821500069832,0,NORMAL,No Incident,0.0,LOW
2026-01-03 07:04:00,61.00821398422605,66.6519909354533,82.74272827097528,1.4757715518954124,0,NORMAL,No Incident,0.0,LOW
2026-01-03 07:05:00,60.61370964873134,66.38472838929249,109.30455487884392,2.336321809621686,0,NORMAL,No Incident,0.0,LOW
2026-01-03 07:06:00,55.32006198821943,48.60665919849921,110.3008891024477,1.2818623412372705,0,NORMAL,No Incident,0.0,LOW
2026-01-03 07:07:00,53.61661061247017,75.29284853650657,87.27396429801081,1.3846076742451228,0,NORMAL,No Incident,0.0,LOW
2026-01-03 07:08:00,67.61188124867374,54.87068056482519,149.89462014538609,3.053069717594912,0,NORMAL,No Incident,0.0,LOW
2026-01-03 07:09:00,49.996863273882255,57.879480024891365,92.81597462673354,2.148202968627898,0,NORMAL,No Incident,0.0,LOW
2026-01-03 07:10:00,38.18125874579199,52.77876512009744,108.23319885384628,1.2972729345727072,0,NORMAL,No Incident,0.0,LOW
2026-01-03 07:11:00,54.49473912832307,81.5866306874967,138.15959515610268,2.01764180873502,0,NORMAL,No Incident,0.0,LOW
2026-01-03 07:12:00,70.86047049537115,61.93656536230374,132.92090686857463,3.3789112430016823,0,NORMAL,No Incident,0.0,LOW
2026-01-03 07:13:00,39.85240506814148,53.19219935454748,97.83650607030506,2.2937866882747224,0,NORMAL,No Incident,0.0,LOW
2026-01-03 07:14:00,46.38537233306014,66.91138839969956,133.64978418521272,2.5929508094251297,0,NORMAL,No Incident,0.0,LOW
2026-01-03 07:15:00,54.16446038101453,66.15308623448027,125.79568957316444,1.2477654634725577,0,NORMAL,No Incident,0.0,LOW
2026-01-03 07:16:00,49.46095150994261,58.49818381136093,166.66071124222935,3.0264193771346006,0,NORMAL,No Incident,0.0,LOW
2026-01-03 07:17:00,40.176964196226855,66.72485370226707,128.0788083213661,4.318102260463801,0,NORMAL,No Incident,0.0,LOW
2026-01-03 07:18:00,61.21857856230471,53.39766431335308,117.17516357862937,1.2085323574871465,0,NORMAL,No Incident,0.0,LOW
2026-01-03 07:19:00,73.2004072201726,56.05665380040598,102.86996085761156,0.8181060256280106,0,NORMAL,No Incident,0.0,LOW
2026-01-03 07:20:00,51.96131459023907,43.91826676347149,105.11513266088858,2.175542243835148,0,NORMAL,No Incident,0.0,LOW
2026-01-03 07:21:00,40.95931710264,49.408391326243496,103.48461809063684,2.8755050498444104,0,NORMAL,No Incident,0.0,LOW
2026-01-03 07:22:00,34.51039474946525,74.46104644536548,147.42197627823845,1.9086103279497384,0,NORMAL,No Incident,0.0,LOW
2026-01-03 07:23:00,52.57975981221181,73.13142902177852,120.35939830032942,0.9467936039573372,0,NORMAL,No Incident,0.0,LOW
2026-01-03 07:24:00,61.038773433162575,60.5263091891917,131.3049424794946,1.89141583821961,0,NORMAL,No Incident,0.0,LOW
2026-01-03 07:25:00,54.751677464953815,73.3034515775187,150.28495199961773,2.5980922727774547,0,NORMAL,No Incident,0.0,LOW
2026-01-03 07:26:00,89.97596159081147,88.71940410713356,572.8307171558507,11.59296817305394,1,CRITICAL,High CPU Usage / Compute Resource Overload,100.0,HIGH
2026-01-03 07:27:00,84.10728348210694,88.05271757945674,645.5774752940075,12.60725501775492,1,CRITICAL,High API Latency / Database Performance Issue,100.0,HIGH
2026-01-03 07:28:00,39.0783636728191,60.45208518772445,121.10793823566668,3.16471078523991,0,NORMAL,No Incident,0.0,LOW
2026-01-03 07:29:00,58.34751326324882,59.00062723741148,128.70096743280888,2.2402306257704474,0,NORMAL,No Incident,0.0,LOW
2026-01-03 07:30:00,59.13771621385585,58.27842941151856,103.43193556503498,1.9720522287217075,0,NORMAL,No Incident,0.0,LOW
2026-01-03 07:31:00,34.54270213309267,69.14718485719642,104.89751203102963,2.829343925226282,0,NORMAL,No Incident,0.0,LOW
2026-01-03 07:32:00,65.89838978180684,61.20108523164963,129.77691779625977,1.1438991725627696,0,NORMAL,No Incident,0.0,LOW
2026-01-03 07:33:00,55.74071220894001,65.69985411547043,167.6919560066294,1.0452901663070775,0,NORMAL,No Incident,0.0,LOW
2026-01-03 07:34:00,63.99594645145793,68.25104420221865,140.06626625629804,1.733427715071015,0,NORMAL,No Incident,0.0,LOW
2026-01-03 07:35:00,36.57872251514885,63.105486365237866,145.3104584283708,1.5081205451855328,0,NORMAL,No Incident,0.0,LOW
2026-01-03 07:36:00,36.34175844584561,52.23782939273409,116.1599745947716,1.1966580247095246,0,NORMAL,No Incident,0.0,LOW
2026-01-03 07:37:00,48.51030690232703,49.17707288828769,107.99591550828744,3.8304684749987743,0,NORMAL,No Incident,0.0,LOW
2026-01-03 07:38:00,55.02784426895194,61.19024507845844,104.38390096842014,4.171993209494291,0,NORMAL,No Incident,0.0,LOW
2026-01-03 07:39:00,67.96360822926964,58.62994956140052,110.23452550606623,1.6462949577444177,0,NORMAL,No Incident,0.0,LOW
2026-01-03 07:40:00,57.060789138151314,60.699131431360975,78.94435133658949,2.091718949748365,0,NORMAL,No Incident,0.0,LOW
2026-01-03 07:41:00,47.57318723187967,59.87156768601131,105.50161314216795,1.812157179936209,0,NORMAL,No Incident,0.0,LOW
2026-01-03 07:42:00,39.73630792334108,80.66858928133254,108.79293687880312,3.1074992401181563,0,NORMAL,No Incident,0.0,LOW
2026-01-03 07:43:00,62.300005727191504,49.358189954869296,116.49283651210318,3.305645561840047,0,NORMAL,No Incident,0.0,LOW
2026-01-03 07:44:00,40.35294574249285,44.080429841431,122.63500219494584,0.2227362013103533,0,NORMAL,No Incident,0.0,LOW
2026-01-03 07:45:00,66.28468554772321,62.65901466815688,127.2490173725122,2.476010800065626,0,NORMAL,No Incident,0.0,LOW
2026-01-03 07:46:00,47.15615350393491,56.98861956329444,119.7014925511408,0.6931786588388515,0,NORMAL,No Incident,0.0,LOW
2026-01-03 07:47:00,100.0,92.52854295783962,608.3711382731449,13.75827215787528,1,CRITICAL,High API Latency / Database Performance Issue,100.0,HIGH
2026-01-03 07:48:00,56.78931290059278,64.671064178272,80.73282713468959,2.440248030210398,0,NORMAL,No Incident,0.0,LOW
2026-01-03 07:49:00,48.63004510557542,70.27283756143117,108.49382783196413,1.176650461637364,0,NORMAL,No Incident,0.0,LOW
2026-01-03 07:50:00,44.806036281738734,47.94219343692849,100.5509872462599,1.758678612062147,0,NORMAL,No Incident,0.0,LOW
2026-01-03 07:51:00,46.5909212265392,55.5462568171427,129.32133496557208,1.7110227417338415,0,NORMAL,No Incident,0.0,LOW
2026-01-03 07:52:00,54.283166923752376,63.43009007104611,138.18574793387387,2.525112942885816,0,NORMAL,No Incident,0.0,LOW
2026-01-03 07:53:00,50.771564962177166,66.16370876549782,138.7714213411988,3.041912604177478,0,NORMAL,No Incident,0.0,LOW
2026-01-03 07:54:00,44.06188591931295,77.54759640230708,135.1390547225564,0.8517927080282901,0,NORMAL,No Incident,0.0,LOW
2026-01-03 07:55:00,48.34368589682368,67.64563176891093,117.32948529095025,3.838754500912114,0,NORMAL,No Incident,0.0,LOW
2026-01-03 07:56:00,50.7857702971915,59.54569123290978,109.56088869048207,3.605690107820843,0,NORMAL,No Incident,0.0,LOW
2026-01-03 07:57:00,28.71265905585188,52.87651397645871,105.05794492665868,1.1246764324089549,0,NORMAL,No Incident,0.0,LOW
2026-01-03 07:58:00,54.58168114788699,55.485681178247845,89.850021667965,2.0728017943623094,0,NORMAL,No Incident,0.0,LOW
2026-01-03 07:59:00,40.20278775283193,55.25837741634315,139.83707401015715,3.710808544114316,0,NORMAL,No Incident,0.0,LOW
2026-01-03 08:00:00,38.46667596794255,65.24186902811009,116.50577924140052,3.232918586677483,0,NORMAL,No Incident,0.0,LOW
2026-01-03 08:01:00,33.1265565288929,62.055979564686645,95.07319412758252,1.6632569699521045,0,NORMAL,No Incident,0.0,LOW
2026-01-03 08:02:00,32.0610750213211,49.41080343326257,103.4701724857953,2.814339814567873,0,NORMAL,No Incident,0.0,LOW
2026-01-03 08:03:00,36.44552496887711,56.51278824727654,102.66053087134895,4.997198291719139,0,NORMAL,No Incident,0.0,LOW
2026-01-03 08:04:00,42.9097904236951,67.02038042761137,120.86048970030254,2.105159981851212,0,NORMAL,No Incident,0.0,LOW
2026-01-03 08:05:00,69.53259137526568,62.81329883979247,141.3493570214137,1.3673517485599809,0,NORMAL,No Incident,0.0,LOW
2026-01-03 08:06:00,44.74120324104796,64.54915692810216,113.04020900808834,2.1724198520914,0,NORMAL,No Incident,0.0,LOW
2026-01-03 08:07:00,51.77750106268032,63.063373680458106,74.94932970432701,2.246552095497318,0,NORMAL,No Incident,0.0,LOW
2026-01-03 08:08:00,54.00481386506328,73.01144587687088,116.2163932968216,1.475463260999902,0,NORMAL,No Incident,0.0,LOW
2026-01-03 08:09:00,51.31065186215849,61.88834451059496,116.87612199805608,2.441625067814217,0,NORMAL,No Incident,0.0,LOW
2026-01-03 08:10:00,49.22556539274007,56.911817617034416,115.50159538128956,0.7455989402724987,0,NORMAL,No Incident,0.0,LOW
2026-01-03 08:11:00,38.04706236400755,52.67395967093152,107.45077667048596,1.3344661329913208,0,NORMAL,No Incident,0.0,LOW
2026-01-03 08:12:00,100.0,91.99687566567768,624.3487816145168,12.758244776154797,1,CRITICAL,High API Latency / Database Performance Issue,100.0,HIGH
2026-01-03 08:13:00,68.07196643637886,40.47436788179933,121.32282230298004,0.2451291484577487,0,NORMAL,No Incident,0.0,LOW
2026-01-03 08:14:00,33.17341305877314,58.5256879853383,119.50339371746706,2.9031675919947766,0,NORMAL,No Incident,0.0,LOW
2026-01-03 08:15:00,39.7597140911362,58.35328112062925,128.2528272288593,0.0,0,NORMAL,No Incident,0.0,LOW
2026-01-03 08:16:00,47.20189657622994,49.08423317106176,111.40334353704291,0.268675421123685,0,NORMAL,No Incident,0.0,LOW
2026-01-03 08:17:00,40.35462205089809,52.57387329075203,110.26828660598692,1.5010212569441146,0,NORMAL,No Incident,0.0,LOW
2026-01-03 08:18:00,55.05965553455865,66.47726024118593,147.602465791708,2.28686384281935,0,NORMAL,No Incident,0.0,LOW
2026-01-03 08:19:00,42.71727797593387,61.8456939925997,131.1871081943087,3.325263603127389,0,NORMAL,No Incident,0.0,LOW
2026-01-03 08:20:00,71.65056067806603,60.81430666965862,136.538921218856,2.057622763159596,0,NORMAL,No Incident,0.0,LOW
2026-01-03 08:21:00,61.90548594343596,62.45078027145618,144.52209170668138,1.75344639242401,0,NORMAL,No Incident,0.0,LOW
2026-01-03 08:22:00,52.12574030632215,60.74102070359139,130.518883612496,2.5795812479848044,0,NORMAL,No Incident,0.0,LOW
2026-01-03 08:23:00,60.26986263319732,69.94290050286652,138.56777358272342,1.1291011795320656,0,NORMAL,No Incident,0.0,LOW
2026-01-03 08:24:00,61.059004243573085,60.98743345362919,88.41309675859479,2.1394151593464064,0,NORMAL,No Incident,0.0,LOW
2026-01-03 08:25:00,44.36052511941757,48.33429508945,124.08307743992054,0.80055374204464,0,NORMAL,No Incident,0.0,LOW
2026-01-03 08:26:00,41.83782755458035,73.04103971899528,116.34563076371344,2.0825905168754133,0,NORMAL,No Incident,0.0,LOW
2026-01-03 08:27:00,50.78143062969647,62.96272213863077,153.5536818179962,1.8701636741505967,0,NORMAL,No Incident,0.0,LOW
2026-01-03 08:28:00,58.61636124497944,55.28597015363946,138.552910636066,1.1957320785505827,0,NORMAL,No Incident,0.0,LOW
2026-01-03 08:29:00,51.390603986534174,49.97278625363985,107.3910961841364,2.16504063653774,0,NORMAL,No Incident,0.0,LOW
2026-01-03 08:30:00,34.23003517809003,63.16731376766436,127.45588317058412,2.158549653159642,0,NORMAL,No Incident,0.0,LOW
2026-01-03 08:31:00,41.97175556049157,59.062623960205,123.3536266689848,3.175454012339135,0,NORMAL,No Incident,0.0,LOW
2026-01-03 08:32:00,49.26027136405622,72.59317428825926,129.08662866304456,0.3943665969372123,0,NORMAL,No Incident,0.0,LOW
2026-01-03 08:33:00,49.2433439567417,57.232741754665376,99.62315061250696,1.9239510923029568,0,NORMAL,No Incident,0.0,LOW
2026-01-03 08:34:00,69.72542176789808,53.30095368254027,127.20032930476452,1.2397376002965208,0,NORMAL,No Incident,0.0,LOW
2026-01-03 08:35:00,36.14012057601002,67.16636974588742,115.43697301423532,2.869762058176292,0,NORMAL,No Incident,0.0,LOW
2026-01-03 08:36:00,55.055892418358745,67.40225514173466,125.648995281112,2.753912065192133,0,NORMAL,No Incident,0.0,LOW
2026-01-03 08:37:00,64.8911310832829,61.34921094088156,105.5122966975566,2.5078798450686213,0,NORMAL,No Incident,0.0,LOW
2026-01-03 08:38:00,72.71449745422797,65.41085638139927,108.298736572068,1.296166741930537,0,NORMAL,No Incident,0.0,LOW
2026-01-03 08:39:00,45.95602576816039,59.6985030340621,143.47684040733407,2.8854705829400955,0,NORMAL,No Incident,0.0,LOW
2026-01-03 08:40:00,54.914294527202,61.870920808073976,98.96904883319678,0.4698690712566682,0,NORMAL,No Incident,0.0,LOW
2026-01-03 08:41:00,55.69760357198647,69.31992706051139,100.44491197915904,0.2646892964072285,0,NORMAL,No Incident,0.0,LOW
2026-01-03 08:42:00,51.95481731553291,65.00254667217203,118.96837485568844,0.724129000098076,0,NORMAL,No Incident,0.0,LOW
2026-01-03 08:43:00,49.01154798760694,58.645804493339,104.56219249628091,1.9665251896730944,0,NORMAL,No Incident,0.0,LOW
2026-01-03 08:44:00,54.35975389500046,70.8189003674092,102.29942735474404,2.675164400988294,0,NORMAL,No Incident,0.0,LOW
2026-01-03 08:45:00,24.677539147803145,41.08115701766791,122.1015194241659,0.0,0,NORMAL,No Incident,0.0,LOW
2026-01-03 08:46:00,56.82069490062632,76.41658649137548,89.8986828619259,3.3227428318797863,0,NORMAL,No Incident,0.0,LOW
2026-01-03 08:47:00,51.26177903661967,46.35232724087412,99.84075530172724,2.1311121961784343,0,NORMAL,No Incident,0.0,LOW
2026-01-03 08:48:00,47.77525103221735,54.98325740182163,161.08191165847288,0.4322276524102248,0,NORMAL,No Incident,0.0,LOW
2026-01-03 08:49:00,70.46862195719558,59.67265971843945,129.1895011793802,2.100946970289581,0,NORMAL,No Incident,0.0,LOW
2026-01-03 08:50:00,43.25065981209448,58.82815463417471,105.06873295460178,3.09252541467842,0,NORMAL,No Incident,0.0,LOW
2026-01-03 08:51:00,45.96924010934969,68.05128832021244,128.36430156532396,2.599441015306259,0,NORMAL,No Incident,0.0,LOW
2026-01-03 08:52:00,69.91553302204734,51.53730705111813,131.34660953973258,3.099073062553966,0,NORMAL,No Incident,0.0,LOW
2026-01-03 08:53:00,41.67938695150144,62.0861345398645,139.88828840180477,0.633753370602889,0,NORMAL,No Incident,0.0,LOW
2026-01-03 08:54:00,44.49884717063461,55.37430321424197,117.4568794108654,1.5859947648615953,0,NORMAL,No Incident,0.0,LOW
2026-01-03 08:55:00,48.5297457656915,62.36112783469933,139.52995405545778,1.075307769476468,0,NORMAL,No Incident,0.0,LOW
2026-01-03 08:56:00,58.407344821295496,59.48182192161699,79.23106950235655,3.7175802050443183,0,NORMAL,No Incident,0.0,LOW
2026-01-03 08:57:00,52.078025073533134,60.74348522146382,98.87383739048494,2.63936284348663,0,NORMAL,No Incident,0.0,LOW
2026-01-03 08:58:00,37.07374652847737,55.60060134028524,123.27742803472913,4.847009588957641,0,NORMAL,No Incident,0.0,LOW
2026-01-03 08:59:00,44.6783143687281,55.91948839923134,126.59267065615585,1.5323904665827726,0,NORMAL,No Incident,0.0,LOW
2026-01-03 09:00:00,43.92645566787789,62.29818011221941,101.76435424662716,1.2753257883176952,0,NORMAL,No Incident,0.0,LOW
2026-01-03 09:01:00,49.22778954776955,67.54972404604835,125.1883998252632,1.8571733614048496,0,NORMAL,No Incident,0.0,LOW
2026-01-03 09:02:00,54.25843658629829,55.21376532641722,107.5231950262548,3.378357221422549,0,NORMAL,No Incident,0.0,LOW
2026-01-03 09:03:00,54.18205755887972,53.04985964341672,114.46081811545668,1.6338803106246529,0,NORMAL,No Incident,0.0,LOW
2026-01-03 09:04:00,32.23988245951598,64.9076813253747,140.49547601330022,2.1244375979069443,0,NORMAL,No Incident,0.0,LOW
2026-01-03 09:05:00,60.63940987560856,59.739968855538486,138.17874993777198,2.09669070288682,0,NORMAL,No Incident,0.0,LOW
2026-01-03 09:06:00,52.52568845996623,66.64398507188761,100.05879345273476,2.039496761202189,0,NORMAL,No Incident,0.0,LOW
2026-01-03 09:07:00,63.84532047593906,52.753622293030816,98.85497075959792,1.347601539537522,0,NORMAL,No Incident,0.0,LOW
2026-01-03 09:08:00,94.44198327290673,75.76448859661255,611.7765320889337,11.862708932089634,1,CRITICAL,High API Latency / Database Performance Issue,100.0,HIGH
2026-01-03 09:09:00,61.01322957735762,55.73596734538933,119.4650739765415,1.8198973986486424,0,NORMAL,No Incident,0.0,LOW
2026-01-03 09:10:00,54.66545311450127,53.869179125879874,106.84203022850518,1.9924353403253507,0,NORMAL,No Incident,0.0,LOW
2026-01-03 09:11:00,63.46225756202748,59.3696927993576,140.81284885599337,2.943516818152708,0,NORMAL,No Incident,0.0,LOW
2026-01-03 09:12:00,55.22250636017779,54.90523828583689,126.9477968341711,3.760628034624492,0,NORMAL,No Incident,0.0,LOW
2026-01-03 09:13:00,49.02084753557096,65.9281356106916,128.1217021974886,1.1595652373302932,0,NORMAL,No Incident,0.0,LOW
2026-01-03 09:14:00,72.72434720446881,57.69479790061987,94.66922342110055,1.6080063752122848,0,NORMAL,No Incident,0.0,LOW
2026-01-03 09:15:00,58.89037122279892,61.20379599019121,143.3458143476756,1.1749881015938133,0,NORMAL,No Incident,0.0,LOW
2026-01-03 09:16:00,55.73744421004413,61.26107646752755,63.59662355518618,2.1871015372222726,0,NORMAL,No Incident,0.0,LOW
2026-01-03 09:17:00,37.23695583461664,61.5596407392975,136.68110903698738,1.4616505424890232,0,NORMAL,No Incident,0.0,LOW
2026-01-03 09:18:00,37.11692382536462,59.80696711636021,138.68623475341542,2.239796833741989,0,NORMAL,No Incident,0.0,LOW
2026-01-03 09:19:00,52.92715482141853,64.08480552328251,111.35197625444076,3.103626910444787,0,NORMAL,No Incident,0.0,LOW
2026-01-03 09:20:00,51.45521197768241,53.63475892939354,145.45820434494848,0.0,0,NORMAL,No Incident,0.0,LOW
2026-01-03 09:21:00,43.85877434991684,71.19534341323106,118.73804894091307,2.491779889600691,0,NORMAL,No Incident,0.0,LOW
2026-01-03 09:22:00,51.4098269961206,58.10770093305172,121.24863406654886,1.539812951102121,0,NORMAL,No Incident,0.0,LOW
2026-01-03 09:23:00,65.88626928043595,49.50760689681054,126.79057574808432,2.460422267984389,0,NORMAL,No Incident,0.0,LOW
2026-01-03 09:24:00,56.95402474550298,61.504586855934186,183.7314982362211,1.1035305622497995,0,NORMAL,No Incident,0.0,LOW
2026-01-03 09:25:00,38.58991490247261,53.19055614042012,146.8886781616601,3.196260988306875,0,NORMAL,No Incident,0.0,LOW
2026-01-03 09:26:00,48.884911728570565,65.32267627607101,134.02262401425835,2.913280618040284,0,NORMAL,No Incident,0.0,LOW
2026-01-03 09:27:00,41.9503351914744,77.67684460833902,101.7439102679761,2.568352148542643,0,NORMAL,No Incident,0.0,LOW
2026-01-03 09:28:00,86.12300083591438,83.7074232675372,622.8717965095898,12.7932257178101,1,CRITICAL,High API Latency / Database Performance Issue,100.0,HIGH
2026-01-03 09:29:00,45.86384334370357,62.65897866579188,103.73751812307228,1.2543795328278264,0,NORMAL,No Incident,0.0,LOW
2026-01-03 09:30:00,45.22354417395995,45.95595529036298,136.44221694565627,1.38037624531071,0,NORMAL,No Incident,0.0,LOW
2026-01-03 09:31:00,37.44864628026605,63.63124183553078,122.80933951469711,2.7524362008174794,0,NORMAL,No Incident,0.0,LOW
2026-01-03 09:32:00,48.7234531848181,52.91428960160248,97.50956640772208,1.232270857231388,0,NORMAL,No Incident,0.0,LOW
2026-01-03 09:33:00,44.3939236315269,55.00132305252414,121.62249166837006,3.445635046658087,0,NORMAL,No Incident,0.0,LOW
2026-01-03 09:34:00,20.70551309997732,51.189708081281374,103.01165060567388,1.6764089287189683,0,NORMAL,No Incident,0.0,LOW
2026-01-03 09:35:00,70.52972024501663,65.85720980843789,123.02432442675094,2.501894389860622,0,NORMAL,No Incident,0.0,LOW
2026-01-03 09:36:00,60.88769654216672,68.0584348597861,102.81845367269489,4.09924951925509,0,NORMAL,No Incident,0.0,LOW
2026-01-03 09:37:00,46.23699275075004,60.18708171726807,120.54975266721624,1.293776645931923,0,NORMAL,No Incident,0.0,LOW
2026-01-03 09:38:00,50.188190497405984,53.08458635731424,135.0093972387019,2.068761750844782,0,NORMAL,No Incident,0.0,LOW
2026-01-03 09:39:00,38.28345652682438,72.7161842888309,118.93896016149787,3.0541831646373074,0,NORMAL,No Incident,0.0,LOW
2026-01-03 09:40:00,66.95722877810866,53.99671897796275,112.18223465655224,2.951277388876531,0,NORMAL,No Incident,0.0,LOW
2026-01-03 09:41:00,68.97288694773111,42.703741600580486,124.06552442114923,1.6721846897606418,0,NORMAL,No Incident,0.0,LOW
2026-01-03 09:42:00,51.56693728246525,63.66711207965655,133.94365241585706,1.483269562478146,0,NORMAL,No Incident,0.0,LOW
2026-01-03 09:43:00,60.235306441853446,51.161802610867866,97.8563346023648,1.7668640674549485,0,NORMAL,No Incident,0.0,LOW
2026-01-03 09:44:00,51.75286778933924,67.9088703479934,125.21312309410403,3.447857766151364,0,NORMAL,No Incident,0.0,LOW
2026-01-03 09:45:00,36.63274561124069,56.950898426612646,146.350816380348,1.7208941436400536,0,NORMAL,No Incident,0.0,LOW
2026-01-03 09:46:00,45.88176631036343,64.82970592435358,131.47313926553431,2.078115692483465,0,NORMAL,No Incident,0.0,LOW
2026-01-03 09:47:00,51.31927966771957,71.21200277241726,121.15508293334456,1.573213529076575,0,NORMAL,No Incident,0.0,LOW
2026-01-03 09:48:00,45.45452281256556,50.32912908303423,132.79475013397789,2.7055485647959867,0,NORMAL,No Incident,0.0,LOW
2026-01-03 09:49:00,47.81346722564964,55.47250295286076,129.04992912205364,2.1555250375836565,0,NORMAL,No Incident,0.0,LOW
2026-01-03 09:50:00,49.08600442490886,59.39463141874349,135.07202218319628,0.996566189241771,0,NORMAL,No Incident,0.0,LOW
2026-01-03 09:51:00,49.191215021345386,72.30041055227474,79.52136778034111,1.0311758859650055,0,NORMAL,No Incident,0.0,LOW
2026-01-03 09:52:00,50.52258490497484,54.73293825647644,88.9308773267347,0.001394433444493,0,NORMAL,No Incident,0.0,LOW
2026-01-03 09:53:00,39.39394933603399,55.24397043240794,140.09658298966474,1.168678590874384,0,NORMAL,No Incident,0.0,LOW
2026-01-03 09:54:00,42.82983850872064,63.82512460444647,89.89441647677118,2.7939458036321723,0,NORMAL,No Incident,0.0,LOW
2026-01-03 09:55:00,37.15415734300031,55.38217019431544,128.0307727143841,3.323760538012268,0,NORMAL,No Incident,0.0,LOW
2026-01-03 09:56:00,59.778155496862006,61.22020706318093,112.95900687935416,2.685558363217184,0,NORMAL,No Incident,0.0,LOW
2026-01-03 09:57:00,28.94353058159676,47.587700632254986,100.07621508808006,2.554632200640681,0,NORMAL,No Incident,0.0,LOW
2026-01-03 09:58:00,61.53590343316925,77.71463954045277,126.99299514294948,1.8734739504713505,0,NORMAL,No Incident,0.0,LOW
2026-01-03 09:59:00,63.86349397262843,49.21832615752477,124.0206700743314,2.774914554913987,0,NORMAL,No Incident,0.0,LOW
2026-01-03 10:00:00,46.97819413017378,57.42597836807833,162.20685304192756,2.2862782230818843,0,NORMAL,No Incident,0.0,LOW
2026-01-03 10:01:00,23.96862912172701,59.740151713263245,107.5037759092822,3.804448971987125,0,NORMAL,No Incident,0.0,LOW
2026-01-03 10:02:00,46.38689438032709,75.30150507485436,148.80220240138348,1.9015546858232515,0,NORMAL,No Incident,0.0,LOW
2026-01-03 10:03:00,49.35815838711181,49.40123375253808,127.04845828768627,3.343008083736131,0,NORMAL,No Incident,0.0,LOW
2026-01-03 10:04:00,39.89401780071087,75.86963308383001,106.77956236914576,2.87411408181786,0,NORMAL,No Incident,0.0,LOW
2026-01-03 10:05:00,44.84781606191757,66.05741456881618,135.9849291503449,2.7354432862041587,0,NORMAL,No Incident,0.0,LOW
2026-01-03 10:06:00,65.30195198863352,63.33676259538597,131.31477008907902,0.0,0,NORMAL,No Incident,0.0,LOW
2026-01-03 10:07:00,56.64927162301741,52.12293050385636,120.716865897161,2.9291895615477106,0,NORMAL,No Incident,0.0,LOW
2026-01-03 10:08:00,40.754358856219,64.56912993630459,125.32590712881247,1.872492021090847,0,NORMAL,No Incident,0.0,LOW
2026-01-03 10:09:00,34.02400830404568,54.2121070206416,108.06025937908936,1.5560735055651085,0,NORMAL,No Incident,0.0,LOW
2026-01-03 10:10:00,46.729826823902286,70.1332900255873,103.48425749490984,0.5170869588220868,0,NORMAL,No Incident,0.0,LOW
2026-01-03 10:11:00,47.86543220649562,52.231503767138136,135.18884347645167,1.9944128660318168,0,NORMAL,No Incident,0.0,LOW
2026-01-03 10:12:00,54.96199187363317,59.094732044351325,115.52121151373451,2.0335515968182425,0,NORMAL,No Incident,0.0,LOW
2026-01-03 10:13:00,44.64683287432341,55.55781529589463,118.39834003501817,0.6969980781851954,0,NORMAL,No Incident,0.0,LOW
2026-01-03 10:14:00,55.114995753618615,52.099816300584045,125.59643191888554,0.526719827106308,0,NORMAL,No Incident,0.0,LOW
2026-01-03 10:15:00,69.35154040060229,65.93055853526332,125.30576689567616,2.486619480128111,0,NORMAL,No Incident,0.0,LOW
2026-01-03 10:16:00,58.15501022444263,64.28366997927706,91.4134705805187,2.8717051310613773,0,NORMAL,No Incident,0.0,LOW
2026-01-03 10:17:00,49.51911492669228,69.67208159120798,145.72504172909717,2.1902829099224217,0,NORMAL,No Incident,0.0,LOW
2026-01-03 10:18:00,48.16849528946705,45.76099913433466,122.42364303801357,3.150834649684363,0,NORMAL,No Incident,0.0,LOW
2026-01-03 10:19:00,46.433268658201285,68.51336561872836,115.946934743557,1.9136150156485008,0,NORMAL,No Incident,0.0,LOW
2026-01-03 10:20:00,61.80640912452144,80.04359124285514,128.61692010339493,1.9456487255997976,0,NORMAL,No Incident,0.0,LOW
2026-01-03 10:21:00,43.72686554048697,56.38687128658442,124.73084387229726,1.0829719712592096,0,NORMAL,No Incident,0.0,LOW
2026-01-03 10:22:00,50.45222708999982,75.16118889687176,135.34125378979405,0.4397580224462827,0,NORMAL,No Incident,0.0,LOW
2026-01-03 10:23:00,50.511979018810855,57.89470982352139,130.7596734430188,3.854662133859585,0,NORMAL,No Incident,0.0,LOW
2026-01-03 10:24:00,44.98215807188468,49.02072209950954,134.35692457992533,3.1312990502497464,0,NORMAL,No Incident,0.0,LOW
2026-01-03 10:25:00,36.27534452115899,57.554940460745634,147.01987811455032,0.6074874328615216,0,NORMAL,No Incident,0.0,LOW
2026-01-03 10:26:00,53.22974503617668,68.38563174140221,137.67249097941945,2.1557519078312803,0,NORMAL,No Incident,0.0,LOW
2026-01-03 10:27:00,49.38996028144616,53.29458814134775,116.79027559342876,1.899953688896333,0,NORMAL,No Incident,0.0,LOW
2026-01-03 10:28:00,55.0024046943657,55.1972907279481,97.54197687846334,1.7260075268369568,0,NORMAL,No Incident,0.0,LOW
2026-01-03 10:29:00,44.66399693560833,64.74831545834553,153.3559586600903,1.5909821521850604,0,NORMAL,No Incident,0.0,LOW
2026-01-03 10:30:00,62.20821298813048,60.024480933908585,115.24553253305774,2.3812691469679788,0,NORMAL,No Incident,0.0,LOW
2026-01-03 10:31:00,41.23226218788155,64.67698361989393,110.53785173278956,2.8181755254714744,0,NORMAL,No Incident,0.0,LOW
2026-01-03 10:32:00,67.12040284017893,61.90263632606669,85.26546364471122,2.4023911690282054,0,NORMAL,No Incident,0.0,LOW
2026-01-03 10:33:00,32.52363490171739,63.837002556412585,126.76946210624224,1.8794816256208065,0,NORMAL,No Incident,0.0,LOW
2026-01-03 10:34:00,54.347700645568914,56.54159051352367,122.9777320790754,1.84277328310888,0,NORMAL,No Incident,0.0,LOW
2026-01-03 10:35:00,54.75430682526624,61.85384753624314,89.69770127501039,2.936814316922667,0,NORMAL,No Incident,0.0,LOW
2026-01-03 10:36:00,42.04442932059118,52.58101595443253,129.0654808426635,2.463444938116062,0,NORMAL,No Incident,0.0,LOW
2026-01-03 10:37:00,54.24393937861012,70.30746898002711,110.0361615859712,2.072689463035433,0,NORMAL,No Incident,0.0,LOW
2026-01-03 10:38:00,62.79518669760159,54.92580226546149,173.8063001457739,1.964098702399892,0,NORMAL,No Incident,0.0,LOW
2026-01-03 10:39:00,27.83181160645936,69.03077990039512,108.61277615818264,2.345270509612289,0,NORMAL,No Incident,0.0,LOW
2026-01-03 10:40:00,55.02744807490814,58.131144312137074,111.29613335604414,1.5316513114405506,0,NORMAL,No Incident,0.0,LOW
2026-01-03 10:41:00,65.06729179669922,91.61599208605855,602.5044755149127,12.82153881730821,1,CRITICAL,High API Latency / Database Performance Issue,100.0,HIGH
2026-01-03 10:42:00,40.34335196476792,56.0402835928744,145.55753042083944,0.9241414381621332,0,NORMAL,No Incident,0.0,LOW
2026-01-03 10:43:00,66.29166364900945,51.87203655065576,112.54448411070494,1.5885434902335185,0,NORMAL,No Incident,0.0,LOW
2026-01-03 10:44:00,44.18217966607946,46.041916899157584,105.50171692469009,2.611106095446024,0,NORMAL,No Incident,0.0,LOW
2026-01-03 10:45:00,38.26120035591028,51.55740673126032,134.13910019841086,0.8671171866457268,0,NORMAL,No Incident,0.0,LOW
2026-01-03 10:46:00,48.020622710153184,57.40872917427262,92.39294129173628,0.4269914573504996,0,NORMAL,No Incident,0.0,LOW
2026-01-03 10:47:00,70.67906338163553,61.69503343063107,132.50221092497895,2.06307767542924,0,NORMAL,No Incident,0.0,LOW
2026-01-03 10:48:00,31.68317752793974,68.0830345062661,155.62799433201715,0.3035418455535292,0,NORMAL,No Incident,0.0,LOW
2026-01-03 10:49:00,39.48690088360655,56.43394032162521,131.33215665670178,0.7011964459481386,0,NORMAL,No Incident,0.0,LOW
2026-01-03 10:50:00,64.97431683179626,52.944313885862606,132.7579663251985,2.756594118506432,0,NORMAL,No Incident,0.0,LOW
2026-01-03 10:51:00,68.57702343537733,48.4582817119783,137.40120433814968,1.7952147423942642,0,NORMAL,No Incident,0.0,LOW
2026-01-03 10:52:00,48.96568775709716,63.840508943232834,154.19416057351037,3.2854869497089854,0,NORMAL,No Incident,0.0,LOW
2026-01-03 10:53:00,37.60947297473358,71.06555612263475,144.1978792003821,0.795185659062545,0,NORMAL,No Incident,0.0,LOW
2026-01-03 10:54:00,70.95843501809159,70.1306421436503,128.79339444546048,1.9060476343677155,0,NORMAL,No Incident,0.0,LOW
2026-01-03 10:55:00,65.94442391749197,65.6794619851779,138.07782801272003,2.3995845532077595,0,NORMAL,No Incident,0.0,LOW
2026-01-03 10:56:00,56.78946987762233,65.1083465381408,102.2813014906978,0.8294850698710912,0,NORMAL,No Incident,0.0,LOW
2026-01-03 10:57:00,41.8759765106258,73.58099023767473,135.52587181494644,3.031761904499625,0,NORMAL,No Incident,0.0,LOW
2026-01-03 10:58:00,49.50970659161963,62.65665169133448,99.88888057632504,2.510678883166039,0,NORMAL,No Incident,0.0,LOW
2026-01-03 10:59:00,48.396399189551694,65.16903740819338,112.65955162736746,0.3907129133125659,0,NORMAL,No Incident,0.0,LOW
2026-01-03 11:00:00,53.30851304615578,57.43372910518401,58.34875649713525,1.9622582037914,0,NORMAL,No Incident,0.0,LOW
2026-01-03 11:01:00,64.51001438131337,49.10365303316194,128.02859318734923,2.385956736258633,0,NORMAL,No Incident,0.0,LOW
2026-01-03 11:02:00,58.79417041137403,54.52920879600339,107.12255977783296,1.4099433264719423,0,NORMAL,No Incident,0.0,LOW
2026-01-03 11:03:00,39.226239230152416,59.92672769172276,142.22290430408924,0.5201350944911862,0,NORMAL,No Incident,0.0,LOW
2026-01-03 11:04:00,63.764964500195376,60.48628298001042,127.80385221210804,2.27845878944741,0,NORMAL,No Incident,0.0,LOW
2026-01-03 11:05:00,53.131321400131554,75.41028683884315,142.4819178940325,4.2112429502825615,0,NORMAL,No Incident,0.0,LOW
2026-01-03 11:06:00,56.87065795858916,60.65021734072855,98.32806910654924,1.6130159008423095,0,NORMAL,No Incident,0.0,LOW
2026-01-03 11:07:00,64.66540859278604,69.43074755220515,140.76772074319263,3.569241181284709,0,NORMAL,No Incident,0.0,LOW
2026-01-03 11:08:00,38.88419750486449,56.51938206738947,162.11712688726652,1.2477111782385315,0,NORMAL,No Incident,0.0,LOW
2026-01-03 11:09:00,49.64174421293537,57.50659291387813,135.28316599863788,2.215545635009952,0,NORMAL,No Incident,0.0,LOW
2026-01-03 11:10:00,44.68545448640785,49.367938902212416,135.80698017384577,2.771522530876119,0,NORMAL,No Incident,0.0,LOW
2026-01-03 11:11:00,34.32140574634544,54.06137589698743,123.39195352789868,1.991586334028635,0,NORMAL,No Incident,0.0,LOW
2026-01-03 11:12:00,53.4670997760492,64.21585113091002,109.50662438869271,1.7022643511187687,0,NORMAL,No Incident,0.0,LOW
2026-01-03 11:13:00,75.11556551584424,60.060481443153066,135.22384745403016,2.726127521350373,0,NORMAL,No Incident,0.0,LOW
2026-01-03 11:14:00,31.59922255494247,67.54350895917787,89.87834179195863,3.891455115269221,0,NORMAL,No Incident,0.0,LOW
2026-01-03 11:15:00,49.6771938895053,61.4500315867604,111.64489750158369,2.3005869246391315,0,NORMAL,No Incident,0.0,LOW
2026-01-03 11:16:00,56.40542935074774,57.18037014689806,84.57886395325636,1.4839398234696526,0,NORMAL,No Incident,0.0,LOW
2026-01-03 11:17:00,51.23078201656181,77.18637491029567,105.92687245369834,1.810248442740317,0,NORMAL,No Incident,0.0,LOW
2026-01-03 11:18:00,48.86871947484259,59.24877145029562,132.84090183787123,4.519707645645374,0,NORMAL,No Incident,0.0,LOW
2026-01-03 11:19:00,37.00783636554176,69.30400775764244,130.10786752440927,2.134907116338128,0,NORMAL,No Incident,0.0,LOW
2026-01-03 11:20:00,52.32786742940164,56.790326347642576,121.01827391070944,1.4055863014220271,0,NORMAL,No Incident,0.0,LOW
2026-01-03 11:21:00,42.43236022984074,65.67679583506853,123.4080198812402,0.8549320835174601,0,NORMAL,No Incident,0.0,LOW
2026-01-03 11:22:00,28.100782950214462,67.42412527321349,82.28270764271582,0.1740989058873943,0,NORMAL,No Incident,0.0,LOW
2026-01-03 11:23:00,61.94592220513731,61.66793576460464,112.5487543885817,2.36358427384619,0,NORMAL,No Incident,0.0,LOW
2026-01-03 11:24:00,59.58385819842042,41.16413661842718,106.3729678712958,2.654641992824504,0,NORMAL,No Incident,0.0,LOW
2026-01-03 11:25:00,50.5166097685108,60.1460196868489,106.81880618970918,1.603303820034793,0,NORMAL,No Incident,0.0,LOW
2026-01-03 11:26:00,52.29074688205703,69.84368038207981,131.99157255627506,1.985029581969046,0,NORMAL,No Incident,0.0,LOW
2026-01-03 11:27:00,60.74318012715561,64.21984666422185,102.7898534698938,0.8295382907113762,0,NORMAL,No Incident,0.0,LOW
2026-01-03 11:28:00,52.24339656778083,63.56671100183397,107.9063829974518,2.132928464827501,0,NORMAL,No Incident,0.0,LOW
2026-01-03 11:29:00,59.040175547613146,46.22194452833985,78.25861508580968,2.4814953205671246,0,NORMAL,No Incident,0.0,LOW
2026-01-03 11:30:00,47.0251779912615,54.23635943459953,114.1175363924766,1.4648357328323622,0,NORMAL,No Incident,0.0,LOW
2026-01-03 11:31:00,63.119837385739466,63.29086104921152,98.2432490457276,3.69045266958584,0,NORMAL,No Incident,0.0,LOW
2026-01-03 11:32:00,53.20785725932684,63.28306621429513,121.58405857379287,1.1628936732530883,0,NORMAL,No Incident,0.0,LOW
2026-01-03 11:33:00,51.94051943605874,69.71733424106321,100.9778390651507,2.2834766040189822,0,NORMAL,No Incident,0.0,LOW
2026-01-03 11:34:00,37.29938911287968,58.84106595883125,122.09084491098432,2.8483172197046054,0,NORMAL,No Incident,0.0,LOW
2026-01-03 11:35:00,52.869558543017085,63.24659269339051,117.10628478515314,1.9227104998506173,0,NORMAL,No Incident,0.0,LOW
2026-01-03 11:36:00,41.68045082505549,60.13099393545035,153.44083546084642,1.8115231811055088,0,NORMAL,No Incident,0.0,LOW
2026-01-03 11:37:00,43.617172734715055,52.10445810798755,129.94435960906387,0.5711338495503377,0,NORMAL,No Incident,0.0,LOW
2026-01-03 11:38:00,41.84624371683879,41.95366935124202,83.20724254875394,3.3573414957162835,0,NORMAL,No Incident,0.0,LOW
2026-01-03 11:39:00,39.33765068100775,63.44807753704061,94.70222311794583,1.830106798332404,0,NORMAL,No Incident,0.0,LOW
2026-01-03 11:40:00,71.24771403016962,61.39157766730249,121.10416017984666,2.537365424934825,0,NORMAL,No Incident,0.0,LOW
2026-01-03 11:41:00,63.31339061988403,55.05459966319865,101.403041032147,2.6727204878601407,0,NORMAL,No Incident,0.0,LOW
2026-01-03 11:42:00,69.20367502144262,47.04661554787308,60.63263139528296,1.3717015079822468,0,NORMAL,No Incident,0.0,LOW
2026-01-03 11:43:00,37.77104980444436,65.03791611526991,146.99092627667486,1.802471395708785,0,NORMAL,No Incident,0.0,LOW
2026-01-03 11:44:00,50.712537499108926,57.87263940643558,134.40448033810816,3.334482350743504,0,NORMAL,No Incident,0.0,LOW
2026-01-03 11:45:00,37.06492374795904,64.45499777894517,130.41953746983543,0.882802334259555,0,NORMAL,No Incident,0.0,LOW
2026-01-03 11:46:00,43.04305122802936,74.91238824329406,107.8535390905817,4.127918074757257,0,NORMAL,No Incident,0.0,LOW
2026-01-03 11:47:00,40.81873016583425,42.86855295744236,128.5535354201986,1.255127214723726,0,NORMAL,No Incident,0.0,LOW
2026-01-03 11:48:00,62.395840064415616,54.40319353038109,105.91279351558236,0.8204825433594882,0,NORMAL,No Incident,0.0,LOW
2026-01-03 11:49:00,46.0377032189824,58.3249950935047,124.09714600435382,2.1323090206885347,0,NORMAL,No Incident,0.0,LOW
2026-01-03 11:50:00,60.68379333694016,71.6386093931732,101.58833548327046,4.208348264339871,0,NORMAL,No Incident,0.0,LOW
2026-01-03 11:51:00,56.04120889588518,46.90877584634812,150.3257690111203,0.0890340644077949,0,NORMAL,No Incident,0.0,LOW
2026-01-03 11:52:00,73.03638752104789,75.48688820544484,88.59526691836311,1.858984281510308,0,NORMAL,No Incident,0.0,LOW
2026-01-03 11:53:00,35.20555776860276,61.08684721253032,144.64567659021662,2.476265017256556,0,NORMAL,No Incident,0.0,LOW
2026-01-03 11:54:00,62.59233239786799,59.231994706129136,120.7783165603466,2.0336499585355314,0,NORMAL,No Incident,0.0,LOW
2026-01-03 11:55:00,61.46440870400728,58.41552189424875,110.2106600931602,2.3819216700030097,0,NORMAL,No Incident,0.0,LOW
2026-01-03 11:56:00,40.26621161972965,56.50989574255977,123.34005843391476,1.281966917827726,0,NORMAL,No Incident,0.0,LOW
2026-01-03 11:57:00,60.0713333647316,68.38493407415324,134.6669601435636,1.4002781540686189,0,NORMAL,No Incident,0.0,LOW
2026-01-03 11:58:00,53.361449630262285,51.45183396734049,147.33493473388793,1.8515773528408,0,NORMAL,No Incident,0.0,LOW
2026-01-03 11:59:00,47.72523740046592,62.76331345315083,126.26286046267064,0.8701119120972489,0,NORMAL,No Incident,0.0,LOW
2026-01-03 12:00:00,81.76064513028001,86.9265466743442,602.1860782947545,11.95531359855981,1,CRITICAL,High API Latency / Database Performance Issue,100.0,HIGH
2026-01-03 12:01:00,42.80890548550814,53.902932411887214,121.11260247531575,1.6112547063284983,0,NORMAL,No Incident,0.0,LOW
2026-01-03 12:02:00,70.49812095785926,80.68780140547116,156.33586473324746,1.5299548148451314,0,NORMAL,No Incident,0.0,LOW
2026-01-03 12:03:00,50.006828189574826,63.35240587802768,146.95356171025247,2.320506412598638,0,NORMAL,No Incident,0.0,LOW
2026-01-03 12:04:00,57.82130001531459,64.90612435728914,138.1752695624872,0.1793405068006961,0,NORMAL,No Incident,0.0,LOW
2026-01-03 12:05:00,42.09100618332447,69.1022142453493,135.91374040244773,1.7709098966168464,0,NORMAL,No Incident,0.0,LOW
2026-01-03 12:06:00,42.201470537783614,48.62920043745162,133.98900181213082,4.317353765614861,0,NORMAL,No Incident,0.0,LOW
2026-01-03 12:07:00,60.81984809249942,74.01833527297626,143.1750966901974,0.913890313674375,0,NORMAL,No Incident,0.0,LOW
2026-01-03 12:08:00,36.50423788448468,39.9283425720394,110.8674242855619,3.285500496484413,0,NORMAL,No Incident,0.0,LOW
2026-01-03 12:09:00,45.847862320947286,53.84986871969184,92.89827868449989,2.0546561209126986,0,NORMAL,No Incident,0.0,LOW
2026-01-03 12:10:00,50.34027411072232,56.3277466145688,121.38007001474122,1.3970421911185815,0,NORMAL,No Incident,0.0,LOW
2026-01-03 12:11:00,51.11372601840053,64.65378691976404,103.64836826444618,0.6793583404701935,0,NORMAL,No Incident,0.0,LOW
2026-01-03 12:12:00,48.20906714983844,61.7497461291319,98.89958489245632,2.139681965285232,0,NORMAL,No Incident,0.0,LOW
2026-01-03 12:13:00,53.958197810959234,58.66548207441286,105.59442846824136,3.4533971058146764,0,NORMAL,No Incident,0.0,LOW
2026-01-03 12:14:00,56.92855755817811,59.90402124297821,169.70627849067372,1.610788854803236,0,NORMAL,No Incident,0.0,LOW
2026-01-03 12:15:00,57.3463754545933,52.175815811819454,122.72249268151688,1.9190385752632264,0,NORMAL,No Incident,0.0,LOW
2026-01-03 12:16:00,40.14196191332174,48.02214084412661,127.23815672721976,3.010370850190332,0,NORMAL,No Incident,0.0,LOW
2026-01-03 12:17:00,47.15844902071203,65.81209297868848,95.55274385991493,2.3408707913462807,0,NORMAL,No Incident,0.0,LOW
2026-01-03 12:18:00,61.94762861876938,65.54964890028948,83.1249408241474,0.4277242202754214,0,NORMAL,No Incident,0.0,LOW
2026-01-03 12:19:00,58.94647187573872,72.67595500125647,103.61894713762388,2.0988872158551835,0,NORMAL,No Incident,0.0,LOW
2026-01-03 12:20:00,36.27140548518936,53.679863225478336,148.76391170417497,3.5122349106655983,0,NORMAL,No Incident,0.0,LOW
2026-01-03 12:21:00,53.514799003522015,65.54252168240738,126.68550932153042,1.9630588135325016,0,NORMAL,No Incident,0.0,LOW
2026-01-03 12:22:00,30.217747506251897,57.73034617308215,131.97190182888784,0.0,0,NORMAL,No Incident,0.0,LOW
2026-01-03 12:23:00,50.469349020603694,69.52379988154786,134.77132078404122,2.388214991591073,0,NORMAL,No Incident,0.0,LOW
2026-01-03 12:24:00,68.97767016745976,68.17570221342513,108.17301240403444,1.801543560455964,0,NORMAL,No Incident,0.0,LOW
2026-01-03 12:25:00,40.521072827310135,61.68967519379565,147.75931167946734,0.1709055860787831,0,NORMAL,No Incident,0.0,LOW
2026-01-03 12:26:00,41.65676954508418,57.283758746672106,107.34384801555636,0.3207919099462157,0,NORMAL,No Incident,0.0,LOW
2026-01-03 12:27:00,57.640297815728594,67.6874574288661,148.12464718525106,2.9751071432888088,0,NORMAL,No Incident,0.0,LOW
2026-01-03 12:28:00,34.571984847903536,65.17523618605253,128.84604312270682,1.26761725440492,0,NORMAL,No Incident,0.0,LOW
2026-01-03 12:29:00,43.67244970114961,54.52447678331054,84.21909691507355,1.092503619264008,0,NORMAL,No Incident,0.0,LOW
2026-01-03 12:30:00,55.96441137581753,49.37761061216455,105.0398102679893,1.9643614390683315,0,NORMAL,No Incident,0.0,LOW
2026-01-03 12:31:00,43.65714152310597,57.69173679454563,84.30122934255792,1.3557970016800611,0,NORMAL,No Incident,0.0,LOW
2026-01-03 12:32:00,87.64030012789028,100.0,643.2656426558842,12.100048627777744,1,CRITICAL,High API Latency / Database Performance Issue,100.0,HIGH
2026-01-03 12:33:00,57.44185710315035,69.1718972698643,119.50529158395196,1.7972799705633296,0,NORMAL,No Incident,0.0,LOW
2026-01-03 12:34:00,54.21546083536561,51.10138024263536,75.43315120100439,0.800004419906357,0,NORMAL,No Incident,0.0,LOW
2026-01-03 12:35:00,52.66818396295402,50.65794067280064,127.51493763439316,1.4888022014386153,0,NORMAL,No Incident,0.0,LOW
2026-01-03 12:36:00,46.60877720729961,70.1974707974359,109.2567147522336,2.4427533213091044,0,NORMAL,No Incident,0.0,LOW
2026-01-03 12:37:00,53.700611152689554,50.914912761937366,90.32388289933354,2.0419180402386257,0,NORMAL,No Incident,0.0,LOW
2026-01-03 12:38:00,48.76267319900244,64.07436258913606,153.55931673937394,1.918057517608169,0,NORMAL,No Incident,0.0,LOW
2026-01-03 12:39:00,54.57805609925785,55.07143027730941,122.14571732193156,3.9373842411793847,0,NORMAL,No Incident,0.0,LOW
2026-01-03 12:40:00,45.03067974882022,72.93635939617346,114.13137195373376,2.731037525385536,0,NORMAL,No Incident,0.0,LOW
2026-01-03 12:41:00,48.17431025620459,53.83660160689697,112.01150438027966,2.8524412648213424,0,NORMAL,No Incident,0.0,LOW
2026-01-03 12:42:00,40.10042207447986,69.14689224164663,89.73441061684456,1.8340315922050752,0,NORMAL,No Incident,0.0,LOW
2026-01-03 12:43:00,49.64992389993764,61.478869232482914,93.9090220083178,2.2201451903512748,0,NORMAL,No Incident,0.0,LOW
2026-01-03 12:44:00,41.88999136371155,62.0175588338743,145.69833569750168,1.5689000104743072,0,NORMAL,No Incident,0.0,LOW
2026-01-03 12:45:00,38.85953549838007,44.23753134918879,110.52234260428564,2.777549765524128,0,NORMAL,No Incident,0.0,LOW
2026-01-03 12:46:00,52.58661147855389,42.37669317435425,120.44135401873729,1.8896000959009565,0,NORMAL,No Incident,0.0,LOW
2026-01-03 12:47:00,52.127397758576606,58.235472477861485,79.1133904759785,2.2223777489305565,0,NORMAL,No Incident,0.0,LOW
2026-01-03 12:48:00,57.82873734948573,61.97524850733289,93.63815928408988,2.1606113021551683,0,NORMAL,No Incident,0.0,LOW
2026-01-03 12:49:00,45.68874430424901,50.99841737809821,132.19625039749505,1.9818331185945453,0,NORMAL,No Incident,0.0,LOW
2026-01-03 12:50:00,54.08052846836756,51.290452716189264,127.55423520227669,4.93818806715577,0,NORMAL,No Incident,0.0,LOW
2026-01-03 12:51:00,55.50797572273663,64.49178103860906,155.06750397448633,1.3333807225052774,0,NORMAL,No Incident,0.0,LOW
2026-01-03 12:52:00,54.44773807831595,64.50283584365704,146.85912663262454,1.3242884698413078,0,NORMAL,No Incident,0.0,LOW
2026-01-03 12:53:00,41.743463171978576,58.898071516896586,115.38578055030354,2.694096746811757,0,NORMAL,No Incident,0.0,LOW
2026-01-03 12:54:00,51.49363482271189,66.2416137694886,129.4590712942654,1.4048310009248208,0,NORMAL,No Incident,0.0,LOW
2026-01-03 12:55:00,53.64140296054661,50.60638163423883,113.66793114193852,1.7085936386511067,0,NORMAL,No Incident,0.0,LOW
2026-01-03 12:56:00,50.07178466907942,57.15252066330424,161.09619637277297,0.913589046644382,0,NORMAL,No Incident,0.0,LOW
2026-01-03 12:57:00,29.13522341628916,73.18302084626939,142.980293921048,2.4915579194025868,0,NORMAL,No Incident,0.0,LOW
2026-01-03 12:58:00,51.6048962397348,60.54657703951854,123.39370181715502,2.5042572444841515,0,NORMAL,No Incident,0.0,LOW
2026-01-03 12:59:00,72.12531039397243,61.010500116696,124.00789569752703,1.6848079400765554,0,NORMAL,No Incident,0.0,LOW
2026-01-03 13:00:00,46.39960731243017,78.44757268774191,148.89700574519617,2.7148166884800724,0,NORMAL,No Incident,0.0,LOW
2026-01-03 13:01:00,42.71922902144679,48.80526267320983,131.59155694227695,0.1418749862664083,0,NORMAL,No Incident,0.0,LOW
2026-01-03 13:02:00,53.73348559711398,66.37144293313688,151.17256034140172,1.2931465984856565,0,NORMAL,No Incident,0.0,LOW
2026-01-03 13:03:00,53.12378210466572,73.3118902384648,76.12704147482253,1.8300208137890688,0,NORMAL,No Incident,0.0,LOW
2026-01-03 13:04:00,61.92735165416414,57.40113658801163,129.22456522997595,0.8277175030970472,0,NORMAL,No Incident,0.0,LOW
2026-01-03 13:05:00,37.42131844091112,66.87704629483876,109.6913027063723,0.2512869625812779,0,NORMAL,No Incident,0.0,LOW
2026-01-03 13:06:00,57.31380252574992,52.14384402231276,155.12755975255985,1.6921040349615528,0,NORMAL,No Incident,0.0,LOW
2026-01-03 13:07:00,55.90422061251464,54.50614083546119,150.9279737437966,2.694020087060742,0,NORMAL,No Incident,0.0,LOW
2026-01-03 13:08:00,48.57853463059454,63.07973132838107,120.65671618202612,3.282108391426512,0,NORMAL,No Incident,0.0,LOW
2026-01-03 13:09:00,53.3868731792169,66.38853338488472,150.71261957622062,1.452712116794627,0,NORMAL,No Incident,0.0,LOW
2026-01-03 13:10:00,60.29457481598357,68.96749209924997,155.66229039985012,2.733215837621594,0,NORMAL,No Incident,0.0,LOW
2026-01-03 13:11:00,58.72315380028451,72.55702869551594,121.48813343852296,2.6365420380756674,0,NORMAL,No Incident,0.0,LOW
2026-01-03 13:12:00,38.56980687926272,59.460427531558544,169.43867544863716,3.2186081743344968,0,NORMAL,No Incident,0.0,LOW
2026-01-03 13:13:00,58.20158186755484,69.5488940413807,119.37317694660555,1.6498089696459983,0,NORMAL,No Incident,0.0,LOW
2026-01-03 13:14:00,49.353113949674814,57.26156125240681,115.70958099328182,0.2014995048153258,0,NORMAL,No Incident,0.0,LOW
2026-01-03 13:15:00,50.72874098015515,67.21673049270615,137.31745177168688,2.0701858524227448,0,NORMAL,No Incident,0.0,LOW
2026-01-03 13:16:00,50.73196991001694,61.65991038281746,112.92418537715372,0.9862062590302768,0,NORMAL,No Incident,0.0,LOW
2026-01-03 13:17:00,48.4975701120174,63.56542325665539,121.70679551589788,1.2764948909379925,0,NORMAL,No Incident,0.0,LOW
2026-01-03 13:18:00,61.91707497107065,63.3880629921763,148.1886884810182,1.6987808559468176,0,NORMAL,No Incident,0.0,LOW
2026-01-03 13:19:00,49.16282040150788,47.1623599216175,120.3843770443454,1.661072368650857,0,NORMAL,No Incident,0.0,LOW
2026-01-03 13:20:00,38.80453871616831,51.00702512911381,86.09964414049385,2.1415592668957943,0,NORMAL,No Incident,0.0,LOW
2026-01-03 13:21:00,46.06470144030271,60.82033151854018,127.34638775698392,2.703156316419617,0,NORMAL,No Incident,0.0,LOW
2026-01-03 13:22:00,51.78694716810475,46.50176736287065,106.0741284189521,1.6322644167240337,0,NORMAL,No Incident,0.0,LOW
2026-01-03 13:23:00,62.29214784297051,66.64968882559805,137.30542314589093,2.3956975066080046,0,NORMAL,No Incident,0.0,LOW
2026-01-03 13:24:00,56.03094684948834,66.97244773030513,133.92379431652492,2.014816009930505,0,NORMAL,No Incident,0.0,LOW
2026-01-03 13:25:00,41.49464721252956,62.61736442302232,149.42800696333043,2.9354943958784454,0,NORMAL,No Incident,0.0,LOW
2026-01-03 13:26:00,74.85189916678891,51.03092789793662,138.15064601585394,1.8114081488936835,0,NORMAL,No Incident,0.0,LOW
2026-01-03 13:27:00,52.6477531097798,71.04111151094811,141.8048856731613,1.9210733242254443,0,NORMAL,No Incident,0.0,LOW
2026-01-03 13:28:00,62.75390737999015,76.29768511774687,106.61806479724574,1.6255995520010933,0,NORMAL,No Incident,0.0,LOW
2026-01-03 13:29:00,48.482855664227706,61.17661461956779,136.07972991781006,1.8377514600415048,0,NORMAL,No Incident,0.0,LOW
2026-01-03 13:30:00,55.33359244705449,64.08428302760989,159.3690257872058,1.216511871654126,0,NORMAL,No Incident,0.0,LOW
2026-01-03 13:31:00,58.39468504518405,61.61390923836835,106.22700182726466,1.1174027138564866,0,NORMAL,No Incident,0.0,LOW
2026-01-03 13:32:00,62.18194711754256,64.2429535119904,155.99476583454197,2.775765385282725,0,NORMAL,No Incident,0.0,LOW
2026-01-03 13:33:00,60.57368305378225,59.04352994698883,109.0129981759734,0.9167983168153986,0,NORMAL,No Incident,0.0,LOW
2026-01-03 13:34:00,58.721970000729776,59.723486081249575,102.96057509900052,1.6808819103020969,0,NORMAL,No Incident,0.0,LOW
2026-01-03 13:35:00,46.84913268805892,67.24574080397892,125.92400886709676,3.0153427862709963,0,NORMAL,No Incident,0.0,LOW
2026-01-03 13:36:00,44.28253958043938,78.76499329517152,134.3182083225762,1.6472992049963928,0,NORMAL,No Incident,0.0,LOW
2026-01-03 13:37:00,53.326075103241976,48.79943012478609,138.2350024794453,2.828740453685575,0,NORMAL,No Incident,0.0,LOW
2026-01-03 13:38:00,59.33128072341069,59.16950012477626,100.76475158453596,1.4089542792731584,0,NORMAL,No Incident,0.0,LOW
2026-01-03 13:39:00,47.77279299223393,50.55631611814334,128.6908019450858,0.948836393649806,0,NORMAL,No Incident,0.0,LOW
2026-01-03 13:40:00,60.651719657143865,72.73619918860867,106.2889085703299,0.4051741450991792,0,NORMAL,No Incident,0.0,LOW
2026-01-03 13:41:00,64.52616745486179,55.29809624544081,90.22155487858846,3.3127240692726616,0,NORMAL,No Incident,0.0,LOW
2026-01-03 13:42:00,40.83679080926581,48.45439364971365,101.42527368934432,0.8631288183655845,0,NORMAL,No Incident,0.0,LOW
2026-01-03 13:43:00,41.630792962037205,65.10549599078858,104.98199268088364,2.7471865901250934,0,NORMAL,No Incident,0.0,LOW
2026-01-03 13:44:00,48.59624941094663,73.95448891794489,130.43190320705014,1.0000529732066177,0,NORMAL,No Incident,0.0,LOW
2026-01-03 13:45:00,53.07612668189197,65.3087829484861,143.04427326137338,3.317383917939821,0,NORMAL,No Incident,0.0,LOW
2026-01-03 13:46:00,84.75432986232948,91.63838301825534,590.5358674024947,14.2067827246151,1,CRITICAL,High Memory Usage / Possible Memory Leak,100.0,HIGH
2026-01-03 13:47:00,63.52202678867144,63.27312738220795,127.03922148416112,0.3134699403096632,0,NORMAL,No Incident,0.0,LOW
2026-01-03 13:48:00,54.24066861518451,71.31872530260443,96.46603628458188,0.9152435658411862,0,NORMAL,No Incident,0.0,LOW
2026-01-03 13:49:00,50.39447048240739,53.0064058398868,132.58170818028,2.7731318638032247,0,NORMAL,No Incident,0.0,LOW
2026-01-03 13:50:00,35.64090476131472,59.1052231673095,107.54538837992504,2.513042923365815,0,NORMAL,No Incident,0.0,LOW
2026-01-03 13:51:00,36.84184183572493,56.378478811923735,98.97341963953444,2.776921854760192,0,NORMAL,No Incident,0.0,LOW
2026-01-03 13:52:00,52.81009250281807,50.65707754166632,135.9932903069515,1.426244449595624,0,NORMAL,No Incident,0.0,LOW
2026-01-03 13:53:00,28.67404373845164,57.37299792466558,108.2615478910981,3.987534161023367,0,NORMAL,No Incident,0.0,LOW
2026-01-03 13:54:00,60.12637409644071,68.86176876785959,113.68072097294603,2.1180494666897745,0,NORMAL,No Incident,0.0,LOW
2026-01-03 13:55:00,48.4184615562768,64.5328171871418,75.60021824887247,0.7830374231564803,0,NORMAL,No Incident,0.0,LOW
2026-01-03 13:56:00,82.43092969594733,65.15448400086561,138.93102722846947,1.746851499957055,0,NORMAL,No Incident,0.0,LOW
2026-01-03 13:57:00,73.07916250616111,61.17180489322654,136.41817042338215,0.7964331037711674,0,NORMAL,No Incident,0.0,LOW
2026-01-03 13:58:00,48.18550930752483,64.18659026182871,120.10915688562628,3.590941358554105,0,NORMAL,No Incident,0.0,LOW
2026-01-03 13:59:00,48.93662997468685,53.59527726121516,89.44838117288482,1.3396687371998834,0,NORMAL,No Incident,0.0,LOW
2026-01-03 14:00:00,59.9558151400203,57.52392091258216,144.18738356669525,2.4924834847446222,0,NORMAL,No Incident,0.0,LOW
2026-01-03 14:01:00,67.03172609918037,61.53603389574941,106.67473227278418,1.5293268550178198,0,NORMAL,No Incident,0.0,LOW
2026-01-03 14:02:00,33.61970942563983,62.22012687105512,110.93293099798824,1.384612690237487,0,NORMAL,No Incident,0.0,LOW
2026-01-03 14:03:00,32.13624534645314,62.56150283937498,166.24088112719062,0.0897458187189492,0,NORMAL,No Incident,0.0,LOW
2026-01-03 14:04:00,43.77965194445618,58.89331774386898,105.9272711178154,2.598174602990567,0,NORMAL,No Incident,0.0,LOW
2026-01-03 14:05:00,55.82737583173864,56.980612790957366,134.84419924853,3.299181252629184,0,NORMAL,No Incident,0.0,LOW
2026-01-03 14:06:00,54.96873590507597,85.26217026435438,131.24184524165236,1.0840324186348482,0,NORMAL,No Incident,0.0,LOW
2026-01-03 14:07:00,60.6977145498385,67.25429818345918,127.8034438576017,0.4547708850013288,0,NORMAL,No Incident,0.0,LOW
2026-01-03 14:08:00,38.003024716346914,63.30517980762098,125.64001085109022,2.803316042737829,0,NORMAL,No Incident,0.0,LOW
2026-01-03 14:09:00,26.83856137031124,58.13433201434885,127.52777123778398,0.3537586508937489,0,NORMAL,No Incident,0.0,LOW
2026-01-03 14:10:00,58.58014195302145,56.390249384448985,125.4388118188108,3.2195329359482585,0,NORMAL,No Incident,0.0,LOW
2026-01-03 14:11:00,41.71803727034765,58.95359525018436,118.96163282447878,1.0956048770453797,0,NORMAL,No Incident,0.0,LOW
2026-01-03 14:12:00,29.81512135611362,62.342630748693466,150.22566248221483,0.8967072571753736,0,NORMAL,No Incident,0.0,LOW
2026-01-03 14:13:00,51.45063745959381,44.95651564749535,93.74678878401444,2.248462421131292,0,NORMAL,No Incident,0.0,LOW
2026-01-03 14:14:00,57.931756882186775,47.44488323700253,140.42916208030752,0.9618607149885624,0,NORMAL,No Incident,0.0,LOW
2026-01-03 14:15:00,48.77942867878723,54.90494088848834,136.44684597375104,1.292888918706791,0,NORMAL,No Incident,0.0,LOW
2026-01-03 14:16:00,45.42151613817511,61.65711549422855,133.96798242658804,2.3539819326710067,0,NORMAL,No Incident,0.0,LOW
2026-01-03 14:17:00,48.406377678540935,58.08581482278519,142.33958855280258,0.0,0,NORMAL,No Incident,0.0,LOW
2026-01-03 14:18:00,46.29417237599217,71.82496980879587,118.14801209463214,3.6424192459283216,0,NORMAL,No Incident,0.0,LOW
2026-01-03 14:19:00,36.51952888059833,48.14082570403385,82.62051848346246,2.043640132465738,0,NORMAL,No Incident,0.0,LOW
2026-01-03 14:20:00,42.85319323009568,53.98923624317304,118.55414680571027,0.707033987596472,0,NORMAL,No Incident,0.0,LOW
2026-01-03 14:21:00,55.21279905013815,72.16073392792882,100.17611564750892,0.9827546307131584,0,NORMAL,No Incident,0.0,LOW
2026-01-03 14:22:00,53.216785413765,61.04895459740118,105.36281580283872,2.991646378260802,0,NORMAL,No Incident,0.0,LOW
2026-01-03 14:23:00,51.6805980596682,67.07874066240927,95.15160652335176,2.601052935074104,0,NORMAL,No Incident,0.0,LOW
2026-01-03 14:24:00,40.04851518146621,76.4099755461557,110.45310283112332,3.386780657285211,0,NORMAL,No Incident,0.0,LOW
2026-01-03 14:25:00,48.184968378643326,54.44956465678542,108.06752612033102,1.3172571551957653,0,NORMAL,No Incident,0.0,LOW
2026-01-03 14:26:00,28.22934953557145,59.20548529766374,72.44860340145794,2.296583837150803,0,NORMAL,No Incident,0.0,LOW
2026-01-03 14:27:00,51.784766638853895,57.82058479255303,134.00443822564577,2.4265679117836774,0,NORMAL,No Incident,0.0,LOW
2026-01-03 14:28:00,64.28857707813567,44.3632559641338,164.40643716009765,2.695267500252237,0,NORMAL,No Incident,0.0,LOW
2026-01-03 14:29:00,35.25867867957894,57.516825569952246,132.12474386992577,3.127281123432069,0,NORMAL,No Incident,0.0,LOW
2026-01-03 14:30:00,44.14072326682245,67.04849749904533,115.94152086931544,1.282736094155653,0,NORMAL,No Incident,0.0,LOW
2026-01-03 14:31:00,53.2910677871013,64.32471633449792,118.90507208647568,1.8858297322395192,0,NORMAL,No Incident,0.0,LOW
2026-01-03 14:32:00,62.528426344274834,64.95266535510407,111.58028263973648,1.389850254419855,0,NORMAL,No Incident,0.0,LOW
2026-01-03 14:33:00,45.51775383699851,56.995928154884005,121.80083167733916,1.9473881266436244,0,NORMAL,No Incident,0.0,LOW
2026-01-03 14:34:00,43.07749670734104,54.75122211195487,119.25983811853531,2.698432782062975,0,NORMAL,No Incident,0.0,LOW
2026-01-03 14:35:00,30.31076857583917,70.15404537518896,103.17903139203412,0.3459644997392976,0,NORMAL,No Incident,0.0,LOW
2026-01-03 14:36:00,51.03438129308106,56.02146282913864,153.6577677789566,3.1093715694592854,0,NORMAL,No Incident,0.0,LOW
2026-01-03 14:37:00,70.42076040143743,62.35265631034572,90.25691528580458,0.8608178757362503,0,NORMAL,No Incident,0.0,LOW
2026-01-03 14:38:00,52.77358461964676,61.30667744542031,134.36663086388492,1.6926296803027685,0,NORMAL,No Incident,0.0,LOW
2026-01-03 14:39:00,49.77721020816287,71.69373613005695,117.97604745364936,3.2439419249661245,0,NORMAL,No Incident,0.0,LOW
2026-01-03 14:40:00,53.22082310766986,67.77129886137888,158.0166363013149,2.3280097179834054,0,NORMAL,No Incident,0.0,LOW
2026-01-03 14:41:00,49.88907996051398,49.63793103466303,126.81729198496444,2.33952994826366,0,NORMAL,No Incident,0.0,LOW
2026-01-03 14:42:00,41.8698562773987,50.49957466579968,112.80188925633504,0.8193739547048893,0,NORMAL,No Incident,0.0,LOW
2026-01-03 14:43:00,58.232799156777055,64.63127854455307,115.04585603131004,0.9559140641761592,0,NORMAL,No Incident,0.0,LOW
2026-01-03 14:44:00,52.25761523111754,59.48529882096667,120.79813389039522,2.941256396668919,0,NORMAL,No Incident,0.0,LOW
2026-01-03 14:45:00,50.176132519336576,56.35862572836989,97.14418610007198,1.4108564545156104,0,NORMAL,No Incident,0.0,LOW
2026-01-03 14:46:00,40.2463397272175,68.12502307195577,104.66260949764175,1.5050881267001506,0,NORMAL,No Incident,0.0,LOW
2026-01-03 14:47:00,63.03507931934759,61.49967505671129,84.30112061616285,2.963951251054712,0,NORMAL,No Incident,0.0,LOW
2026-01-03 14:48:00,56.6470274533311,60.41965909511555,101.54046203251812,0.9500864546304726,0,NORMAL,No Incident,0.0,LOW
2026-01-03 14:49:00,44.47079162632698,66.2386291260404,121.878129633209,2.269235132886258,0,NORMAL,No Incident,0.0,LOW
2026-01-03 14:50:00,60.01824853681937,56.99912804045148,126.00350098569042,2.042907326167692,0,NORMAL,No Incident,0.0,LOW
2026-01-03 14:51:00,45.02429161614793,72.54815188378043,80.41340610007197,1.9973142741367576,0,NORMAL,No Incident,0.0,LOW
2026-01-03 14:52:00,42.17996507488963,53.695619014135936,117.255765939116,1.481564368122496,0,NORMAL,No Incident,0.0,LOW
2026-01-03 14:53:00,42.40296882519713,65.2554325307367,131.26819901644265,1.4201448185366716,0,NORMAL,No Incident,0.0,LOW
2026-01-03 14:54:00,32.28931446911909,71.47066270927876,116.74175613247527,0.9216358362051348,0,NORMAL,No Incident,0.0,LOW
2026-01-03 14:55:00,94.71542380418204,78.9816360858232,607.324227084444,12.482665026041309,1,CRITICAL,High API Latency / Database Performance Issue,100.0,HIGH
2026-01-03 14:56:00,31.6885512166165,57.25331859318041,111.75677709903572,1.331850808483264,0,NORMAL,No Incident,0.0,LOW
2026-01-03 14:57:00,37.71556168734237,69.13765914308446,109.18473290045556,2.9687446211672515,0,NORMAL,No Incident,0.0,LOW
2026-01-03 14:58:00,29.244119909214668,69.2579563818482,107.26538881783884,1.775444958409347,0,NORMAL,No Incident,0.0,LOW
2026-01-03 14:59:00,49.13930307209107,58.62803519689409,123.47647050489697,0.9415495105789622,0,NORMAL,No Incident,0.0,LOW
2026-01-03 15:00:00,48.49679539728128,54.12263125058512,166.15376455470903,1.7621861178515794,0,NORMAL,No Incident,0.0,LOW
2026-01-03 15:01:00,46.73303786813636,67.6474865786461,105.12600166189634,1.5891428008635256,0,NORMAL,No Incident,0.0,LOW
2026-01-03 15:02:00,39.57422305329423,69.46839282065284,113.63714734677146,3.0091034117280526,0,NORMAL,No Incident,0.0,LOW
2026-01-03 15:03:00,38.2776624656336,50.68269321190084,118.96604121249536,1.6309998107484678,0,NORMAL,No Incident,0.0,LOW
2026-01-03 15:04:00,54.64369863546574,50.36869080826896,106.25291131283412,1.7237896187996742,0,NORMAL,No Incident,0.0,LOW
2026-01-03 15:05:00,44.494480682915125,61.8020534558688,141.96471607046854,3.4115467054924355,0,NORMAL,No Incident,0.0,LOW
2026-01-03 15:06:00,53.16358321536145,65.03488506743113,72.58229253387124,2.508267321463349,0,NORMAL,No Incident,0.0,LOW
2026-01-03 15:07:00,41.14751313875777,57.60744731815956,109.37881659242647,3.662706016003496,0,NORMAL,No Incident,0.0,LOW
2026-01-03 15:08:00,51.81062742771083,65.4343505598588,136.36627472639924,3.259045004063905,0,NORMAL,No Incident,0.0,LOW
2026-01-03 15:09:00,63.03278037316064,54.31890714530094,114.11811383222732,1.1128374116371456,0,NORMAL,No Incident,0.0,LOW
2026-01-03 15:10:00,55.86165800392784,43.08245120741012,103.58322082299418,2.989950854400108,0,NORMAL,No Incident,0.0,LOW
2026-01-03 15:11:00,45.8758618178352,56.608791421339234,128.8151350887753,3.525303292074592,0,NORMAL,No Incident,0.0,LOW
2026-01-03 15:12:00,52.57198970355928,60.50585717210481,138.12686470794304,3.53281313232342,0,NORMAL,No Incident,0.0,LOW
2026-01-03 15:13:00,47.59334825469787,57.793280320828345,124.21270890430117,2.988095983576687,0,NORMAL,No Incident,0.0,LOW
2026-01-03 15:14:00,50.07880184694728,50.73117389072412,103.97559280374232,2.967522994909176,0,NORMAL,No Incident,0.0,LOW
2026-01-03 15:15:00,46.743889478514966,45.47480819296946,129.12406638303486,1.6973389563244503,0,NORMAL,No Incident,0.0,LOW
2026-01-03 15:16:00,48.356647941146086,55.88728956505682,111.9590139945042,1.1626179156504253,0,NORMAL,No Incident,0.0,LOW
2026-01-03 15:17:00,52.12093353074175,67.18124617319795,134.90373763787656,1.6477826811025431,0,NORMAL,No Incident,0.0,LOW
2026-01-03 15:18:00,40.06641300418049,70.04957951530946,149.6651776971318,0.3352109985672371,0,NORMAL,No Incident,0.0,LOW
2026-01-03 15:19:00,39.84121173010021,69.50170707310764,67.88846488622934,3.3427953154217054,0,NORMAL,No Incident,0.0,LOW
2026-01-03 15:20:00,36.11457446168789,53.47272371881158,122.22134946391266,1.716707040582288,0,NORMAL,No Incident,0.0,LOW
2026-01-03 15:21:00,33.9972889549629,50.77034941095709,85.28532126104746,3.29133072906496,0,NORMAL,No Incident,0.0,LOW
2026-01-03 15:22:00,37.82717307779521,63.973076919839166,168.8357717065954,0.7685004227784005,0,NORMAL,No Incident,0.0,LOW
2026-01-03 15:23:00,51.59462506804129,65.0808000927834,110.6375093240762,3.0826249210022105,0,NORMAL,No Incident,0.0,LOW
2026-01-03 15:24:00,41.07212484508116,63.20135684160398,134.92746483650745,1.5051193418206803,0,NORMAL,No Incident,0.0,LOW
2026-01-03 15:25:00,55.13614464231096,43.88749380609789,119.29366280810208,0.7156305916908259,0,NORMAL,No Incident,0.0,LOW
2026-01-03 15:26:00,50.34713748752562,53.064923320932266,103.9383083856188,3.6271180521597577,0,NORMAL,No Incident,0.0,LOW
2026-01-03 15:27:00,30.314957865619466,59.762489677712175,101.55893905645146,3.107311669340774,0,NORMAL,No Incident,0.0,LOW
2026-01-03 15:28:00,56.549755842216896,63.897745557043415,151.71358346201518,2.2117924201857844,0,NORMAL,No Incident,0.0,LOW
2026-01-03 15:29:00,58.1079864559171,66.1384589008199,139.1187612035662,2.033937885134963,0,NORMAL,No Incident,0.0,LOW
2026-01-03 15:30:00,40.06137325165147,61.15402817825632,158.87168174755126,2.439510018819118,0,NORMAL,No Incident,0.0,LOW
2026-01-03 15:31:00,94.20191542894992,92.64627045230588,621.109066703154,12.194628577917412,1,CRITICAL,High API Latency / Database Performance Issue,100.0,HIGH
2026-01-03 15:32:00,41.43501762590801,60.67892366688884,125.75839242492,1.2077240458285288,0,NORMAL,No Incident,0.0,LOW
2026-01-03 15:33:00,50.97670376748336,65.48495499374786,114.65616868689423,1.587947730215078,0,NORMAL,No Incident,0.0,LOW
2026-01-03 15:34:00,37.35501593045034,62.50292521192729,114.25835593769982,3.960717832038703,0,NORMAL,No Incident,0.0,LOW
2026-01-03 15:35:00,32.06893547465423,60.5259012803783,99.16226135045264,4.6721567426280135,0,NORMAL,No Incident,0.0,LOW
2026-01-03 15:36:00,46.17182810387031,57.85304960690095,121.68020381848704,3.562668505230683,0,NORMAL,No Incident,0.0,LOW
2026-01-03 15:37:00,48.76271053725164,60.65033140033985,104.21506810227606,2.478223940162623,0,NORMAL,No Incident,0.0,LOW
2026-01-03 15:38:00,46.02320306385396,63.8767310307142,128.83817844328405,1.662250967298065,0,NORMAL,No Incident,0.0,LOW
2026-01-03 15:39:00,38.1596944177744,62.13980311118449,123.4002043796042,1.201814106103034,0,NORMAL,No Incident,0.0,LOW
2026-01-03 15:40:00,46.00100937868863,63.04661134676203,125.75364087351444,1.2677175895697976,0,NORMAL,No Incident,0.0,LOW
2026-01-03 15:41:00,52.69294752580734,70.74177489080948,153.5025987938045,1.4467323413132394,0,NORMAL,No Incident,0.0,LOW
2026-01-03 15:42:00,49.55106969877463,62.1213113819727,119.24564100468818,4.151164041425769,0,NORMAL,No Incident,0.0,LOW
2026-01-03 15:43:00,51.82501030599214,54.80801183621474,135.13454005706856,3.806282296382599,0,NORMAL,No Incident,0.0,LOW
2026-01-03 15:44:00,43.29884799545767,67.06885428795336,161.0301892817116,2.746278389935394,0,NORMAL,No Incident,0.0,LOW
2026-01-03 15:45:00,61.7171791471616,49.07041329864866,146.13234138590096,1.039386823587174,0,NORMAL,No Incident,0.0,LOW
2026-01-03 15:46:00,38.2382666344522,51.348692954085706,143.0633939690969,2.8930559267110363,0,NORMAL,No Incident,0.0,LOW
2026-01-03 15:47:00,54.87560297086719,62.68677811776056,113.86623568959,1.761382971489395,0,NORMAL,No Incident,0.0,LOW
2026-01-03 15:48:00,61.81891092959962,64.13117334229263,124.59286111135592,0.0,0,NORMAL,No Incident,0.0,LOW
2026-01-03 15:49:00,54.80908092748896,50.03959021196804,93.63447415940117,2.2871006374012595,0,NORMAL,No Incident,0.0,LOW
2026-01-03 15:50:00,47.9747577293517,56.937460152106,129.9782880192883,1.1580869591659448,0,NORMAL,No Incident,0.0,LOW
2026-01-03 15:51:00,44.71702953337021,55.15132934224273,125.48920355227683,1.1919465709099628,0,NORMAL,No Incident,0.0,LOW
2026-01-03 15:52:00,60.36087651046256,56.10658941694722,120.46770250312362,1.7495920064319923,0,NORMAL,No Incident,0.0,LOW
2026-01-03 15:53:00,35.77025074738327,67.54878221018356,140.5438957648572,1.5016770270575872,0,NORMAL,No Incident,0.0,LOW
2026-01-03 15:54:00,40.29875739620356,65.65204370837802,95.84450355151208,1.965743180895992,0,NORMAL,No Incident,0.0,LOW
2026-01-03 15:55:00,46.02442234508278,59.84702256117034,152.69725702320693,1.9176694499827944,0,NORMAL,No Incident,0.0,LOW
2026-01-03 15:56:00,62.37653757511998,55.632304583080575,138.03529375880566,0.1241909071523685,0,NORMAL,No Incident,0.0,LOW
2026-01-03 15:57:00,53.79767636040896,49.20280263823888,118.58732040696052,3.520277988882833,0,NORMAL,No Incident,0.0,LOW
2026-01-03 15:58:00,40.31954241489755,71.36147951025559,117.02540824365212,1.0166232770513202,0,NORMAL,No Incident,0.0,LOW
2026-01-03 15:59:00,46.896922946150966,64.73691120227934,129.61222430497187,1.047601614869527,0,NORMAL,No Incident,0.0,LOW
2026-01-03 16:00:00,43.85676855903706,54.34664716741488,150.4170246412756,1.6714467482097026,0,NORMAL,No Incident,0.0,LOW
2026-01-03 16:01:00,42.90211007766465,65.75679598099913,122.0321543738002,1.8916651526307056,0,NORMAL,No Incident,0.0,LOW
2026-01-03 16:02:00,59.78889558556779,59.43821103540299,122.88061803958452,3.458979816831839,0,NORMAL,No Incident,0.0,LOW
2026-01-03 16:03:00,36.28256870736495,57.703123961101255,120.36236955251742,2.2694234520549013,0,NORMAL,No Incident,0.0,LOW
2026-01-03 16:04:00,66.08780855734373,63.48169222631682,155.64048225402945,2.5664654841095342,0,NORMAL,No Incident,0.0,LOW
2026-01-03 16:05:00,58.28229690184623,54.0680140006982,112.62233794125952,2.2745361875832817,0,NORMAL,No Incident,0.0,LOW
2026-01-03 16:06:00,60.90861670603698,57.24994784391912,119.40984802761858,2.231461582498773,0,NORMAL,No Incident,0.0,LOW
2026-01-03 16:07:00,45.37060487974742,60.97168851359637,149.2687130852199,2.309729503087009,0,NORMAL,No Incident,0.0,LOW
2026-01-03 16:08:00,48.5005928092089,56.00439045691829,122.94021667225726,0.0672658574310614,0,NORMAL,No Incident,0.0,LOW
2026-01-03 16:09:00,35.66848185475288,65.35268168214019,142.74117720091044,1.7500815151604714,0,NORMAL,No Incident,0.0,LOW
2026-01-03 16:10:00,44.753375929331966,74.95253202942608,101.77439886194082,3.1622611105711576,0,NORMAL,No Incident,0.0,LOW
2026-01-03 16:11:00,54.93654847643151,53.96561493914286,115.89414956742972,5.942331010806686,0,NORMAL,No Incident,0.0,LOW
2026-01-03 16:12:00,62.96063061781396,46.67899762956765,149.68868076880457,0.79569106746049,0,NORMAL,No Incident,0.0,LOW
2026-01-03 16:13:00,38.92843183197549,43.986078660189904,106.4732056847291,2.423079960324353,0,NORMAL,No Incident,0.0,LOW
2026-01-03 16:14:00,46.34494063014734,58.796254868040144,116.97401920460584,1.4289534221256583,0,NORMAL,No Incident,0.0,LOW
2026-01-03 16:15:00,48.48700779767478,54.69468327899054,125.13370461782958,4.047651903896849,0,NORMAL,No Incident,0.0,LOW
2026-01-03 16:16:00,36.04210797807515,61.66288400853664,100.21690964014029,0.6462172392085186,0,NORMAL,No Incident,0.0,LOW
2026-01-03 16:17:00,55.913492417584,61.06078137620881,111.72379762756206,2.62493949031588,0,NORMAL,No Incident,0.0,LOW
2026-01-03 16:18:00,42.76009668257391,47.17426522708723,122.2527336365128,0.59278890049581,0,NORMAL,No Incident,0.0,LOW
2026-01-03 16:19:00,48.04609648822976,45.48092936414875,120.93363468323922,1.6814333319391674,0,NORMAL,No Incident,0.0,LOW
2026-01-03 16:20:00,45.48050628088122,62.36746592276876,145.6070404167427,1.965686669250191,0,NORMAL,No Incident,0.0,LOW
2026-01-03 16:21:00,42.106614942803255,61.08343067775966,150.82914389664506,3.069691681739608,0,NORMAL,No Incident,0.0,LOW
2026-01-03 16:22:00,49.929550145194455,56.59345601306759,102.87830255998178,0.922833173841472,0,NORMAL,No Incident,0.0,LOW
2026-01-03 16:23:00,47.84390421431978,46.74285131894156,122.22537038334978,2.6633830488473853,0,NORMAL,No Incident,0.0,LOW
2026-01-03 16:24:00,46.28142117721335,63.771130102119926,133.4849661684953,2.018777723387947,0,NORMAL,No Incident,0.0,LOW
2026-01-03 16:25:00,42.71538378319657,70.17519636339155,150.32694931598394,2.27279338628598,0,NORMAL,No Incident,0.0,LOW
2026-01-03 16:26:00,53.195246707829554,62.22385952175138,134.36980594634258,2.9583327146851413,0,NORMAL,No Incident,0.0,LOW
2026-01-03 16:27:00,66.53617268492285,53.220208875479486,125.81826803184664,0.7174433069947124,0,NORMAL,No Incident,0.0,LOW
2026-01-03 16:28:00,51.39887232839127,60.35641732456921,133.33085063965262,2.8105949731485924,0,NORMAL,No Incident,0.0,LOW
2026-01-03 16:29:00,59.96118214911129,49.07108735253052,133.47537668672518,1.4310951469105753,0,NORMAL,No Incident,0.0,LOW
2026-01-03 16:30:00,36.097780748465375,68.46368571071034,101.44571415431264,3.095873454976826,0,NORMAL,No Incident,0.0,LOW
2026-01-03 16:31:00,51.5776143929377,60.65475467623631,123.85597585012538,2.33455763453788,0,NORMAL,No Incident,0.0,LOW
2026-01-03 16:32:00,39.02631681028933,45.85474470597414,149.18321988377383,1.7904716184829446,0,NORMAL,No Incident,0.0,LOW
2026-01-03 16:33:00,35.23075072468099,57.59460511645054,115.85286462611992,1.4099740309091786,0,NORMAL,No Incident,0.0,LOW
2026-01-03 16:34:00,42.60628592540964,63.70641208187385,122.58893285094888,2.8232949943553307,0,NORMAL,No Incident,0.0,LOW
2026-01-03 16:35:00,61.91899334413573,57.33561903219582,115.14967100947956,3.2609516854809275,0,NORMAL,No Incident,0.0,LOW
2026-01-03 16:36:00,59.50015828669645,57.79283422847861,73.7228100878625,1.4671484591398154,0,NORMAL,No Incident,0.0,LOW
2026-01-03 16:37:00,52.430047220544,50.20478234362183,120.41180354469358,0.866993434218603,0,NORMAL,No Incident,0.0,LOW
2026-01-03 16:38:00,34.672994401100695,64.53232789665324,126.03583861305744,2.6942110429452253,0,NORMAL,No Incident,0.0,LOW
2026-01-03 16:39:00,48.03719348612063,54.8122463998469,109.75013218238196,0.5514690579662997,0,NORMAL,No Incident,0.0,LOW
2026-01-03 16:40:00,53.01700008901736,42.748436983959735,96.90726102230543,0.6944875624170284,0,NORMAL,No Incident,0.0,LOW
2026-01-03 16:41:00,51.75536229578598,57.02994103463685,102.387870804367,0.9372997244721007,0,NORMAL,No Incident,0.0,LOW
2026-01-03 16:42:00,31.56206416519254,67.84919772456283,135.28375232271128,1.5845495169612505,0,NORMAL,No Incident,0.0,LOW
2026-01-03 16:43:00,41.09682151980128,56.90456442720042,159.4504954609381,0.663668110784555,0,NORMAL,No Incident,0.0,LOW
2026-01-03 16:44:00,49.35922235851283,73.90387988098816,147.6486668181087,0.0612000906184222,0,NORMAL,No Incident,0.0,LOW
2026-01-03 16:45:00,55.3629090951719,63.43174358838814,93.11307990338896,0.8645558056628768,0,NORMAL,No Incident,0.0,LOW
2026-01-03 16:46:00,28.038721789000537,62.71006529824293,137.09254621101405,2.642474446572619,0,NORMAL,No Incident,0.0,LOW
2026-01-03 16:47:00,48.37876024520141,58.97281387265913,106.7367524838142,0.7284559278732328,0,NORMAL,No Incident,0.0,LOW
2026-01-03 16:48:00,51.43048769878952,59.45371033788568,108.35465874982444,1.65973032204583,0,NORMAL,No Incident,0.0,LOW
2026-01-03 16:49:00,58.49611988516213,57.89261091904397,110.76048804057432,3.9466984623655614,0,NORMAL,No Incident,0.0,LOW
2026-01-03 16:50:00,56.92857584237437,57.58184486333979,134.1213389971086,1.9508258699729093,0,NORMAL,No Incident,0.0,LOW
2026-01-03 16:51:00,55.82571318808805,64.2469372965372,139.18506752898077,2.3425309897295934,0,NORMAL,No Incident,0.0,LOW
2026-01-03 16:52:00,42.00059493298066,52.51335016167548,118.03937857440424,1.0539599817484469,0,NORMAL,No Incident,0.0,LOW
2026-01-03 16:53:00,30.919978628766923,51.39284937020592,118.3785851798395,4.163474853700143,0,NORMAL,No Incident,0.0,LOW
2026-01-03 16:54:00,46.06947242938599,51.01443959299698,129.28527486471586,1.4587055108615714,0,NORMAL,No Incident,0.0,LOW
2026-01-03 16:55:00,60.0163182520856,76.36523638141723,131.35989079048483,1.7718953155484831,0,NORMAL,No Incident,0.0,LOW
2026-01-03 16:56:00,63.93454527524432,64.24274321336463,143.5245141351706,3.3170586779673643,0,NORMAL,No Incident,0.0,LOW
2026-01-03 16:57:00,57.10549102297785,62.43593761344116,94.31256048981602,1.818265755146381,0,NORMAL,No Incident,0.0,LOW
2026-01-03 16:58:00,54.29340822801734,51.53988263765255,120.4005467960806,2.047888782675215,0,NORMAL,No Incident,0.0,LOW
2026-01-03 16:59:00,53.79639648385965,64.98673840539863,98.63951248217646,1.7183116792108704,0,NORMAL,No Incident,0.0,LOW
2026-01-03 17:00:00,44.43881253239219,59.06742922837337,118.98115441873192,1.7251676219427727,0,NORMAL,No Incident,0.0,LOW
2026-01-03 17:01:00,48.6993970644638,61.713351529054,115.4764942463848,2.370502010828092,0,NORMAL,No Incident,0.0,LOW
2026-01-03 17:02:00,66.6906952582633,52.18703747309155,119.06501092194596,2.5529431891981056,0,NORMAL,No Incident,0.0,LOW
2026-01-03 17:03:00,40.57441994208124,61.28215085934061,104.00514223778936,1.3567515687874327,0,NORMAL,No Incident,0.0,LOW
2026-01-03 17:04:00,66.14778790709852,56.609331694348135,90.25420413585142,1.2339195438530703,0,NORMAL,No Incident,0.0,LOW
2026-01-03 17:05:00,46.77971845507942,53.8751107437585,78.11124946570195,1.3908639111424368,0,NORMAL,No Incident,0.0,LOW
2026-01-03 17:06:00,63.25432109095078,65.872850686458,117.3763969147032,0.5987459858002318,0,NORMAL,No Incident,0.0,LOW
2026-01-03 17:07:00,35.93184990502462,47.69833753175998,111.3799778833412,0.4095697414807027,0,NORMAL,No Incident,0.0,LOW
2026-01-03 17:08:00,55.859042011646494,64.51821011451321,106.48124670392346,2.297167147224908,0,NORMAL,No Incident,0.0,LOW
2026-01-03 17:09:00,42.63229864052378,65.47588906842397,146.4509692566332,2.938595803175112,0,NORMAL,No Incident,0.0,LOW
2026-01-03 17:10:00,35.847328080758125,52.96285059559008,102.81123626409378,2.871045293145217,0,NORMAL,No Incident,0.0,LOW
2026-01-03 17:11:00,52.185340424109455,53.43737231094026,148.33668164277606,0.0,0,NORMAL,No Incident,0.0,LOW
2026-01-03 17:12:00,60.09471788595969,58.21579454986878,152.47687488538514,1.754934912956739,0,NORMAL,No Incident,0.0,LOW
2026-01-03 17:13:00,41.55058561406504,62.256289683697766,80.98199066421239,0.897908044407441,0,NORMAL,No Incident,0.0,LOW
2026-01-03 17:14:00,35.00984039541599,58.77716006548619,121.8476291799794,2.1437374378208567,0,NORMAL,No Incident,0.0,LOW
2026-01-03 17:15:00,49.08155235665045,63.46849968153504,112.0060701832802,1.582176481190619,0,NORMAL,No Incident,0.0,LOW
2026-01-03 17:16:00,49.12564671222819,74.1038372202992,61.76392110565469,2.5919119062445883,0,NORMAL,No Incident,0.0,LOW
2026-01-03 17:17:00,55.48319627554498,55.93826584680229,91.10717493863172,1.9808469095986587,0,NORMAL,No Incident,0.0,LOW
2026-01-03 17:18:00,99.49594571364489,76.27856023437263,635.4987221421695,10.10399810508211,1,CRITICAL,High API Latency / Database Performance Issue,100.0,HIGH
2026-01-03 17:19:00,49.40584818727506,66.60738866424522,160.3839850542253,1.0329141272004594,0,NORMAL,No Incident,0.0,LOW
2026-01-03 17:20:00,68.55503314794262,73.46651660742023,138.05356285398497,2.005785114826653,0,NORMAL,No Incident,0.0,LOW
2026-01-03 17:21:00,52.24234744535292,63.142146904409,126.47264945025957,2.0901104292310864,0,NORMAL,No Incident,0.0,LOW
2026-01-03 17:22:00,46.53573493993101,51.29801059717066,119.57335236737823,0.5943231922959982,0,NORMAL,No Incident,0.0,LOW
2026-01-03 17:23:00,33.88432640897172,59.0088610941184,153.65325829296228,0.4635402964538782,0,NORMAL,No Incident,0.0,LOW
2026-01-03 17:24:00,47.37340479683832,51.05181212630694,162.96478403915282,2.056245337573179,0,NORMAL,No Incident,0.0,LOW
2026-01-03 17:25:00,46.63613054588864,65.14284395170358,108.26314640951628,0.5963326939494726,0,NORMAL,No Incident,0.0,LOW
2026-01-03 17:26:00,59.6030479628147,49.189676778412526,80.00026879379418,0.3313705734992143,0,NORMAL,No Incident,0.0,LOW
2026-01-03 17:27:00,54.62483624066854,57.5989697053744,78.03625073457596,1.5548594873686583,0,NORMAL,No Incident,0.0,LOW
2026-01-03 17:28:00,38.20630878367383,51.96529738964875,146.43761984319605,1.511553908661349,0,NORMAL,No Incident,0.0,LOW
2026-01-03 17:29:00,51.72254386411038,61.0145974810797,119.05882918451226,1.121599522660699,0,NORMAL,No Incident,0.0,LOW
2026-01-03 17:30:00,56.71531171729053,57.06926658289794,123.66483820917438,1.296263043275037,0,NORMAL,No Incident,0.0,LOW
2026-01-03 17:31:00,100.0,91.41409682600212,584.1869801408657,12.013835723222394,1,CRITICAL,High CPU Usage / Compute Resource Overload,100.0,HIGH
2026-01-03 17:32:00,58.8750396741406,60.178804439730925,104.93622174423068,1.2798370963201808,0,NORMAL,No Incident,0.0,LOW
2026-01-03 17:33:00,57.60846654311478,52.10672777820712,114.09038372198437,2.07069702166484,0,NORMAL,No Incident,0.0,LOW
2026-01-03 17:34:00,50.60085994615164,65.01501650823218,124.1567676672814,1.6195314638826654,0,NORMAL,No Incident,0.0,LOW
2026-01-03 17:35:00,53.883120054234496,59.60987478525508,112.02815922172482,2.167650155386656,0,NORMAL,No Incident,0.0,LOW
2026-01-03 17:36:00,62.49504900706159,52.0917679370728,99.25347603397314,2.878205565436645,0,NORMAL,No Incident,0.0,LOW
2026-01-03 17:37:00,36.6722260252035,77.92741244964634,104.30866014794954,2.839247845390595,0,NORMAL,No Incident,0.0,LOW
2026-01-03 17:38:00,46.50560672783044,63.811441333737,144.16646571894466,3.288210471066084,0,NORMAL,No Incident,0.0,LOW
2026-01-03 17:39:00,42.27431251243759,58.77391557280556,124.89569239207,2.83814689689716,0,NORMAL,No Incident,0.0,LOW
2026-01-03 17:40:00,53.79153118726124,71.32163621361458,132.24313613911104,2.2385575315418045,0,NORMAL,No Incident,0.0,LOW
2026-01-03 17:41:00,62.30222175650788,74.73452487509286,102.0225237824534,1.5665683623598554,0,NORMAL,No Incident,0.0,LOW
2026-01-03 17:42:00,44.03025713278926,58.83720462148892,60.92353029198751,1.612239077183776,0,NORMAL,No Incident,0.0,LOW
2026-01-03 17:43:00,26.09695632530562,62.779179891478094,109.53791386231008,1.1222226935641897,0,NORMAL,No Incident,0.0,LOW
2026-01-03 17:44:00,45.8777925497553,52.09597745597648,102.66858891149008,2.004529291051558,0,NORMAL,No Incident,0.0,LOW
2026-01-03 17:45:00,59.13473732017407,58.82245799385591,126.98024537256158,2.697387478711935,0,NORMAL,No Incident,0.0,LOW
2026-01-03 17:46:00,55.3762990294988,58.40749956992104,185.7144742736368,1.2743323971169795,0,NORMAL,No Incident,0.0,LOW
2026-01-03 17:47:00,54.281862478105765,61.478616268973234,133.9033203523651,1.962782141336226,0,NORMAL,No Incident,0.0,LOW
2026-01-03 17:48:00,47.200066981255205,62.66208382909608,174.71920318766976,1.322637771278231,0,NORMAL,No Incident,0.0,LOW
2026-01-03 17:49:00,37.209692637802135,64.47862759062448,131.375393906789,2.209354330187615,0,NORMAL,No Incident,0.0,LOW
2026-01-03 17:50:00,55.15294321624467,61.90114125039968,107.40227524854568,1.4506166160500498,0,NORMAL,No Incident,0.0,LOW
2026-01-03 17:51:00,41.65718189965375,50.314058986966685,126.95832156241768,1.2604894287059474,0,NORMAL,No Incident,0.0,LOW
2026-01-03 17:52:00,71.84096733380457,52.49226315407133,155.61277198955418,1.320033305067975,0,NORMAL,No Incident,0.0,LOW
2026-01-03 17:53:00,55.70507208354516,55.62873904429062,156.59125192642475,2.5033287738455665,0,NORMAL,No Incident,0.0,LOW
2026-01-03 17:54:00,44.19351697446049,57.74207526461417,108.49325263913842,1.9032505946696447,0,NORMAL,No Incident,0.0,LOW
2026-01-03 17:55:00,43.88614752611372,68.4061943237769,125.06367391398598,1.5715782699999643,0,NORMAL,No Incident,0.0,LOW
2026-01-03 17:56:00,49.07055793386412,50.6964881051767,91.4146624065771,2.2614045025472107,0,NORMAL,No Incident,0.0,LOW
2026-01-03 17:57:00,47.6049807797825,57.1406796146344,136.4933724938286,1.5854837825323496,0,NORMAL,No Incident,0.0,LOW
2026-01-03 17:58:00,61.16833775529955,67.6240759857124,151.0670939811179,3.126517893685703,0,NORMAL,No Incident,0.0,LOW
2026-01-03 17:59:00,51.86416169744047,57.6009802040271,120.79598908232032,1.0261338463067435,0,NORMAL,No Incident,0.0,LOW
2026-01-03 18:00:00,42.68368261091472,63.683325198742594,106.65231891279744,1.8130284871827185,0,NORMAL,No Incident,0.0,LOW
2026-01-03 18:01:00,68.90440685155782,58.88366365657677,127.20261902555126,0.5952347783329992,0,NORMAL,No Incident,0.0,LOW
2026-01-03 18:02:00,50.49308331520223,62.05426605859778,128.3491806272633,1.6531256081099062,0,NORMAL,No Incident,0.0,LOW
2026-01-03 18:03:00,57.68839675968897,58.17221964952368,121.6228766369924,0.3203645022933701,0,NORMAL,No Incident,0.0,LOW
2026-01-03 18:04:00,43.91773492555241,65.33652378182683,123.57430248671906,2.7463165225591264,0,NORMAL,No Incident,0.0,LOW
2026-01-03 18:05:00,53.63115627744524,47.63954874074852,116.52370299061258,2.7665037670055788,0,NORMAL,No Incident,0.0,LOW
2026-01-03 18:06:00,53.11109991143195,57.09350393289164,139.91909856452813,2.784170173724476,0,NORMAL,No Incident,0.0,LOW
2026-01-03 18:07:00,31.103507079038472,62.372581413554464,134.72454890330255,2.028872480174468,0,NORMAL,No Incident,0.0,LOW
2026-01-03 18:08:00,70.15275110460641,64.26956198404955,100.33793705711702,1.120129595289908,0,NORMAL,No Incident,0.0,LOW
2026-01-03 18:09:00,62.906444609225474,71.94362098203062,99.78818793682812,1.1996593679640504,0,NORMAL,No Incident,0.0,LOW
2026-01-03 18:10:00,46.02804683854012,56.871802665075386,114.91251165946876,3.530172055220521,0,NORMAL,No Incident,0.0,LOW
2026-01-03 18:11:00,38.97730259544144,71.83585409488698,134.73674248210358,3.4356771037997964,0,NORMAL,No Incident,0.0,LOW
2026-01-03 18:12:00,53.47561613803552,54.72780938672263,122.96114827781628,2.122555156950772,0,NORMAL,No Incident,0.0,LOW
2026-01-03 18:13:00,50.86697699414397,70.62917129235714,107.1369917975469,1.4843659659196728,0,NORMAL,No Incident,0.0,LOW
2026-01-03 18:14:00,53.55668948563229,66.53973701358697,125.2303719345166,3.3686234226985103,0,NORMAL,No Incident,0.0,LOW
2026-01-03 18:15:00,51.91577396194089,52.69233136294222,113.38378960955455,1.30549683861519,0,NORMAL,No Incident,0.0,LOW
2026-01-03 18:16:00,55.06240989305926,62.45631389801458,137.60972920448262,2.2288492080959075,0,NORMAL,No Incident,0.0,LOW
2026-01-03 18:17:00,64.47305699391806,59.59011331574247,126.66116870134096,3.351957305398458,0,NORMAL,No Incident,0.0,LOW
2026-01-03 18:18:00,55.68103205128647,65.0046767494,113.69443625095712,1.1636615003353723,0,NORMAL,No Incident,0.0,LOW
2026-01-03 18:19:00,39.50344501090059,58.21382729253352,124.63037544092924,2.829223585637112,0,NORMAL,No Incident,0.0,LOW
2026-01-03 18:20:00,63.62562852712452,57.54203019470615,146.30096119048403,2.5205607958438696,0,NORMAL,No Incident,0.0,LOW
2026-01-03 18:21:00,66.40614563488288,70.95275666210281,108.60739846907244,1.960483457768439,0,NORMAL,No Incident,0.0,LOW
2026-01-03 18:22:00,81.52056734512085,59.21023284435461,128.0531396329432,1.0065664008668844,0,NORMAL,No Incident,0.0,LOW
2026-01-03 18:23:00,38.76505966760402,66.61137859353413,118.59079319068007,1.2755602398967243,0,NORMAL,No Incident,0.0,LOW
2026-01-03 18:24:00,52.42882013150275,58.1971881196464,128.53967367724198,2.2894510728506585,0,NORMAL,No Incident,0.0,LOW
2026-01-03 18:25:00,29.17901296811013,73.33330607382018,106.9087011680854,0.5766632051186134,0,NORMAL,No Incident,0.0,LOW
2026-01-03 18:26:00,55.53149156379209,54.57332296531605,122.20670866318753,2.1307438590182497,0,NORMAL,No Incident,0.0,LOW
2026-01-03 18:27:00,84.51799701833227,85.08685175002253,642.156465648336,12.541050984061664,1,CRITICAL,High API Latency / Database Performance Issue,100.0,HIGH
2026-01-03 18:28:00,69.23445794824953,72.19613744892723,101.25986037507784,2.985220172809101,0,NORMAL,No Incident,0.0,LOW
2026-01-03 18:29:00,42.25385029981418,56.44042887283798,93.41189793349837,0.6016429255397775,0,NORMAL,No Incident,0.0,LOW
2026-01-03 18:30:00,33.10816962032739,72.80859444931514,94.17088871026073,3.316247297161274,0,NORMAL,No Incident,0.0,LOW
2026-01-03 18:31:00,45.2873625929748,67.1347246367585,96.58674939599622,3.695363494179936,0,NORMAL,No Incident,0.0,LOW
2026-01-03 18:32:00,30.245122287828625,58.76280234751333,131.90646575785328,2.410151567713594,0,NORMAL,No Incident,0.0,LOW
2026-01-03 18:33:00,57.5109945450731,45.49365222386273,91.8828062826907,0.9619514185753396,0,NORMAL,No Incident,0.0,LOW
2026-01-03 18:34:00,29.3491695374368,59.84545356582532,114.04209310512938,1.671890711639759,0,NORMAL,No Incident,0.0,LOW
2026-01-03 18:35:00,50.28457581183159,60.8130404282674,132.36578606621416,1.952402754881493,0,NORMAL,No Incident,0.0,LOW
2026-01-03 18:36:00,29.22188180143803,69.33774186643498,128.33318121097187,2.2704635087305567,0,NORMAL,No Incident,0.0,LOW
2026-01-03 18:37:00,46.79702195463358,72.7075774099209,112.2888204007503,2.0219815526436022,0,NORMAL,No Incident,0.0,LOW
2026-01-03 18:38:00,66.43378155804534,54.52010256685002,123.81847463510212,2.2811651428946167,0,NORMAL,No Incident,0.0,LOW
2026-01-03 18:39:00,53.60647891435795,66.40945411190546,122.14290659475137,1.9092532426608773,0,NORMAL,No Incident,0.0,LOW
2026-01-03 18:40:00,41.36506395035066,66.1232172481068,115.51518088903627,2.265107094512243,0,NORMAL,No Incident,0.0,LOW
2026-01-03 18:41:00,49.68796511060916,68.58730161928356,115.7833056269084,1.5394765788386862,0,NORMAL,No Incident,0.0,LOW
2026-01-03 18:42:00,50.18016872044446,63.98951929708436,164.7085486951392,1.6618132830175316,0,NORMAL,No Incident,0.0,LOW
2026-01-03 18:43:00,54.72630345843406,44.46001847230584,136.186218078626,1.423974829523332,0,NORMAL,No Incident,0.0,LOW
2026-01-03 18:44:00,36.331416367191736,58.75662053977792,169.61301835024287,3.917259534504072,0,NORMAL,No Incident,0.0,LOW
2026-01-03 18:45:00,55.92567273847331,50.75433940066468,110.06073734158996,3.4639007861743227,0,NORMAL,No Incident,0.0,LOW
2026-01-03 18:46:00,22.95608368397225,58.37915381665541,118.30066806223704,2.555294190013616,0,NORMAL,No Incident,0.0,LOW
2026-01-03 18:47:00,43.70115447636189,67.84003388907115,93.35748469446705,3.3253089972677383,0,NORMAL,No Incident,0.0,LOW
2026-01-03 18:48:00,45.11726157548456,62.44120668699978,103.80866395820856,2.7984613389778827,0,NORMAL,No Incident,0.0,LOW
2026-01-03 18:49:00,56.33326826071239,69.18472693117945,158.03826297325003,2.181271159514055,0,NORMAL,No Incident,0.0,LOW
2026-01-03 18:50:00,50.22630852676869,62.73403136570831,109.55931420316487,0.4944286589803164,0,NORMAL,No Incident,0.0,LOW
2026-01-03 18:51:00,35.944369461437134,49.61339248264878,158.38562600288918,1.73783607987486,0,NORMAL,No Incident,0.0,LOW
2026-01-03 18:52:00,40.15006874182985,39.83322394741812,95.1327547864022,1.664962107981648,0,NORMAL,No Incident,0.0,LOW
2026-01-03 18:53:00,51.98680009547407,61.19047009343672,98.93061931853448,0.8669248269078431,0,NORMAL,No Incident,0.0,LOW
2026-01-03 18:54:00,49.20932658135444,58.28858826919068,113.17537557953158,0.5138377253933839,0,NORMAL,No Incident,0.0,LOW
2026-01-03 18:55:00,44.20875890364253,52.18443408494494,118.72500156641644,2.492719346567025,0,NORMAL,No Incident,0.0,LOW
2026-01-03 18:56:00,45.19166210488021,46.39498200278898,138.4617458490026,2.324504322370813,0,NORMAL,No Incident,0.0,LOW
2026-01-03 18:57:00,56.961679971592886,54.12205429221832,129.0154083437253,0.8326030199323879,0,NORMAL,No Incident,0.0,LOW
2026-01-03 18:58:00,44.82307427130785,58.44406812108179,111.67369485311944,1.2541214935638108,0,NORMAL,No Incident,0.0,LOW
2026-01-03 18:59:00,49.119087559709264,65.32702258965112,117.33368386963788,3.161222273154164,0,NORMAL,No Incident,0.0,LOW
2026-01-03 19:00:00,71.69936588080543,61.50904865254384,113.618741604306,1.1223034864834394,0,NORMAL,No Incident,0.0,LOW
2026-01-03 19:01:00,35.76317363116077,72.86453797738183,101.7069252934854,2.1707989039338025,0,NORMAL,No Incident,0.0,LOW
2026-01-03 19:02:00,31.48157268425341,51.715167551636846,102.24074126796756,1.810221700432019,0,NORMAL,No Incident,0.0,LOW
2026-01-03 19:03:00,57.83589664798607,67.04847113645947,140.5576778286682,2.5063634710620626,0,NORMAL,No Incident,0.0,LOW
2026-01-03 19:04:00,43.21356938705897,60.378389945029824,83.4367014414572,1.1438923473435696,0,NORMAL,No Incident,0.0,LOW
2026-01-03 19:05:00,46.8176247225738,65.55735299294868,152.3471739489011,2.090083477540107,0,NORMAL,No Incident,0.0,LOW
2026-01-03 19:06:00,42.18843621868886,56.50788109387565,113.14011548795536,2.168722577345877,0,NORMAL,No Incident,0.0,LOW
2026-01-03 19:07:00,47.40199859232487,68.57344299112472,104.5498278721568,2.23018080622922,0,NORMAL,No Incident,0.0,LOW
2026-01-03 19:08:00,65.98538112096341,62.36179806676194,134.79518581394538,2.079073857962613,0,NORMAL,No Incident,0.0,LOW
2026-01-03 19:09:00,58.0212845861812,54.564440120658006,149.70433168294235,2.34460932059411,0,NORMAL,No Incident,0.0,LOW
2026-01-03 19:10:00,58.62223511886977,59.90380776869449,142.35264883207915,4.191770332050811,0,NORMAL,No Incident,0.0,LOW
2026-01-03 19:11:00,35.837729442073545,58.083553128503205,130.03704098719783,4.561297776771106,0,NORMAL,No Incident,0.0,LOW
2026-01-03 19:12:00,38.4884626344713,63.91342680510235,141.7372697944367,1.3607838592132782,0,NORMAL,No Incident,0.0,LOW
2026-01-03 19:13:00,21.60921340514573,50.56178600500393,85.67004845712268,0.0,0,NORMAL,No Incident,0.0,LOW
2026-01-03 19:14:00,81.90619178917245,89.76518638307445,609.5633891702371,12.595495300721971,1,CRITICAL,High API Latency / Database Performance Issue,100.0,HIGH
2026-01-03 19:15:00,59.567031863856585,63.162458021194645,101.7765987995031,2.1862524599012665,0,NORMAL,No Incident,0.0,LOW
2026-01-03 19:16:00,55.16946515748371,60.26418645754426,144.4927746243035,3.0610418591835806,0,NORMAL,No Incident,0.0,LOW
2026-01-03 19:17:00,47.78486737047877,70.77552995511196,112.33043962152226,2.2848858997153174,0,NORMAL,No Incident,0.0,LOW
2026-01-03 19:18:00,49.77699716281947,66.19218219256842,136.9081311356411,2.058603939525719,0,NORMAL,No Incident,0.0,LOW
2026-01-03 19:19:00,43.11114457424594,59.94015362607403,130.71713884977277,3.128906595877223,0,NORMAL,No Incident,0.0,LOW
2026-01-03 19:20:00,52.04758882401784,61.73351277998138,102.75386127672638,3.2687805884138417,0,NORMAL,No Incident,0.0,LOW
2026-01-03 19:21:00,57.65878279480615,62.365324411856,108.26083580047433,0.6134399412190017,0,NORMAL,No Incident,0.0,LOW
2026-01-03 19:22:00,33.84113212589527,63.22639683333459,145.8763538162945,1.1833938128604164,0,NORMAL,No Incident,0.0,LOW
2026-01-03 19:23:00,52.99647687837348,45.394736034683135,104.49034702631172,1.8944070407113216,0,NORMAL,No Incident,0.0,LOW
2026-01-03 19:24:00,59.32434870954667,57.587789633845226,122.4973522039096,2.098437623924584,0,NORMAL,No Incident,0.0,LOW
2026-01-03 19:25:00,45.84899711036631,48.12448745445259,104.3491742734711,1.7740167966477514,0,NORMAL,No Incident,0.0,LOW
2026-01-03 19:26:00,57.00700612120583,70.22624757967588,113.7209562616828,2.434207177861886,0,NORMAL,No Incident,0.0,LOW
2026-01-03 19:27:00,78.14654444472552,59.513203839976576,119.07676112060057,2.9961047893171004,0,NORMAL,No Incident,0.0,LOW
2026-01-03 19:28:00,48.95657207013108,58.453272402563016,104.34266979405018,3.722709710720728,0,NORMAL,No Incident,0.0,LOW
2026-01-03 19:29:00,53.93307050005323,67.17437865626589,100.79106092032237,2.5789130237729,0,NORMAL,No Incident,0.0,LOW
2026-01-03 19:30:00,42.61942916338609,63.378598379599,125.72546673554884,1.14766632154689,0,NORMAL,No Incident,0.0,LOW
2026-01-03 19:31:00,51.8125116260205,50.97092388496634,103.10525182417648,1.8526237748021817,0,NORMAL,No Incident,0.0,LOW
2026-01-03 19:32:00,54.60271624982304,59.43275709978105,103.78684888602656,1.9246477587404431,0,NORMAL,No Incident,0.0,LOW
2026-01-03 19:33:00,51.94842340270138,57.31866421418892,101.2189371259606,2.514640239981159,0,NORMAL,No Incident,0.0,LOW
2026-01-03 19:34:00,39.80304680291143,46.04373689115157,118.44183907337364,2.388168033433942,0,NORMAL,No Incident,0.0,LOW
2026-01-03 19:35:00,52.06361771325451,54.47779013410237,138.87403268799682,4.05039665111151,0,NORMAL,No Incident,0.0,LOW
2026-01-03 19:36:00,64.62195938717636,58.531677423868274,150.13057272624533,1.5384868647450916,0,NORMAL,No Incident,0.0,LOW
2026-01-03 19:37:00,54.48635764514528,59.08039254806526,105.48163828012444,2.384750533766803,0,NORMAL,No Incident,0.0,LOW
2026-01-03 19:38:00,59.619871890718414,48.14214861058153,163.00621586662422,4.354711397744092,0,NORMAL,No Incident,0.0,LOW
2026-01-03 19:39:00,47.629880299873726,69.2133246643798,99.90590278586409,1.4147931030963987,0,NORMAL,No Incident,0.0,LOW
2026-01-03 19:40:00,57.4990023942371,59.18317552886849,141.67097046655738,2.145148696170355,0,NORMAL,No Incident,0.0,LOW
2026-01-03 19:41:00,52.792678382165256,60.300424613284505,105.56607091969114,1.0551194988759844,0,NORMAL,No Incident,0.0,LOW
2026-01-03 19:42:00,40.49089270312768,63.20513310671869,102.5815346025998,2.0820868996274315,0,NORMAL,No Incident,0.0,LOW
2026-01-03 19:43:00,53.18521004798875,53.69538996877063,105.10487686431225,1.2197828518623584,0,NORMAL,No Incident,0.0,LOW
2026-01-03 19:44:00,40.0830333655969,63.65084778506157,118.95104600701762,3.0468009034913464,0,NORMAL,No Incident,0.0,LOW
2026-01-03 19:45:00,43.67119725115208,57.06340283185454,131.5994434206722,2.147318859031395,0,NORMAL,No Incident,0.0,LOW
2026-01-03 19:46:00,51.893283072923744,52.82731567482247,133.39736075809645,1.0646027400177065,0,NORMAL,No Incident,0.0,LOW
2026-01-03 19:47:00,52.97244273380124,64.58757994684319,101.12029969304224,2.840567697791672,0,NORMAL,No Incident,0.0,LOW
2026-01-03 19:48:00,38.10767534922871,71.93339087041446,100.20681424977462,2.1796660388715874,0,NORMAL,No Incident,0.0,LOW
2026-01-03 19:49:00,60.53985771182876,65.79863498788666,101.66722613272906,2.952818777223455,0,NORMAL,No Incident,0.0,LOW
2026-01-03 19:50:00,55.72006278300473,67.38382052112345,117.77291195228976,0.8523373720522514,0,NORMAL,No Incident,0.0,LOW
2026-01-03 19:51:00,42.95271564389116,55.83495514750161,115.79688791618253,2.368824412248661,0,NORMAL,No Incident,0.0,LOW
2026-01-03 19:52:00,34.624152035508246,47.21904216665235,100.9964907586041,2.7733416946447087,0,NORMAL,No Incident,0.0,LOW
2026-01-03 19:53:00,48.55095420918569,71.92110017679873,125.39207388126488,1.5766225097642634,0,NORMAL,No Incident,0.0,LOW
2026-01-03 19:54:00,45.5405628613884,76.43611911523809,165.25137616670636,0.7409972730318488,0,NORMAL,No Incident,0.0,LOW
2026-01-03 19:55:00,51.13140457053023,72.34245419015745,109.90569076329696,1.958392504629606,0,NORMAL,No Incident,0.0,LOW
2026-01-03 19:56:00,46.36883338844434,57.313712488162,111.32976357592932,3.2281152937809283,0,NORMAL,No Incident,0.0,LOW
2026-01-03 19:57:00,29.925431392549903,50.76292529016925,131.19323140648737,3.1259303306340565,0,NORMAL,No Incident,0.0,LOW
2026-01-03 19:58:00,46.11653061698841,51.47453841744347,108.8236741652641,1.571571565244423,0,NORMAL,No Incident,0.0,LOW
2026-01-03 19:59:00,46.94380888931687,46.53013945908761,133.37928963436366,0.7169145636235574,0,NORMAL,No Incident,0.0,LOW
2026-01-03 20:00:00,56.33661024774059,59.14097105271964,105.6291458644192,1.5688202796504274,0,NORMAL,No Incident,0.0,LOW
2026-01-03 20:01:00,43.0180032538895,72.84542366465963,156.64239215154603,1.5315223492680876,0,NORMAL,No Incident,0.0,LOW
2026-01-03 20:02:00,66.78674673372566,58.86669894502205,126.8954994518459,2.4464467833047774,0,NORMAL,No Incident,0.0,LOW
2026-01-03 20:03:00,30.88359449348243,62.4185832027862,107.59954101846576,1.8949984970958784,0,NORMAL,No Incident,0.0,LOW
2026-01-03 20:04:00,63.11167497802624,71.00477571443366,108.22616601061452,1.246735788262858,0,NORMAL,No Incident,0.0,LOW
2026-01-03 20:05:00,47.75681029121896,56.7672375053408,109.7240049458393,3.104263067260668,0,NORMAL,No Incident,0.0,LOW
2026-01-03 20:06:00,58.595848723435566,76.28425165375675,147.4549933249775,2.140425867444834,0,NORMAL,No Incident,0.0,LOW
2026-01-03 20:07:00,50.79801484058733,75.93675525997963,94.62497984797432,2.4354156527309407,0,NORMAL,No Incident,0.0,LOW
2026-01-03 20:08:00,61.39555536025469,58.95110929055614,106.6411665908099,0.2750145658687328,0,NORMAL,No Incident,0.0,LOW
2026-01-03 20:09:00,46.12638035447189,55.3797258878463,108.76678886149148,0.0,0,NORMAL,No Incident,0.0,LOW
2026-01-03 20:10:00,39.01379574822188,65.5779043711225,119.68624066486124,0.5624542185555919,0,NORMAL,No Incident,0.0,LOW
2026-01-03 20:11:00,64.20504287271064,57.21980045984914,114.57780614706412,1.5194565743932242,0,NORMAL,No Incident,0.0,LOW
2026-01-03 20:12:00,48.86519354117859,50.74755826346131,90.17544337219074,2.5763560176138087,0,NORMAL,No Incident,0.0,LOW
2026-01-03 20:13:00,52.21558473624211,70.24990922818384,112.00354632809064,0.0,0,NORMAL,No Incident,0.0,LOW
2026-01-03 20:14:00,62.34751914044795,69.73157909821664,118.00898633630064,3.5928520643719875,0,NORMAL,No Incident,0.0,LOW
2026-01-03 20:15:00,39.68044757905565,61.244092830108485,107.43804329840434,2.170566026770126,0,NORMAL,No Incident,0.0,LOW
2026-01-03 20:16:00,55.95490897639257,49.897081970174575,133.7355097809533,3.3602949929499104,0,NORMAL,No Incident,0.0,LOW
2026-01-03 20:17:00,44.10105243537109,50.16378999026091,138.38816857507294,1.1140299175258712,0,NORMAL,No Incident,0.0,LOW
2026-01-03 20:18:00,48.67830644355628,60.85783430735322,118.43226600541216,2.5038599341724908,0,NORMAL,No Incident,0.0,LOW
2026-01-03 20:19:00,50.72278965384289,56.00103172395974,124.6108317370146,2.085195929970788,0,NORMAL,No Incident,0.0,LOW
2026-01-03 20:20:00,34.997781385530644,57.271256542867135,76.77888005301457,2.817686313054554,0,NORMAL,No Incident,0.0,LOW
2026-01-03 20:21:00,42.211629571795655,68.17570524048003,111.57794455676336,1.766208632400283,0,NORMAL,No Incident,0.0,LOW
2026-01-03 20:22:00,63.51072892413139,65.86543453938046,140.09643383515825,2.4732152090075887,0,NORMAL,No Incident,0.0,LOW
2026-01-03 20:23:00,58.86191188584796,71.0251414439809,111.53126833641446,3.1021953187712,0,NORMAL,No Incident,0.0,LOW
2026-01-03 20:24:00,49.37360422672765,52.07501421298194,105.25476647216078,1.3488237061082249,0,NORMAL,No Incident,0.0,LOW
2026-01-03 20:25:00,52.43123458512893,57.254467450506304,165.5537785206186,2.2422442324896497,0,NORMAL,No Incident,0.0,LOW
2026-01-03 20:26:00,47.05757494363542,66.0718535636809,156.3815438039161,0.1121377627776516,0,NORMAL,No Incident,0.0,LOW
2026-01-03 20:27:00,63.56583385827982,63.58462672810313,129.35149824964316,2.7025030190633577,0,NORMAL,No Incident,0.0,LOW
2026-01-03 20:28:00,47.99647422205836,72.25904306070098,142.77821222960097,3.9546625434624896,0,NORMAL,No Incident,0.0,LOW
2026-01-03 20:29:00,52.31842092134848,63.36429364723256,75.48129164083845,0.7555639522513047,0,NORMAL,No Incident,0.0,LOW
2026-01-03 20:30:00,61.460301441420654,74.78487283284441,104.24897118742588,1.9086187395720569,0,NORMAL,No Incident,0.0,LOW
2026-01-03 20:31:00,42.226285151540935,64.32014241378512,110.60084253653696,2.8804813009141137,0,NORMAL,No Incident,0.0,LOW
2026-01-03 20:32:00,65.58789184496894,68.49733958070928,115.28039802266107,2.0314174734665507,0,NORMAL,No Incident,0.0,LOW
2026-01-03 20:33:00,74.69538590256623,87.41188042572435,610.2011195805208,12.165099551493226,1,CRITICAL,High API Latency / Database Performance Issue,100.0,HIGH
2026-01-03 20:34:00,66.29642131112799,60.11429769507191,68.99947416967308,1.6090005584763614,0,NORMAL,No Incident,0.0,LOW
2026-01-03 20:35:00,46.27324416048025,67.2875552307158,127.7204923741712,1.5718477469120855,0,NORMAL,No Incident,0.0,LOW
2026-01-03 20:36:00,47.57301252174718,72.90382536474443,130.87308256561212,1.9133058464146224,0,NORMAL,No Incident,0.0,LOW
2026-01-03 20:37:00,31.09989828817057,65.83389559448602,152.03797583179963,2.041671422139356,0,NORMAL,No Incident,0.0,LOW
2026-01-03 20:38:00,45.452052826223074,59.33462582452304,104.23381470450072,0.8185587384226902,0,NORMAL,No Incident,0.0,LOW
2026-01-03 20:39:00,39.60193468973116,71.01868023622673,102.59673684440196,1.9339780140539715,0,NORMAL,No Incident,0.0,LOW
2026-01-03 20:40:00,43.92353654626528,42.46417074976095,66.40031028071063,3.5685339387093267,0,NORMAL,No Incident,0.0,LOW
2026-01-03 20:41:00,48.6268903421112,48.62212398794501,114.12866326818228,1.5808662064110952,0,NORMAL,No Incident,0.0,LOW
2026-01-03 20:42:00,59.57791614472906,65.45307378934712,138.02223562124342,0.7627450171253722,0,NORMAL,No Incident,0.0,LOW
2026-01-03 20:43:00,52.076033514006255,60.112866850025,107.7646427561456,1.8485839320135733,0,NORMAL,No Incident,0.0,LOW
2026-01-03 20:44:00,53.07676653401114,64.84410920899332,162.86889637087296,1.2853871878757035,0,NORMAL,No Incident,0.0,LOW
2026-01-03 20:45:00,39.044806111544375,60.51526017945554,114.86810328420952,0.6616581746780605,0,NORMAL,No Incident,0.0,LOW
2026-01-03 20:46:00,41.192459103972695,64.56756555683098,122.93984568577112,2.1391684617326208,0,NORMAL,No Incident,0.0,LOW
2026-01-03 20:47:00,67.98725018351311,53.48477743205447,92.73793838836812,1.289717962848922,0,NORMAL,No Incident,0.0,LOW
2026-01-03 20:48:00,42.647989652367535,64.56388868863752,125.7444069035056,1.375285833146725,0,NORMAL,No Incident,0.0,LOW
2026-01-03 20:49:00,66.56208252057296,67.95531622566068,80.4136041029461,2.153427380385389,0,NORMAL,No Incident,0.0,LOW
2026-01-03 20:50:00,47.569388011191336,69.76440483144987,133.8739591002629,0.4668254046376654,0,NORMAL,No Incident,0.0,LOW
2026-01-03 20:51:00,50.02287936143504,76.1084343571896,134.48856352470824,0.2584303497488751,0,NORMAL,No Incident,0.0,LOW
2026-01-03 20:52:00,60.703651602299296,61.952787548019096,147.1858284867302,2.670872194501932,0,NORMAL,No Incident,0.0,LOW
2026-01-03 20:53:00,62.718924219386565,62.19128869477744,99.60062562464624,0.069166399275917,0,NORMAL,No Incident,0.0,LOW
2026-01-03 20:54:00,48.89187439720912,47.81462028660922,123.21124236594838,1.0233223046926452,0,NORMAL,No Incident,0.0,LOW
2026-01-03 20:55:00,46.11756946478461,55.7487087908926,131.27633118773008,0.2001604646115624,0,NORMAL,No Incident,0.0,LOW
2026-01-03 20:56:00,49.44079551477787,58.4553434079471,128.8456327666062,1.5138635331511676,0,NORMAL,No Incident,0.0,LOW
2026-01-03 20:57:00,53.379575282321184,68.40255641821084,102.69401449730296,2.428058747651165,0,NORMAL,No Incident,0.0,LOW
2026-01-03 20:58:00,58.91303686869755,55.11199100728297,72.16036220887719,2.112337948732377,0,NORMAL,No Incident,0.0,LOW
2026-01-03 20:59:00,50.04229858994152,66.37072015799066,126.93920593768962,4.391873389457285,0,NORMAL,No Incident,0.0,LOW
2026-01-03 21:00:00,56.188862980231534,59.98702626429296,116.9500064338016,3.0869156177890007,0,NORMAL,No Incident,0.0,LOW
2026-01-03 21:01:00,66.3835973227094,58.5826550790819,108.6665881407712,1.0688421498433986,0,NORMAL,No Incident,0.0,LOW
2026-01-03 21:02:00,53.81309612264785,61.99115175306605,135.27890727430932,0.8029449951735894,0,NORMAL,No Incident,0.0,LOW
2026-01-03 21:03:00,53.11652856004778,56.87074902197726,119.10160923691134,4.706687940975501,0,NORMAL,No Incident,0.0,LOW
2026-01-03 21:04:00,34.810891749099326,56.56770201525868,93.616098944644,3.0625720057333625,0,NORMAL,No Incident,0.0,LOW
2026-01-03 21:05:00,23.69269863170937,46.361712753679086,81.37095421807557,2.589369607269572,0,NORMAL,No Incident,0.0,LOW
2026-01-03 21:06:00,53.88375729230168,58.01636634137688,97.42073469733668,2.074851812215618,0,NORMAL,No Incident,0.0,LOW
2026-01-03 21:07:00,49.05175768719128,56.16025483081019,167.86024589533574,2.2735215674750173,0,NORMAL,No Incident,0.0,LOW
2026-01-03 21:08:00,44.85217325085258,55.87215208520736,134.45553547865546,0.5179267245175738,0,NORMAL,No Incident,0.0,LOW
2026-01-03 21:09:00,52.43530204186344,63.33498450072032,123.77224683950024,2.157039170196768,0,NORMAL,No Incident,0.0,LOW
2026-01-03 21:10:00,49.39596270803092,65.26905562232407,116.3667814562839,2.071231397459014,0,NORMAL,No Incident,0.0,LOW
2026-01-03 21:11:00,61.277802506338986,61.85755603713862,115.05214120105128,1.09586115689852,0,NORMAL,No Incident,0.0,LOW
2026-01-03 21:12:00,50.86110868258978,67.9633215235958,143.3439196671819,1.4614735464315214,0,NORMAL,No Incident,0.0,LOW
2026-01-03 21:13:00,42.53076714929833,64.60449540664293,110.18808516193135,3.515176393443556,0,NORMAL,No Incident,0.0,LOW
2026-01-03 21:14:00,59.901662389592886,57.63955048155486,131.53840821368584,1.8748250797051376,0,NORMAL,No Incident,0.0,LOW
2026-01-03 21:15:00,47.82868925053798,56.29714971428496,113.03144099416812,4.071171302533111,0,NORMAL,No Incident,0.0,LOW
2026-01-03 21:16:00,55.26536683672308,62.50257789413477,158.80313263670126,0.2593205635126165,0,NORMAL,No Incident,0.0,LOW
2026-01-03 21:17:00,45.22589293807199,64.59013687921521,134.8457701515661,1.477869813774252,0,NORMAL,No Incident,0.0,LOW
2026-01-03 21:18:00,43.50173114502564,71.18275445625198,144.9111362936725,0.452721448753081,0,NORMAL,No Incident,0.0,LOW
2026-01-03 21:19:00,50.84168230185696,69.52938435952076,108.31180450623522,0.7905775461081657,0,NORMAL,No Incident,0.0,LOW
2026-01-03 21:20:00,50.12828643543685,55.66821594794265,141.16272225134844,1.1717942943407027,0,NORMAL,No Incident,0.0,LOW
2026-01-03 21:21:00,94.79827035366831,89.1839497589819,613.7484514921061,12.315309626770592,1,CRITICAL,High API Latency / Database Performance Issue,100.0,HIGH
2026-01-03 21:22:00,47.313542466902575,65.36814243934217,122.20069647865698,2.266826171080387,0,NORMAL,No Incident,0.0,LOW
2026-01-03 21:23:00,31.636402162296022,68.54398222447178,152.70095341238917,1.3207096803723946,0,NORMAL,No Incident,0.0,LOW
2026-01-03 21:24:00,45.67226116411612,67.51175574963834,99.14449886487162,0.0,0,NORMAL,No Incident,0.0,LOW
2026-01-03 21:25:00,57.93818467143816,59.488977337349226,124.064954626108,3.477692873032153,0,NORMAL,No Incident,0.0,LOW
2026-01-03 21:26:00,47.026239207568935,49.96781878057187,128.76010517037454,1.714235283963644,0,NORMAL,No Incident,0.0,LOW
2026-01-03 21:27:00,47.53616597485452,52.00850899003527,130.4000876160162,0.8837098296988608,0,NORMAL,No Incident,0.0,LOW
2026-01-03 21:28:00,59.863765059059375,62.18106811455532,110.9843101381307,2.274930781070087,0,NORMAL,No Incident,0.0,LOW
2026-01-03 21:29:00,42.880267727410775,62.73780463539477,161.72528201616163,2.204445170523174,0,NORMAL,No Incident,0.0,LOW
2026-01-03 21:30:00,34.57196781757101,51.21056501252493,94.1013622931948,1.6773235350000348,0,NORMAL,No Incident,0.0,LOW
2026-01-03 21:31:00,48.393688804745054,60.35655688711417,149.1777077726494,2.1485310156415047,0,NORMAL,No Incident,0.0,LOW
2026-01-03 21:32:00,45.15826048751263,65.04979485577427,144.30131211183277,0.8449701595919816,0,NORMAL,No Incident,0.0,LOW
2026-01-03 21:33:00,40.33753680246746,50.79018673994285,158.01777579207368,2.759912843176484,0,NORMAL,No Incident,0.0,LOW
2026-01-03 21:34:00,48.24621544101309,68.83997761443531,88.2354580258436,1.0031329052431297,0,NORMAL,No Incident,0.0,LOW
2026-01-03 21:35:00,54.91505647246784,56.9797508115214,102.6233702422058,1.394430344696568,0,NORMAL,No Incident,0.0,LOW
2026-01-03 21:36:00,49.90711438432184,70.06090490061321,149.8388611832328,2.6488018161515754,0,NORMAL,No Incident,0.0,LOW
2026-01-03 21:37:00,53.06981072686238,55.7323804337928,82.45921690739382,3.2039589650102336,0,NORMAL,No Incident,0.0,LOW
2026-01-03 21:38:00,68.13407698515422,51.78699613692657,87.87082197919173,3.5857745680463387,0,NORMAL,No Incident,0.0,LOW
2026-01-03 21:39:00,46.57121138442436,56.334904081266245,110.23384426577016,3.055798238466572,0,NORMAL,No Incident,0.0,LOW
2026-01-03 21:40:00,52.78348634644669,59.23881501538144,123.83987577244535,1.675927816198218,0,NORMAL,No Incident,0.0,LOW
2026-01-03 21:41:00,44.907866374008655,56.89216074582815,151.8445014729755,0.4589669308995372,0,NORMAL,No Incident,0.0,LOW
2026-01-03 21:42:00,41.53640280113027,58.27198862741509,116.29468170139285,3.405055585602893,0,NORMAL,No Incident,0.0,LOW
2026-01-03 21:43:00,44.1509234658223,62.671721197409525,107.83521703870922,3.370695988904976,0,NORMAL,No Incident,0.0,LOW
2026-01-03 21:44:00,45.21241428478312,58.630565041628806,126.22779875392854,1.3280238466465044,0,NORMAL,No Incident,0.0,LOW
2026-01-03 21:45:00,53.59475797547125,59.47110084838394,129.39192966588803,2.9211890378245604,0,NORMAL,No Incident,0.0,LOW
2026-01-03 21:46:00,73.49075786700757,46.32618880637924,128.82479644340543,1.6678222060692611,0,NORMAL,No Incident,0.0,LOW
2026-01-03 21:47:00,42.8395656372416,63.13358412808378,116.4402758409731,3.5012768835117285,0,NORMAL,No Incident,0.0,LOW
2026-01-03 21:48:00,45.83374694384538,59.286373618466655,80.89827772163702,1.485135337596218,0,NORMAL,No Incident,0.0,LOW
2026-01-03 21:49:00,49.36876986888752,72.88234384386297,101.64768021787336,3.978651287548504,0,NORMAL,No Incident,0.0,LOW
2026-01-03 21:50:00,53.957988487097474,52.483478661968334,148.40542170534926,2.786120547598246,0,NORMAL,No Incident,0.0,LOW
2026-01-03 21:51:00,52.63550811954785,45.53363737200388,123.741378759532,3.7975448446859854,0,NORMAL,No Incident,0.0,LOW
2026-01-03 21:52:00,62.84095793948117,64.94454795144034,113.54955761785888,1.536202730350121,0,NORMAL,No Incident,0.0,LOW
2026-01-03 21:53:00,25.73607929464792,62.772216146504,142.36337096747948,2.405029604444193,0,NORMAL,No Incident,0.0,LOW
2026-01-03 21:54:00,26.13070129804328,51.93253583575083,97.39766735262104,1.0307208016556348,0,NORMAL,No Incident,0.0,LOW
2026-01-03 21:55:00,45.04121827989851,47.76200835996727,115.49303732573983,2.8439892521191967,0,NORMAL,No Incident,0.0,LOW
2026-01-03 21:56:00,60.97300187543709,72.29917384547431,122.75516810348074,2.8990415328371246,0,NORMAL,No Incident,0.0,LOW
2026-01-03 21:57:00,34.34351968394404,71.31288312485425,111.17244993410742,4.397023918201187,0,NORMAL,No Incident,0.0,LOW
2026-01-03 21:58:00,19.92367660306243,40.10034593035097,122.01525645803196,2.4820397972196493,0,NORMAL,No Incident,0.0,LOW
2026-01-03 21:59:00,55.71179406219208,56.334215765948,116.2461213715647,2.724094202506093,0,NORMAL,No Incident,0.0,LOW
2026-01-03 22:00:00,52.43657223702714,73.3135364382712,92.0131390442825,1.5291696234962182,0,NORMAL,No Incident,0.0,LOW
2026-01-03 22:01:00,39.097915932005705,56.19149953777706,123.62955763758112,2.5413793726352383,0,NORMAL,No Incident,0.0,LOW
2026-01-03 22:02:00,40.1446039927907,56.07510212778678,93.43296416974265,1.6201087913124164,0,NORMAL,No Incident,0.0,LOW
2026-01-03 22:03:00,40.30256280365326,57.73792537896505,123.31230250193444,2.115860758842,0,NORMAL,No Incident,0.0,LOW
2026-01-03 22:04:00,51.1053531747394,51.03282420985472,147.48271648300218,2.174515661545795,0,NORMAL,No Incident,0.0,LOW
2026-01-03 22:05:00,43.73684723816993,46.361794046175646,114.3795360544789,1.6476951266508295,0,NORMAL,No Incident,0.0,LOW
2026-01-03 22:06:00,54.9406391897552,68.42037848587799,96.57033740058029,2.062945096541993,0,NORMAL,No Incident,0.0,LOW
2026-01-03 22:07:00,21.45373337095609,45.25650475001859,117.4602437359004,1.6247048302865794,0,NORMAL,No Incident,0.0,LOW
2026-01-03 22:08:00,41.43148134872201,61.97817161687005,103.36057783842938,1.620268874966161,0,NORMAL,No Incident,0.0,LOW
2026-01-03 22:09:00,38.7394603908895,67.0926359420612,131.8901800526294,3.076664651502272,0,NORMAL,No Incident,0.0,LOW
2026-01-03 22:10:00,47.43659321627508,48.390189608790735,117.04022504954293,2.1754136418264114,0,NORMAL,No Incident,0.0,LOW
2026-01-03 22:11:00,44.619522415098615,52.60585277923943,154.19526503329146,2.3470662722002773,0,NORMAL,No Incident,0.0,LOW
2026-01-03 22:12:00,57.978437798957664,69.70543350713272,143.25979191354676,0.5426952310144642,0,NORMAL,No Incident,0.0,LOW
2026-01-03 22:13:00,31.406632283399425,64.26313376181632,116.93838991037194,2.42345833183039,0,NORMAL,No Incident,0.0,LOW
2026-01-03 22:14:00,50.45491476330752,55.061714344968905,134.31218135946182,2.5304234639752377,0,NORMAL,No Incident,0.0,LOW
2026-01-03 22:15:00,55.583364232117056,69.61799202688937,112.13527181674309,1.6016613773112474,0,NORMAL,No Incident,0.0,LOW
2026-01-03 22:16:00,68.56647436561954,69.65228578763441,120.67913770330335,4.085029676260692,0,NORMAL,No Incident,0.0,LOW
2026-01-03 22:17:00,45.18234028906525,62.15242154412566,112.77131607299376,0.0,0,NORMAL,No Incident,0.0,LOW
2026-01-03 22:18:00,53.24458604352517,52.7987181770107,135.32911919699418,2.7843671357705464,0,NORMAL,No Incident,0.0,LOW
2026-01-03 22:19:00,31.96137207437635,56.69241037222564,148.65976553419156,2.712804804954862,0,NORMAL,No Incident,0.0,LOW
2026-01-03 22:20:00,26.08043795686976,62.29109395164312,135.97296414382288,2.541582931999412,0,NORMAL,No Incident,0.0,LOW
2026-01-03 22:21:00,58.447743757817,58.49124136682009,138.4387320257071,2.176212705638623,0,NORMAL,No Incident,0.0,LOW
2026-01-03 22:22:00,49.9443970635193,67.51165742587881,138.46066874471458,2.550679322625037,0,NORMAL,No Incident,0.0,LOW
2026-01-03 22:23:00,61.78512689798423,47.761807359125314,131.0251184466942,2.8681754795558936,0,NORMAL,No Incident,0.0,LOW
2026-01-03 22:24:00,36.26597111030251,48.04589176747009,97.21427681579463,1.274112416168006,0,NORMAL,No Incident,0.0,LOW
2026-01-03 22:25:00,55.19902139528752,61.44696889185946,154.01943038833,2.2991956221800898,0,NORMAL,No Incident,0.0,LOW
2026-01-03 22:26:00,68.68817840543853,56.06764468954477,156.0882165339685,1.816683157976696,0,NORMAL,No Incident,0.0,LOW
2026-01-03 22:27:00,54.19705608357266,54.98361108241807,115.32240793373263,0.9062315997744914,0,NORMAL,No Incident,0.0,LOW
2026-01-03 22:28:00,52.76581505591049,45.85554624660482,112.58604169567636,2.71716997461329,0,NORMAL,No Incident,0.0,LOW
2026-01-03 22:29:00,50.0855608082435,60.15636675838545,132.2482330583075,1.4356395753159663,0,NORMAL,No Incident,0.0,LOW
2026-01-03 22:30:00,34.291185428740874,59.57795913599387,131.0162567036701,0.5021413252205329,0,NORMAL,No Incident,0.0,LOW
2026-01-03 22:31:00,63.55572935710348,65.22783185561393,115.96107862493965,1.460889339298351,0,NORMAL,No Incident,0.0,LOW
2026-01-03 22:32:00,43.89142360194934,60.55124906496778,94.99948688824792,1.2011011019068696,0,NORMAL,No Incident,0.0,LOW
2026-01-03 22:33:00,55.04483256383017,58.93916737407603,126.11402381499556,3.0284790091901104,0,NORMAL,No Incident,0.0,LOW
2026-01-03 22:34:00,34.36965693428746,69.4160050943227,131.0287307635109,2.153193140558077,0,NORMAL,No Incident,0.0,LOW
2026-01-03 22:35:00,38.2054033549222,49.5002615724116,134.51642296077594,3.38238274568994,0,NORMAL,No Incident,0.0,LOW
2026-01-03 22:36:00,64.35087399222235,64.29111375078061,126.98585544708416,1.333443768766954,0,NORMAL,No Incident,0.0,LOW
2026-01-03 22:37:00,46.52697711042157,46.63082268163721,114.57769703276182,2.874169871896499,0,NORMAL,No Incident,0.0,LOW
2026-01-03 22:38:00,64.53275476042545,53.29310495999354,139.88004079012558,4.839622914807913,0,NORMAL,No Incident,0.0,LOW
2026-01-03 22:39:00,49.21769340941482,50.29874293901349,121.31696995131836,2.3560324671271404,0,NORMAL,No Incident,0.0,LOW
2026-01-03 22:40:00,31.581022270421425,66.25554028361535,110.70153971270558,2.8616488623231526,0,NORMAL,No Incident,0.0,LOW
2026-01-03 22:41:00,58.9206759973172,59.47671813123685,116.38693235908558,2.693517664225406,0,NORMAL,No Incident,0.0,LOW
2026-01-03 22:42:00,44.10107682244392,59.89197404325618,85.08061935050037,0.5779246725741733,0,NORMAL,No Incident,0.0,LOW
2026-01-03 22:43:00,56.98688813517043,51.14613609816439,116.35516351642924,2.5858172974674507,0,NORMAL,No Incident,0.0,LOW
2026-01-03 22:44:00,50.25210867540082,57.60245203253689,133.76873039749336,2.306456320649569,0,NORMAL,No Incident,0.0,LOW
2026-01-03 22:45:00,34.568817720571296,53.89227757352711,126.7956604427846,1.7402526166016907,0,NORMAL,No Incident,0.0,LOW
2026-01-03 22:46:00,51.64294765370569,63.06764011883373,150.41328345962373,1.1159636257951195,0,NORMAL,No Incident,0.0,LOW
2026-01-03 22:47:00,71.96223142152799,52.07127091734709,114.74050171968592,2.693983240327037,0,NORMAL,No Incident,0.0,LOW
2026-01-03 22:48:00,54.92986458514459,70.63835492164061,129.74626326106633,1.027596260389379,0,NORMAL,No Incident,0.0,LOW
2026-01-03 22:49:00,49.42482246994537,46.59535640300725,135.85480352611543,4.133645604681897,0,NORMAL,No Incident,0.0,LOW
2026-01-03 22:50:00,60.75343401956898,53.54784134034751,166.85714016574815,2.1141690834881284,0,NORMAL,No Incident,0.0,LOW
2026-01-03 22:51:00,52.10668465203111,73.41760407972878,122.8953098223528,0.7766929522134964,0,NORMAL,No Incident,0.0,LOW
2026-01-03 22:52:00,52.09534230262794,56.51889001630372,99.11625642271952,1.4860037216716613,0,NORMAL,No Incident,0.0,LOW
2026-01-03 22:53:00,39.083748278408976,49.48097068476471,136.95857506710564,1.7218656617101828,0,NORMAL,No Incident,0.0,LOW
2026-01-03 22:54:00,52.33848025789598,61.75257250030135,157.31454711936914,4.412376653923846,0,NORMAL,No Incident,0.0,LOW
2026-01-03 22:55:00,60.35443416416945,56.196862062283664,113.54902579546756,1.1154110531905037,0,NORMAL,No Incident,0.0,LOW
2026-01-03 22:56:00,41.63937847899975,53.31303795505355,136.82163077212832,1.8837827367486129,0,NORMAL,No Incident,0.0,LOW
2026-01-03 22:57:00,64.24495821246947,51.23303351361026,144.5745611045784,1.4621716301349776,0,NORMAL,No Incident,0.0,LOW
2026-01-03 22:58:00,49.08293975854874,82.14698884500754,140.34131087940307,2.4992584855816644,0,NORMAL,No Incident,0.0,LOW
2026-01-03 22:59:00,41.12230488461459,57.98758479852691,122.51117044947156,1.4781165862949557,0,NORMAL,No Incident,0.0,LOW
2026-01-03 23:00:00,59.976320769202445,44.59546111733698,106.03052483573708,0.8609433338602897,0,NORMAL,No Incident,0.0,LOW
2026-01-03 23:01:00,47.132057642617305,71.94967807204428,118.37440903972828,1.804705420203801,0,NORMAL,No Incident,0.0,LOW
2026-01-03 23:02:00,57.59514887486108,64.88856724088457,129.17200907755262,1.7006061566677568,0,NORMAL,No Incident,0.0,LOW
2026-01-03 23:03:00,47.08241367741463,53.868268551841695,138.1644504818346,1.4077556223759866,0,NORMAL,No Incident,0.0,LOW
2026-01-03 23:04:00,49.40173856470096,52.53504729051087,126.67890095998078,1.4611896411028824,0,NORMAL,No Incident,0.0,LOW
2026-01-03 23:05:00,54.93560204334292,65.38778236926585,112.40184066918846,3.184695797881003,0,NORMAL,No Incident,0.0,LOW
2026-01-03 23:06:00,52.90897057590006,58.02465338008436,131.10759312299538,1.6802597857324957,0,NORMAL,No Incident,0.0,LOW
2026-01-03 23:07:00,30.04468219548261,44.59217745243919,137.2017013548564,0.8658723375215673,0,NORMAL,No Incident,0.0,LOW
2026-01-03 23:08:00,38.78756259905608,74.29791971683734,127.59220112828962,1.5378840362001438,0,NORMAL,No Incident,0.0,LOW
2026-01-03 23:09:00,59.29409984790816,56.528076302272346,103.2762577092335,2.0543356594653925,0,NORMAL,No Incident,0.0,LOW
2026-01-03 23:10:00,48.678634110984525,71.96457389185942,116.3718793056562,0.663730363448646,0,NORMAL,No Incident,0.0,LOW
2026-01-03 23:11:00,44.762686972285785,70.22747966372572,138.95641552824932,3.625977960006399,0,NORMAL,No Incident,0.0,LOW
2026-01-03 23:12:00,36.41425984742526,51.991923644137486,92.33964382511051,2.867579477506272,0,NORMAL,No Incident,0.0,LOW
2026-01-03 23:13:00,39.20263678724152,68.26551891490519,78.13643955217682,3.43017274361878,0,NORMAL,No Incident,0.0,LOW
2026-01-03 23:14:00,29.782013600380527,54.78845960109055,150.16165700288042,2.3921281254876825,0,NORMAL,No Incident,0.0,LOW
2026-01-03 23:15:00,48.987192812984674,45.06639530556846,130.22830510043758,0.0,0,NORMAL,No Incident,0.0,LOW
2026-01-03 23:16:00,44.01562419418953,56.60321467182286,132.13460005040213,3.535333716638513,0,NORMAL,No Incident,0.0,LOW
2026-01-03 23:17:00,40.33412109014685,63.18110001421023,98.46366052745888,1.1364316402901071,0,NORMAL,No Incident,0.0,LOW
2026-01-03 23:18:00,49.31876574832047,56.298106816029296,134.75056126933077,1.2178132559979011,0,NORMAL,No Incident,0.0,LOW
2026-01-03 23:19:00,53.63970630852738,57.54361327259919,125.50497375136727,2.156325143955444,0,NORMAL,No Incident,0.0,LOW
2026-01-03 23:20:00,70.93197932209945,69.14852835942891,88.31344844303206,3.3782298466701493,0,NORMAL,No Incident,0.0,LOW
2026-01-03 23:21:00,34.88116580436787,60.85195184232074,148.48566828547715,3.0532871339523995,0,NORMAL,No Incident,0.0,LOW
2026-01-03 23:22:00,61.59381043300522,53.25361350972038,123.17366647237458,2.906281120176021,0,NORMAL,No Incident,0.0,LOW
2026-01-03 23:23:00,59.73101561015072,65.61624258933861,112.07832067841464,1.6881729471254467,0,NORMAL,No Incident,0.0,LOW
2026-01-03 23:24:00,42.20907260623299,61.581404535633965,112.44020508029564,1.6723924739078884,0,NORMAL,No Incident,0.0,LOW
2026-01-03 23:25:00,52.03235954586031,39.82716158830365,79.69556189135247,2.3459436679800665,0,NORMAL,No Incident,0.0,LOW
2026-01-03 23:26:00,45.42366750662385,63.42682331017159,131.86673199262728,1.869929158716468,0,NORMAL,No Incident,0.0,LOW
2026-01-03 23:27:00,51.85688580418739,63.134629661728816,125.23714414491452,2.889317907329353,0,NORMAL,No Incident,0.0,LOW
2026-01-03 23:28:00,65.0913101340455,60.16096903664688,116.1183973533381,2.8301176644952264,0,NORMAL,No Incident,0.0,LOW
2026-01-03 23:29:00,56.05606232631313,67.1336046485566,145.56970414903344,2.5913413211727057,0,NORMAL,No Incident,0.0,LOW
2026-01-03 23:30:00,55.08608373233442,54.62085132538798,92.32281962008308,0.0,0,NORMAL,No Incident,0.0,LOW
2026-01-03 23:31:00,45.696906800453576,62.69199831056721,108.0645504726477,2.127988363677264,0,NORMAL,No Incident,0.0,LOW
2026-01-03 23:32:00,35.15943335075665,47.46432503066118,102.99983490479228,1.891146119267299,0,NORMAL,No Incident,0.0,LOW
2026-01-03 23:33:00,47.91531789459592,63.256723067190656,114.42410040456896,2.168025601759532,0,NORMAL,No Incident,0.0,LOW
2026-01-03 23:34:00,62.06608154863915,75.62447756431916,121.34940050514446,1.2456753614535931,0,NORMAL,No Incident,0.0,LOW
2026-01-03 23:35:00,34.72832143410352,52.04114918025967,128.6002704762271,0.6752140896007748,0,NORMAL,No Incident,0.0,LOW
2026-01-03 23:36:00,39.44910631823305,53.9215829440978,113.06053093789764,2.46313847997504,0,NORMAL,No Incident,0.0,LOW
2026-01-03 23:37:00,51.26267736234068,54.31987645686758,102.45288529690212,1.643698682267938,0,NORMAL,No Incident,0.0,LOW
2026-01-03 23:38:00,40.153452151527375,61.039985806412766,153.7201389954089,2.5746929937075995,0,NORMAL,No Incident,0.0,LOW
2026-01-03 23:39:00,42.07476552884788,51.49570981717025,168.2328038357714,1.3290856223152288,0,NORMAL,No Incident,0.0,LOW
2026-01-03 23:40:00,45.76401418271823,63.36997902952784,122.8657334376405,3.415910640492677,0,NORMAL,No Incident,0.0,LOW
2026-01-03 23:41:00,36.343825958098506,66.77471956375332,104.86439265958266,3.001064842570764,0,NORMAL,No Incident,0.0,LOW
2026-01-03 23:42:00,40.25878153783631,64.27477770763028,149.50908262084587,2.29682710854588,0,NORMAL,No Incident,0.0,LOW
2026-01-03 23:43:00,57.03427916787309,45.85267659489542,91.0648578734307,1.7867115866140528,0,NORMAL,No Incident,0.0,LOW
2026-01-03 23:44:00,36.92630217769036,67.96134132126885,113.30453350590344,2.852408877798197,0,NORMAL,No Incident,0.0,LOW
2026-01-03 23:45:00,34.021278655051624,67.49893931402944,106.07765897307397,2.392547815237406,0,NORMAL,No Incident,0.0,LOW
2026-01-03 23:46:00,43.69975020466106,66.64129097877043,96.80928899099024,2.2385841879306048,0,NORMAL,No Incident,0.0,LOW
2026-01-03 23:47:00,57.31955502509846,62.9827379892466,114.3995153415646,3.0428654095596084,0,NORMAL,No Incident,0.0,LOW
2026-01-03 23:48:00,48.0307819200311,61.76151451364106,102.7165584165207,3.42653615440664,0,NORMAL,No Incident,0.0,LOW
2026-01-03 23:49:00,45.35418921884381,68.25911518501117,120.2530892829731,0.7475888155144554,0,NORMAL,No Incident,0.0,LOW
2026-01-03 23:50:00,50.44358797515607,75.38810790082763,120.54354335344928,0.9496158926501936,0,NORMAL,No Incident,0.0,LOW
2026-01-03 23:51:00,32.54292567140348,52.3756762930812,107.57336552956042,1.219739274521202,0,NORMAL,No Incident,0.0,LOW
2026-01-03 23:52:00,54.94705653775033,68.62500316635817,112.5897328681226,0.4975754023564482,0,NORMAL,No Incident,0.0,LOW
2026-01-03 23:53:00,53.83435031403644,59.31026321594038,115.3830206419258,1.9372514744308489,0,NORMAL,No Incident,0.0,LOW
2026-01-03 23:54:00,45.90691525904279,58.9626155837712,136.19692122238854,2.600116455244506,0,NORMAL,No Incident,0.0,LOW
2026-01-03 23:55:00,60.05924511796417,47.70775447694369,117.03141197871628,1.9785817050476635,0,NORMAL,No Incident,0.0,LOW
2026-01-03 23:56:00,38.725039010469615,57.72168472387684,136.49403481572193,1.4658783583871045,0,NORMAL,No Incident,0.0,LOW
2026-01-03 23:57:00,61.27908993253569,52.02188033625268,131.7162596710931,3.126457757129158,0,NORMAL,No Incident,0.0,LOW
2026-01-03 23:58:00,51.54493665595251,56.28916456395243,131.43061393801483,2.140556403206749,0,NORMAL,No Incident,0.0,LOW
2026-01-03 23:59:00,46.63447410121827,51.2145089297748,147.75691940691945,2.3429829673663183,0,NORMAL,No Incident,0.0,LOW
2026-01-04 00:00:00,49.80126364631688,56.40873290149595,97.6121824050818,3.15423480489976,0,NORMAL,No Incident,0.0,LOW
2026-01-04 00:01:00,48.92735234189058,56.75111714381278,110.53633787385772,1.8767580611488663,0,NORMAL,No Incident,0.0,LOW
2026-01-04 00:02:00,62.20282896417717,60.7740393475104,155.26597600599138,4.060214072624681,0,NORMAL,No Incident,0.0,LOW
2026-01-04 00:03:00,39.23320872528986,47.08200110166935,114.85366998821463,1.552184996128234,0,NORMAL,No Incident,0.0,LOW
2026-01-04 00:04:00,42.37480760853402,48.43585481803741,63.69752620188301,3.9979482045129,0,NORMAL,No Incident,0.0,LOW
2026-01-04 00:05:00,60.3630289207248,62.89531416584421,115.9406331370423,1.0252648180875794,0,NORMAL,No Incident,0.0,LOW
2026-01-04 00:06:00,44.04465064816141,53.62049506343921,122.698790603265,2.5174849028804416,0,NORMAL,No Incident,0.0,LOW
2026-01-04 00:07:00,59.00533077331592,68.59623832183945,67.65773765137578,1.357467831193763,0,NORMAL,No Incident,0.0,LOW
2026-01-04 00:08:00,66.99435983008709,61.80215777612037,146.67871279775898,3.119566116981092,0,NORMAL,No Incident,0.0,LOW
2026-01-04 00:09:00,45.98204973058366,64.85409720165126,105.72575072268796,1.5217673921415715,0,NORMAL,No Incident,0.0,LOW
2026-01-04 00:10:00,56.81362326575305,71.28553856336715,126.57126230375032,2.290871190644086,0,NORMAL,No Incident,0.0,LOW
2026-01-04 00:11:00,38.46307718660142,57.522313505547416,115.48036909311875,1.3494580039584303,0,NORMAL,No Incident,0.0,LOW
2026-01-04 00:12:00,57.54733298067809,55.40410635666979,94.23297161591915,2.937225173666614,0,NORMAL,No Incident,0.0,LOW
2026-01-04 00:13:00,51.99423985986767,66.9736206847905,98.5898373072916,1.3442487393608606,0,NORMAL,No Incident,0.0,LOW
2026-01-04 00:14:00,54.73038282160215,64.07610851143748,101.29834327144906,3.6834148447426687,0,NORMAL,No Incident,0.0,LOW
2026-01-04 00:15:00,43.54427927964605,58.50135752142959,141.71343818367276,1.0040028930386096,0,NORMAL,No Incident,0.0,LOW
2026-01-04 00:16:00,33.389165844328275,71.13166373564754,117.04923623799696,0.6543720816718532,0,NORMAL,No Incident,0.0,LOW
2026-01-04 00:17:00,55.03252064749505,58.30204552128056,109.56268966896506,2.9515520780790863,0,NORMAL,No Incident,0.0,LOW
2026-01-04 00:18:00,29.365968475205456,60.26218910044625,101.30782174819538,1.4083563597364783,0,NORMAL,No Incident,0.0,LOW
2026-01-04 00:19:00,46.82649507757465,60.16978120667407,143.92300443052252,1.9927626865504644,0,NORMAL,No Incident,0.0,LOW
2026-01-04 00:20:00,59.4118186641997,52.52324884081223,149.28402545047174,1.6777588461642792,0,NORMAL,No Incident,0.0,LOW
2026-01-04 00:21:00,51.91897735873036,60.620683115891126,143.69487797413362,0.6873917328473098,0,NORMAL,No Incident,0.0,LOW
2026-01-04 00:22:00,69.48342644789813,71.17408141918793,129.84874678308333,1.923006335861662,0,NORMAL,No Incident,0.0,LOW
2026-01-04 00:23:00,60.251091525817735,63.55974652300941,125.79660083741425,3.264915894972302,0,NORMAL,No Incident,0.0,LOW
2026-01-04 00:24:00,43.46101611674423,60.248507411191454,95.68124364048197,3.0031370033055653,0,NORMAL,No Incident,0.0,LOW
2026-01-04 00:25:00,50.27313379851439,58.70586175067465,115.08361746577884,2.2317927626259246,0,NORMAL,No Incident,0.0,LOW
2026-01-04 00:26:00,49.52629297455564,62.64693622725081,106.32279593307126,3.112268293035107,0,NORMAL,No Incident,0.0,LOW
2026-01-04 00:27:00,34.17823236653873,65.99813302791348,83.48975782030581,0.9404814153058234,0,NORMAL,No Incident,0.0,LOW
2026-01-04 00:28:00,40.59601083515647,64.87391064711802,141.14086838330732,1.6745456710949935,0,NORMAL,No Incident,0.0,LOW
2026-01-04 00:29:00,44.3923909302014,57.34508110542416,106.08340107215447,2.395804940730208,0,NORMAL,No Incident,0.0,LOW
2026-01-04 00:30:00,29.63779497144064,62.59825275288092,143.91883814870613,1.8695851731828883,0,NORMAL,No Incident,0.0,LOW
2026-01-04 00:31:00,50.47493468251643,63.83951792918623,137.63492801520024,1.7531766695234428,0,NORMAL,No Incident,0.0,LOW
2026-01-04 00:32:00,47.50928155346959,51.94244009978417,131.13435953266838,0.7993562676789048,0,NORMAL,No Incident,0.0,LOW
2026-01-04 00:33:00,33.27106098688426,61.34584432946956,132.25768143526366,0.0,0,NORMAL,No Incident,0.0,LOW
2026-01-04 00:34:00,54.04212865277332,42.70956890958111,107.69372235852585,2.817866424949636,0,NORMAL,No Incident,0.0,LOW
2026-01-04 00:35:00,57.1587274469096,63.86026967856948,157.1570030258133,2.243221573252226,0,NORMAL,No Incident,0.0,LOW
2026-01-04 00:36:00,52.27034478864889,65.28274443650145,120.862508619061,2.901998378210093,0,NORMAL,No Incident,0.0,LOW
2026-01-04 00:37:00,46.7593182479103,65.98036900629168,126.03863370237409,1.5627640578416255,0,NORMAL,No Incident,0.0,LOW
2026-01-04 00:38:00,55.91442151751855,56.83962518264346,107.0184733286672,1.287222115172406,0,NORMAL,No Incident,0.0,LOW
2026-01-04 00:39:00,56.80220360476691,62.47237468019228,101.3766947844608,2.0065479666366346,0,NORMAL,No Incident,0.0,LOW
2026-01-04 00:40:00,53.07403569719688,71.39163076432934,129.54592017618847,2.8541996486128163,0,NORMAL,No Incident,0.0,LOW
2026-01-04 00:41:00,41.75387749565239,71.31015718633007,124.35026991877572,1.7685477850123457,0,NORMAL,No Incident,0.0,LOW
2026-01-04 00:42:00,52.76600765511181,59.76661840618752,104.21295268194844,2.8017851843284856,0,NORMAL,No Incident,0.0,LOW
2026-01-04 00:43:00,61.95480650825479,61.11455704583648,91.23146562449192,0.9936919944069132,0,NORMAL,No Incident,0.0,LOW
2026-01-04 00:44:00,44.0337094138827,68.88728915787547,94.60153825344906,1.8385528668301327,0,NORMAL,No Incident,0.0,LOW
2026-01-04 00:45:00,70.97939339132431,47.9935838779026,143.92267434182213,1.929885855921969,0,NORMAL,No Incident,0.0,LOW
2026-01-04 00:46:00,44.74369066014616,57.4153940585838,107.73492370699856,3.22638994392192,0,NORMAL,No Incident,0.0,LOW
2026-01-04 00:47:00,50.32407013340136,70.68456364429406,113.22182908648332,2.207627398015908,0,NORMAL,No Incident,0.0,LOW
2026-01-04 00:48:00,43.27514403993664,67.80160433347812,149.00680517518123,3.7460775182941934,0,NORMAL,No Incident,0.0,LOW
2026-01-04 00:49:00,52.23270835920261,62.95411022119924,97.55698877027172,0.6523152000525174,0,NORMAL,No Incident,0.0,LOW
2026-01-04 00:50:00,32.57778307364725,47.95334075735504,105.46010348565886,2.12991890441128,0,NORMAL,No Incident,0.0,LOW
2026-01-04 00:51:00,44.53958201183279,59.600718135670704,104.62466342878614,2.179398039180446,0,NORMAL,No Incident,0.0,LOW
2026-01-04 00:52:00,39.07878799651433,55.28067683000054,152.3613696233208,2.620093197586867,0,NORMAL,No Incident,0.0,LOW
2026-01-04 00:53:00,51.35338347892291,62.64831122253771,159.86767001164827,1.186640063551109,0,NORMAL,No Incident,0.0,LOW
2026-01-04 00:54:00,59.94447375508908,53.52522652164096,135.03126450804342,3.684446339410836,0,NORMAL,No Incident,0.0,LOW
2026-01-04 00:55:00,56.46006187114551,51.79421284020314,135.6676944830848,2.01296394147176,0,NORMAL,No Incident,0.0,LOW
2026-01-04 00:56:00,26.28340639141108,43.48107777853087,108.39289994294538,0.912932487065082,0,NORMAL,No Incident,0.0,LOW
2026-01-04 00:57:00,70.4206965292788,69.77443747981361,158.94656973808566,1.9839750095863813,0,NORMAL,No Incident,0.0,LOW
2026-01-04 00:58:00,52.95279940620868,56.80183590845554,125.35392508717324,1.6868384771198863,0,NORMAL,No Incident,0.0,LOW
2026-01-04 00:59:00,42.23500859507,61.25716626962028,137.0622052889948,4.783235142247329,0,NORMAL,No Incident,0.0,LOW
2026-01-04 01:00:00,51.57127918990941,59.98209506820656,117.88950122458093,3.049943599525013,0,NORMAL,No Incident,0.0,LOW
2026-01-04 01:01:00,51.761898225026926,51.460528536316005,114.6393482534478,2.049661355708217,0,NORMAL,No Incident,0.0,LOW
2026-01-04 01:02:00,43.33151283048437,49.92748070841445,153.26084519192236,1.888083314800796,0,NORMAL,No Incident,0.0,LOW
2026-01-04 01:03:00,51.97916667342076,51.95747899202212,130.79447359476617,2.9510568624814653,0,NORMAL,No Incident,0.0,LOW
2026-01-04 01:04:00,43.92527712379693,54.21465248936486,149.02750922140763,2.9988621603282146,0,NORMAL,No Incident,0.0,LOW
2026-01-04 01:05:00,45.95638007309977,62.93284997611044,125.10656343490088,0.0,0,NORMAL,No Incident,0.0,LOW
2026-01-04 01:06:00,43.13720864244915,53.63425869183511,103.03266927153818,2.642993154733334,0,NORMAL,No Incident,0.0,LOW
2026-01-04 01:07:00,35.673287102603474,73.97192505275697,108.33314134243024,2.0279665439786267,0,NORMAL,No Incident,0.0,LOW
2026-01-04 01:08:00,51.45836470215384,68.21720828714521,122.0593048492922,0.6888561782130238,0,NORMAL,No Incident,0.0,LOW
2026-01-04 01:09:00,55.85299436516338,66.46687639732566,107.46999567913346,2.8802141396241767,0,NORMAL,No Incident,0.0,LOW
2026-01-04 01:10:00,55.14883596076372,59.0427287802148,97.85077182744618,4.246188013558266,0,NORMAL,No Incident,0.0,LOW
2026-01-04 01:11:00,58.19925252635234,72.11424588576386,144.0283406357405,2.5567959468277808,0,NORMAL,No Incident,0.0,LOW
2026-01-04 01:12:00,53.243402100148685,58.25595495103101,109.10259858352975,3.100428442256864,0,NORMAL,No Incident,0.0,LOW
2026-01-04 01:13:00,44.67274501783096,59.749908686766034,122.7638549558264,3.804119091964404,0,NORMAL,No Incident,0.0,LOW
2026-01-04 01:14:00,58.39663864431189,61.35979631799415,125.9226717977121,1.1697378492799482,0,NORMAL,No Incident,0.0,LOW
2026-01-04 01:15:00,36.42482460158065,65.61458432434675,108.23693749358864,0.1424285548330828,0,NORMAL,No Incident,0.0,LOW
2026-01-04 01:16:00,40.9932861748752,65.09526463202388,149.01598932617478,2.6568660633095016,0,NORMAL,No Incident,0.0,LOW
2026-01-04 01:17:00,40.35799928576756,56.19899777244317,97.65716477590776,1.752388463558549,0,NORMAL,No Incident,0.0,LOW
2026-01-04 01:18:00,60.8005605913931,55.73605024459237,125.23250527161542,0.625826547628457,0,NORMAL,No Incident,0.0,LOW
2026-01-04 01:19:00,59.42788514140076,65.11922365721668,124.92235412753168,1.9218300638642067,0,NORMAL,No Incident,0.0,LOW
2026-01-04 01:20:00,54.87305237044995,65.72189267112986,118.91490794271704,2.72754737379062,0,NORMAL,No Incident,0.0,LOW
2026-01-04 01:21:00,60.71929865211797,56.85319100141702,94.06174773456036,1.85102833523564,0,NORMAL,No Incident,0.0,LOW
2026-01-04 01:22:00,41.20717217588012,47.302495442572365,137.4163510372693,1.2131723692649627,0,NORMAL,No Incident,0.0,LOW
2026-01-04 01:23:00,53.48595119860981,58.34147123193405,134.87021340669193,1.7764929397034896,0,NORMAL,No Incident,0.0,LOW
2026-01-04 01:24:00,48.74825571616836,64.98820639060688,106.48862942817568,1.9805235346986545,0,NORMAL,No Incident,0.0,LOW
2026-01-04 01:25:00,58.46882103884914,74.44333477135825,134.14974414410725,0.0705177373739178,0,NORMAL,No Incident,0.0,LOW
2026-01-04 01:26:00,48.847757674478025,50.416336301274704,127.49815372601552,1.8572250468293068,0,NORMAL,No Incident,0.0,LOW
2026-01-04 01:27:00,46.15057111589919,56.58742997735541,94.38775709277785,0.6556595278551083,0,NORMAL,No Incident,0.0,LOW
2026-01-04 01:28:00,55.4090851856099,56.88477150779698,102.92142170857284,2.6590259520210964,0,NORMAL,No Incident,0.0,LOW
2026-01-04 01:29:00,58.76169167191233,70.84644271545201,142.7656288977916,0.4389574244132219,0,NORMAL,No Incident,0.0,LOW
2026-01-04 01:30:00,43.31654805153198,59.72046799633094,126.188323702841,3.012692204550936,0,NORMAL,No Incident,0.0,LOW
2026-01-04 01:31:00,49.38924328647624,52.74138752502188,108.71394108378747,1.5908349307860583,0,NORMAL,No Incident,0.0,LOW
2026-01-04 01:32:00,39.41559366358347,64.46956226337456,102.83048217654716,1.4570242932279878,0,NORMAL,No Incident,0.0,LOW
2026-01-04 01:33:00,25.019389825070604,56.76289183967243,109.69212403769158,2.294454597301972,0,NORMAL,No Incident,0.0,LOW
2026-01-04 01:34:00,52.00459631413729,50.20490181313637,111.11040940244592,1.133965554776608,0,NORMAL,No Incident,0.0,LOW
2026-01-04 01:35:00,56.08905356254632,52.8578135417908,103.08073934741496,2.278745754130064,0,NORMAL,No Incident,0.0,LOW
2026-01-04 01:36:00,52.620668090867255,73.87233563538095,85.16471775233396,1.2678912253116297,0,NORMAL,No Incident,0.0,LOW
2026-01-04 01:37:00,30.50438282245633,63.0736737731957,142.80026572801572,1.4432654876752309,0,NORMAL,No Incident,0.0,LOW
2026-01-04 01:38:00,46.491505699235255,60.86208044362034,139.41267345222886,2.405354169329135,0,NORMAL,No Incident,0.0,LOW
2026-01-04 01:39:00,27.816522399489187,58.00085011350363,94.5348909638628,0.8614192662656173,0,NORMAL,No Incident,0.0,LOW
2026-01-04 01:40:00,63.69701107654185,62.33719073695039,122.72622591127336,0.7356626982376431,0,NORMAL,No Incident,0.0,LOW
2026-01-04 01:41:00,39.139454178819136,62.24188756801996,101.95523594570469,2.248225507410342,0,NORMAL,No Incident,0.0,LOW
2026-01-04 01:42:00,62.55403609459896,62.33735062565861,114.76865553546928,1.973100147510616,0,NORMAL,No Incident,0.0,LOW
2026-01-04 01:43:00,59.45869643684146,60.918760722222025,113.10466840252688,2.168692744809392,0,NORMAL,No Incident,0.0,LOW
2026-01-04 01:44:00,40.994096474639385,66.95038670644439,111.44331568564256,2.3276392367214207,0,NORMAL,No Incident,0.0,LOW
2026-01-04 01:45:00,38.67215048732256,60.18483476800585,160.0589416815257,2.057375553806981,0,NORMAL,No Incident,0.0,LOW
2026-01-04 01:46:00,53.50370216386338,52.17648931557889,111.1934863064762,2.6080926239670688,0,NORMAL,No Incident,0.0,LOW
2026-01-04 01:47:00,41.55675962816929,55.100616872793054,103.8347234986615,2.0974362869786587,0,NORMAL,No Incident,0.0,LOW
2026-01-04 01:48:00,51.02484642158208,44.16785045208231,104.74837141005904,0.0,0,NORMAL,No Incident,0.0,LOW
2026-01-04 01:49:00,45.17172409193082,76.21453692833914,140.87553912803511,0.2521154053381444,0,NORMAL,No Incident,0.0,LOW
2026-01-04 01:50:00,32.18841585534366,66.9020367356215,86.95795336614131,3.9279491802420825,0,NORMAL,No Incident,0.0,LOW
2026-01-04 01:51:00,27.69531980875541,53.3594360389661,104.7475416712896,2.000071867058863,0,NORMAL,No Incident,0.0,LOW
2026-01-04 01:52:00,52.26684248494597,57.7452412048232,148.93645680223068,2.950241651717097,0,NORMAL,No Incident,0.0,LOW
2026-01-04 01:53:00,44.38442253669375,54.90498820634853,124.87972375995294,1.654296094372924,0,NORMAL,No Incident,0.0,LOW
2026-01-04 01:54:00,44.46910183085868,72.34037769099294,123.83844010072228,1.9419849056060696,0,NORMAL,No Incident,0.0,LOW
2026-01-04 01:55:00,56.95863839093785,48.64098268583257,162.64292920287403,1.5466353457291564,0,NORMAL,No Incident,0.0,LOW
2026-01-04 01:56:00,61.73442276632445,60.91580847055023,124.92695905896996,4.465927331461365,0,NORMAL,No Incident,0.0,LOW
2026-01-04 01:57:00,47.27455278638191,59.13177725948122,105.83627677280836,2.2532424223641425,0,NORMAL,No Incident,0.0,LOW
2026-01-04 01:58:00,46.594012930901386,66.61470904567291,114.35845886247304,1.4651420944938025,0,NORMAL,No Incident,0.0,LOW
2026-01-04 01:59:00,55.00143033113884,59.16792617820244,97.29135381938865,0.3484602865698092,0,NORMAL,No Incident,0.0,LOW
2026-01-04 02:00:00,36.43064430300424,45.93432898675652,145.11874080031393,3.973733442735852,0,NORMAL,No Incident,0.0,LOW
2026-01-04 02:01:00,52.23153054747697,57.99105732286047,131.49123435073432,1.8367216147716967,0,NORMAL,No Incident,0.0,LOW
2026-01-04 02:02:00,55.51885971822154,52.2227022564534,142.48828299941778,2.7442291195615973,0,NORMAL,No Incident,0.0,LOW
2026-01-04 02:03:00,56.80230208417629,60.636636372452486,144.2596785709874,2.855997290306546,0,NORMAL,No Incident,0.0,LOW
2026-01-04 02:04:00,30.63247297497535,71.47341629216261,111.71578438144935,1.5371694765696295,0,NORMAL,No Incident,0.0,LOW
2026-01-04 02:05:00,42.38644730191059,46.08459804614178,101.1049429598222,2.672452775386156,0,NORMAL,No Incident,0.0,LOW
2026-01-04 02:06:00,41.217367471765336,53.59821811680077,118.96573777383908,1.3958617132483826,0,NORMAL,No Incident,0.0,LOW
2026-01-04 02:07:00,50.99886954409213,55.57845636973202,102.54477858422923,1.0095736379605842,0,NORMAL,No Incident,0.0,LOW
2026-01-04 02:08:00,54.80744579767984,56.94695123669431,123.2991375081805,3.1644646925122126,0,NORMAL,No Incident,0.0,LOW
2026-01-04 02:09:00,100.0,95.92100531284196,642.6419376166938,11.8418106201778,1,CRITICAL,High API Latency / Database Performance Issue,100.0,HIGH
2026-01-04 02:10:00,45.05034519631927,58.6116446595089,116.63720707901666,2.518512833602655,0,NORMAL,No Incident,0.0,LOW
2026-01-04 02:11:00,45.024275016907865,63.32642180576356,122.99990179815478,2.410920993881771,0,NORMAL,No Incident,0.0,LOW
2026-01-04 02:12:00,100.0,84.99381565014579,618.1230876755327,12.637931960055289,1,CRITICAL,High API Latency / Database Performance Issue,100.0,HIGH
2026-01-04 02:13:00,52.96576938530305,61.8393947633435,136.05455144875395,0.4434630657983751,0,NORMAL,No Incident,0.0,LOW
2026-01-04 02:14:00,62.67651511187974,66.22238104702171,106.6443521142342,1.41470946868363,0,NORMAL,No Incident,0.0,LOW
2026-01-04 02:15:00,52.88728003009836,54.141603602103295,76.07107476713801,1.6755248425035751,0,NORMAL,No Incident,0.0,LOW
2026-01-04 02:16:00,38.42883381286729,66.25086495845211,129.4173771875076,1.1685213270985093,0,NORMAL,No Incident,0.0,LOW
2026-01-04 02:17:00,36.668716452221936,60.41898214982055,139.75668842615988,2.429006848016388,0,NORMAL,No Incident,0.0,LOW
2026-01-04 02:18:00,34.48487750941071,68.36368192385802,128.92748489517072,3.186893077595897,0,NORMAL,No Incident,0.0,LOW
2026-01-04 02:19:00,56.620518347584735,58.38864079938421,107.19539009063972,3.345184655346298,0,NORMAL,No Incident,0.0,LOW
2026-01-04 02:20:00,61.88596823087008,63.04995724129679,97.29975803627862,1.6607952347901165,0,NORMAL,No Incident,0.0,LOW
2026-01-04 02:21:00,68.4936214138638,59.67515014657176,129.88995063560645,2.291965862457907,0,NORMAL,No Incident,0.0,LOW
2026-01-04 02:22:00,58.431053323232405,59.23030190367537,122.82957905869348,2.445643504490099,0,NORMAL,No Incident,0.0,LOW
2026-01-04 02:23:00,61.628385775349855,62.07144342580552,117.4841474468334,2.621256094203529,0,NORMAL,No Incident,0.0,LOW
2026-01-04 02:24:00,44.19983667346315,64.29445975379923,156.44926685987582,1.1218649269273562,0,NORMAL,No Incident,0.0,LOW
2026-01-04 02:25:00,38.43584183256144,50.00348070460796,101.06399811637336,3.8205802682649663,0,NORMAL,No Incident,0.0,LOW
2026-01-04 02:26:00,58.50079332417553,71.46906887054303,155.5007404225493,2.926520184346445,0,NORMAL,No Incident,0.0,LOW
2026-01-04 02:27:00,54.17680752239401,45.12269567560161,120.6356780974128,2.952649343692441,0,NORMAL,No Incident,0.0,LOW
2026-01-04 02:28:00,51.07444374340893,54.52150312208883,83.2885904625825,3.203460056900397,0,NORMAL,No Incident,0.0,LOW
2026-01-04 02:29:00,53.8737148063299,59.2458474338808,116.41594691361718,2.5341359422659844,0,NORMAL,No Incident,0.0,LOW
2026-01-04 02:30:00,53.23185482458206,63.29884775268759,139.18992153198883,0.9726865769490276,0,NORMAL,No Incident,0.0,LOW
2026-01-04 02:31:00,62.83816859853562,72.60938022193103,112.6988993439006,1.8610272684448927,0,NORMAL,No Incident,0.0,LOW
2026-01-04 02:32:00,62.94985584816956,45.13366809419914,90.5044291752321,0.3489466049380845,0,NORMAL,No Incident,0.0,LOW
2026-01-04 02:33:00,55.44220352340347,55.93844697288232,116.7097093640766,2.415072509699084,0,NORMAL,No Incident,0.0,LOW
2026-01-04 02:34:00,58.45802872562928,42.98533209760588,102.85655252216588,1.8307863418344528,0,NORMAL,No Incident,0.0,LOW
2026-01-04 02:35:00,55.14062552424776,60.25297579128198,129.83628802175926,1.9594776164730685,0,NORMAL,No Incident,0.0,LOW
2026-01-04 02:36:00,45.38830267965381,62.17346867600025,135.46799632135222,3.2040011300856515,0,NORMAL,No Incident,0.0,LOW
2026-01-04 02:37:00,57.5656467491314,72.72636593737002,98.87459184503788,1.5430059614435407,0,NORMAL,No Incident,0.0,LOW
2026-01-04 02:38:00,36.05504931140739,60.96507808714763,105.883918897687,1.7478768412279235,0,NORMAL,No Incident,0.0,LOW
2026-01-04 02:39:00,60.53891552295883,68.35220103553904,135.13284930213877,2.021973295963216,0,NORMAL,No Incident,0.0,LOW
2026-01-04 02:40:00,38.05477060233965,64.67069665231247,102.82311443402082,0.1600077505863675,0,NORMAL,No Incident,0.0,LOW
2026-01-04 02:41:00,52.85803286794733,56.518014423958654,98.3568372834401,1.7339363442379967,0,NORMAL,No Incident,0.0,LOW
2026-01-04 02:42:00,41.54846041573841,48.728314025663686,96.4261773640749,0.0,0,NORMAL,No Incident,0.0,LOW
2026-01-04 02:43:00,55.533889830744265,62.20001838633448,127.0407722591624,1.4144784381042608,0,NORMAL,No Incident,0.0,LOW
2026-01-04 02:44:00,49.66074774072092,48.06318386283709,126.18315439034927,2.8551890533928272,0,NORMAL,No Incident,0.0,LOW
2026-01-04 02:45:00,34.05244041836667,70.36165658135715,106.31907939241916,2.447266558251069,0,NORMAL,No Incident,0.0,LOW
2026-01-04 02:46:00,54.20699631018479,58.70350318370541,120.10170792256469,1.405179689545924,0,NORMAL,No Incident,0.0,LOW
2026-01-04 02:47:00,44.220792231672895,69.56141929209133,150.54264768310262,2.0407982182238125,0,NORMAL,No Incident,0.0,LOW
2026-01-04 02:48:00,58.81146720813369,56.1582845269408,100.51879686163556,0.9250104328695944,0,NORMAL,No Incident,0.0,LOW
2026-01-04 02:49:00,50.01325688734407,62.150806291207935,80.96514781979101,1.99765659685048,0,NORMAL,No Incident,0.0,LOW
2026-01-04 02:50:00,53.95420985388038,61.67479085867751,129.1015115144074,4.93032028549251,0,NORMAL,No Incident,0.0,LOW
2026-01-04 02:51:00,40.42431044984788,59.63964705591261,117.79197672196824,3.845801320371932,0,NORMAL,No Incident,0.0,LOW
2026-01-04 02:52:00,44.10667768572638,56.538723892827264,105.79949826369796,2.052622130017261,0,NORMAL,No Incident,0.0,LOW
2026-01-04 02:53:00,45.41361363898916,63.13964814776416,133.04160474709815,2.1601441649153745,0,NORMAL,No Incident,0.0,LOW
2026-01-04 02:54:00,58.56702480242556,52.59069389213433,136.7845028933758,1.0204346853654491,0,NORMAL,No Incident,0.0,LOW
2026-01-04 02:55:00,66.77377087805489,50.324517368327534,75.83443960239815,1.1982108920489496,0,NORMAL,No Incident,0.0,LOW
2026-01-04 02:56:00,41.94828248257124,69.94261514661463,106.94804181337024,2.362184322104694,0,NORMAL,No Incident,0.0,LOW
2026-01-04 02:57:00,60.7684814465768,65.8173439111368,166.3503246239371,1.4751074343635149,0,NORMAL,No Incident,0.0,LOW
2026-01-04 02:58:00,28.30322582274298,60.52713286881792,131.66809831596382,2.904149594851582,0,NORMAL,No Incident,0.0,LOW
2026-01-04 02:59:00,38.05810598907711,73.32113906035025,133.522072765943,3.569685680977757,0,NORMAL,No Incident,0.0,LOW
2026-01-04 03:00:00,40.41221543813225,57.85787585020124,143.45788557262958,2.3326207847810387,0,NORMAL,No Incident,0.0,LOW
2026-01-04 03:01:00,36.474913105592776,70.58162575991183,120.34137650399452,2.101737205839927,0,NORMAL,No Incident,0.0,LOW
2026-01-04 03:02:00,34.1641161021242,61.404592679406576,135.9336832018324,0.3192203750893483,0,NORMAL,No Incident,0.0,LOW
2026-01-04 03:03:00,54.12998912137797,51.80199399938888,134.36124087674406,2.74761024527205,0,NORMAL,No Incident,0.0,LOW
2026-01-04 03:04:00,47.85932302272138,74.78432153416679,130.78082993505518,0.8563286984609417,0,NORMAL,No Incident,0.0,LOW
2026-01-04 03:05:00,53.794053976051096,67.92568677299268,113.55976058765192,1.5819908713665802,0,NORMAL,No Incident,0.0,LOW
2026-01-04 03:06:00,56.90472686121513,59.03183175192349,123.44117844732516,2.9595758923851347,0,NORMAL,No Incident,0.0,LOW
2026-01-04 03:07:00,52.65616993172534,65.81737007627159,108.23276871386444,3.0297581643090323,0,NORMAL,No Incident,0.0,LOW
2026-01-04 03:08:00,56.57763176150374,56.77037252801674,120.2562860913299,1.5334924726498829,0,NORMAL,No Incident,0.0,LOW
2026-01-04 03:09:00,49.30467713757731,66.63319228047634,96.63018215801466,1.5910844650800138,0,NORMAL,No Incident,0.0,LOW
2026-01-04 03:10:00,38.13006611694256,40.87137147772832,104.18752017454096,1.3006811267433285,0,NORMAL,No Incident,0.0,LOW
2026-01-04 03:11:00,60.57814180820796,51.84158933044325,114.35375916150142,0.8021462546740892,0,NORMAL,No Incident,0.0,LOW
2026-01-04 03:12:00,44.10887867218873,67.83407795429571,101.12589137139848,1.365204517895758,0,NORMAL,No Incident,0.0,LOW
2026-01-04 03:13:00,40.64403701237574,58.00275569424865,109.89965458509648,0.3868699810853113,0,NORMAL,No Incident,0.0,LOW
2026-01-04 03:14:00,48.22082124195602,61.660338359109936,116.72148046488968,2.683062581508265,0,NORMAL,No Incident,0.0,LOW
2026-01-04 03:15:00,40.87189080703487,49.22571470307652,128.04524689328755,2.394523605161876,0,NORMAL,No Incident,0.0,LOW
2026-01-04 03:16:00,45.82569618010568,74.78293596561683,138.9851460370582,2.560529284870513,0,NORMAL,No Incident,0.0,LOW
2026-01-04 03:17:00,53.440539215634665,69.52423714974141,110.72431257243784,1.0455959494248572,0,NORMAL,No Incident,0.0,LOW
2026-01-04 03:18:00,53.48341739246127,58.394518252997365,146.70209234537248,0.8049294364849437,0,NORMAL,No Incident,0.0,LOW
2026-01-04 03:19:00,41.021699335743705,56.76243314509339,138.77222157250986,2.05351427431356,0,NORMAL,No Incident,0.0,LOW
2026-01-04 03:20:00,45.12294627051256,68.23683489135755,130.08187663887884,2.0641025649502254,0,NORMAL,No Incident,0.0,LOW
2026-01-04 03:21:00,60.74333004770244,75.85976360135142,123.07298258593238,1.8527301724870544,0,NORMAL,No Incident,0.0,LOW
2026-01-04 03:22:00,54.96400117733941,67.63008204649083,126.38241683737084,1.7105167308121505,0,NORMAL,No Incident,0.0,LOW
2026-01-04 03:23:00,70.75065039348542,77.37442133917281,143.74102301332763,3.7107757776943866,0,NORMAL,No Incident,0.0,LOW
2026-01-04 03:24:00,61.80128173741528,52.621189367504655,144.47159319518548,2.4260250117929782,0,NORMAL,No Incident,0.0,LOW
2026-01-04 03:25:00,61.44293068559939,53.44490535600968,146.69893456767286,3.97067839146649,0,NORMAL,No Incident,0.0,LOW
2026-01-04 03:26:00,36.12131449544198,50.488471055573214,120.82653663754006,3.2689650254316334,0,NORMAL,No Incident,0.0,LOW
2026-01-04 03:27:00,57.63860351633423,63.53408519719584,131.09934329997225,3.703270926017345,0,NORMAL,No Incident,0.0,LOW
2026-01-04 03:28:00,49.46893198303089,61.40482839843496,146.87093013244103,0.925537233643998,0,NORMAL,No Incident,0.0,LOW
2026-01-04 03:29:00,44.49018196461751,58.78439101222411,107.52567930167214,2.59317099099803,0,NORMAL,No Incident,0.0,LOW
2026-01-04 03:30:00,51.680153405325285,66.47406902498639,113.63166292563392,1.568234511006627,0,NORMAL,No Incident,0.0,LOW
2026-01-04 03:31:00,59.45211534611484,69.85862884171732,120.32073326026956,0.3366132886404671,0,NORMAL,No Incident,0.0,LOW
2026-01-04 03:32:00,55.008315910042114,47.79470072570526,137.99197475958812,3.496003169555526,0,NORMAL,No Incident,0.0,LOW
2026-01-04 03:33:00,41.2152619865794,55.22422377679108,138.30344301437245,1.706307474294371,0,NORMAL,No Incident,0.0,LOW
2026-01-04 03:34:00,57.424589135926205,66.56114875298448,115.38271777604128,0.9448983697333156,0,NORMAL,No Incident,0.0,LOW
2026-01-04 03:35:00,43.62412457924036,56.258090529131344,89.8278109124058,1.5854361367513066,0,NORMAL,No Incident,0.0,LOW
2026-01-04 03:36:00,52.16683118964286,53.61435138913477,124.92367888591934,1.2037758772261808,0,NORMAL,No Incident,0.0,LOW
2026-01-04 03:37:00,46.96649932522866,68.14829942120316,101.63367725343198,1.3063020323833328,0,NORMAL,No Incident,0.0,LOW
2026-01-04 03:38:00,47.811337482643744,49.68399944220816,90.20127590719557,1.7783966098173505,0,NORMAL,No Incident,0.0,LOW
2026-01-04 03:39:00,57.662429750405096,57.58736153767116,94.72256878532568,3.730815193044743,0,NORMAL,No Incident,0.0,LOW
2026-01-04 03:40:00,39.598062801841024,62.62915220643847,126.5276201569112,1.3336827834553744,0,NORMAL,No Incident,0.0,LOW
2026-01-04 03:41:00,69.45195074276933,55.40944068871905,147.22074721865613,3.659270664219191,0,NORMAL,No Incident,0.0,LOW
2026-01-04 03:42:00,31.78913930705504,66.2652452481054,120.77789032472488,2.8488367959795218,0,NORMAL,No Incident,0.0,LOW
2026-01-04 03:43:00,44.02332316745143,55.44898419842104,124.2276130929193,2.396271563586086,0,NORMAL,No Incident,0.0,LOW
2026-01-04 03:44:00,53.70211889941741,71.26895594756735,143.6578987775585,2.748120032251875,0,NORMAL,No Incident,0.0,LOW
2026-01-04 03:45:00,55.8431416643531,58.99402962003382,89.11090181832891,2.0136556638374574,0,NORMAL,No Incident,0.0,LOW
2026-01-04 03:46:00,48.99524279428295,65.37016109364282,130.40352843200543,3.2860501038634258,0,NORMAL,No Incident,0.0,LOW
2026-01-04 03:47:00,49.42609296998457,65.96819162386254,119.76820431362356,2.5669802632671006,0,NORMAL,No Incident,0.0,LOW
2026-01-04 03:48:00,54.10550085327617,54.979679978047415,131.32114917664134,0.335334014974487,0,NORMAL,No Incident,0.0,LOW
2026-01-04 03:49:00,47.6893052254232,43.572107610752894,110.33032183192368,2.296251931889965,0,NORMAL,No Incident,0.0,LOW
2026-01-04 03:50:00,63.93181257934906,62.88604603731068,103.64125419147037,2.783973142992615,0,NORMAL,No Incident,0.0,LOW
2026-01-04 03:51:00,58.39349114231602,60.57830677699896,122.81017808571212,1.7109987813987828,0,NORMAL,No Incident,0.0,LOW
2026-01-04 03:52:00,58.728243510056345,64.44660822060102,152.98382646668924,2.1262558727139327,0,NORMAL,No Incident,0.0,LOW
2026-01-04 03:53:00,40.33843276629583,58.1877802209373,137.2182020908293,1.3871420053255932,0,NORMAL,No Incident,0.0,LOW
2026-01-04 03:54:00,49.206115755942974,56.55657840959427,109.84614459639818,0.6223743439364395,0,NORMAL,No Incident,0.0,LOW
2026-01-04 03:55:00,46.99534051279296,76.0677840878536,93.1805592803744,0.44962312906876,0,NORMAL,No Incident,0.0,LOW
2026-01-04 03:56:00,39.94398624310534,48.221167507913776,86.35865432604429,0.4629320129311365,0,NORMAL,No Incident,0.0,LOW
2026-01-04 03:57:00,53.60164183945767,65.87160382691391,146.32198903700964,2.669044742470532,0,NORMAL,No Incident,0.0,LOW
2026-01-04 03:58:00,44.62354242220184,55.40318513453287,100.89835423728346,0.0,0,NORMAL,No Incident,0.0,LOW
2026-01-04 03:59:00,56.55403829850237,57.31377105807663,113.48973174010128,1.3335200730365189,0,NORMAL,No Incident,0.0,LOW
2026-01-04 04:00:00,39.29808437105668,57.46317733940828,146.42422252155154,1.234346714754622,0,NORMAL,No Incident,0.0,LOW
2026-01-04 04:01:00,67.1904061284182,53.57252580662994,87.72197089042017,1.7178404640125355,0,NORMAL,No Incident,0.0,LOW
2026-01-04 04:02:00,41.03667341407938,64.56979368188992,149.84529018950118,0.1435684500637972,0,NORMAL,No Incident,0.0,LOW
2026-01-04 04:03:00,52.19302337200436,71.12514876759965,114.92719092214996,2.4038880947406187,0,NORMAL,No Incident,0.0,LOW
2026-01-04 04:04:00,57.918593103880674,63.76010928997329,97.02833369522524,0.7268386058401011,0,NORMAL,No Incident,0.0,LOW
2026-01-04 04:05:00,44.29359569799888,60.82705596969676,115.05298145702172,3.132405540709269,0,NORMAL,No Incident,0.0,LOW
2026-01-04 04:06:00,58.52468643432951,52.10847600720603,105.54806437197044,1.3782343124111676,0,NORMAL,No Incident,0.0,LOW
2026-01-04 04:07:00,37.70816402199584,64.13460212659561,128.81639597811431,1.90438697658808,0,NORMAL,No Incident,0.0,LOW
2026-01-04 04:08:00,64.5211769918256,77.25079705383439,107.03735132224443,2.003773856555206,0,NORMAL,No Incident,0.0,LOW
2026-01-04 04:09:00,50.14149264965759,56.95444300963926,81.76715578161914,2.244241052860572,0,NORMAL,No Incident,0.0,LOW
2026-01-04 04:10:00,44.0358859203112,56.992131365185074,115.5887493118202,2.0370143774961424,0,NORMAL,No Incident,0.0,LOW
2026-01-04 04:11:00,47.00818227572566,55.51128695215202,92.86909895426922,1.572889451267368,0,NORMAL,No Incident,0.0,LOW
2026-01-04 04:12:00,58.0891926939272,56.08468612404464,124.0863976797664,2.343048530694043,0,NORMAL,No Incident,0.0,LOW
2026-01-04 04:13:00,44.155447081495616,38.03760357062093,96.25739335433352,2.4661471304949543,0,NORMAL,No Incident,0.0,LOW
2026-01-04 04:14:00,42.50642310577223,63.2402830868457,110.23974393655828,1.2348653328903796,0,NORMAL,No Incident,0.0,LOW
2026-01-04 04:15:00,47.78463402416262,53.23558258916309,123.65175608428672,2.426367818973557,0,NORMAL,No Incident,0.0,LOW
2026-01-04 04:16:00,38.23037887230032,47.1178950496656,115.75082549931462,3.191720302401696,0,NORMAL,No Incident,0.0,LOW
2026-01-04 04:17:00,68.20543907941816,66.0255195978604,125.00860566002088,2.705894196104553,0,NORMAL,No Incident,0.0,LOW
2026-01-04 04:18:00,44.336054087852766,51.34385771966451,133.60574331435512,2.932375241647187,0,NORMAL,No Incident,0.0,LOW
2026-01-04 04:19:00,58.31616786180403,57.29064756892994,96.84132600537389,2.1719208489074453,0,NORMAL,No Incident,0.0,LOW
2026-01-04 04:20:00,52.09470083647773,71.73153912950863,118.71204918750584,1.0638495539251207,0,NORMAL,No Incident,0.0,LOW
2026-01-04 04:21:00,40.15465949518032,48.72627361580389,53.40992404983741,1.190355540296355,0,NORMAL,No Incident,0.0,LOW
2026-01-04 04:22:00,49.940452907872704,47.73921412321791,124.94666603365047,2.319887967854412,0,NORMAL,No Incident,0.0,LOW
2026-01-04 04:23:00,57.84002779310748,62.15444951649871,113.98371739250317,2.9427637251523104,0,NORMAL,No Incident,0.0,LOW
2026-01-04 04:24:00,48.11738664913693,69.19589891208295,100.33100473044058,4.785911913994056,0,NORMAL,No Incident,0.0,LOW
2026-01-04 04:25:00,61.93112945851028,47.405266258144295,126.31438844593048,2.981821944438604,0,NORMAL,No Incident,0.0,LOW
2026-01-04 04:26:00,60.21515392781864,63.26151789469742,143.45395154370135,0.829564242502498,0,NORMAL,No Incident,0.0,LOW
2026-01-04 04:27:00,59.1891485465833,64.64799631969353,110.47964504802114,1.2327274276400175,0,NORMAL,No Incident,0.0,LOW
2026-01-04 04:28:00,45.40343227727003,43.52671613046144,101.1037101951656,4.278517315955998,0,NORMAL,No Incident,0.0,LOW
2026-01-04 04:29:00,39.20157552218513,66.38801070325776,123.30050524877424,1.7856110680232216,0,NORMAL,No Incident,0.0,LOW
2026-01-04 04:30:00,43.86412394637205,67.01284703873743,93.2878666670728,2.0475146347612885,0,NORMAL,No Incident,0.0,LOW
2026-01-04 04:31:00,51.962409406667206,57.505715413951805,106.79237258928922,1.0395830795907712,0,NORMAL,No Incident,0.0,LOW
2026-01-04 04:32:00,55.45786713532355,70.01877089838406,144.44804323301005,3.565103405574244,0,NORMAL,No Incident,0.0,LOW
2026-01-04 04:33:00,28.284285952395525,69.09164459459876,121.24358459624575,2.500333207320625,0,NORMAL,No Incident,0.0,LOW
2026-01-04 04:34:00,49.9188679838825,60.82494340573764,82.41066072107668,1.2253986521146882,0,NORMAL,No Incident,0.0,LOW
2026-01-04 04:35:00,51.580892253231845,56.38843687740053,84.06016705441198,1.0061747111427288,0,NORMAL,No Incident,0.0,LOW
2026-01-04 04:36:00,47.224557436844485,52.21737685933634,123.2417138529355,2.307203945897872,0,NORMAL,No Incident,0.0,LOW
2026-01-04 04:37:00,62.91273839015879,59.69949192507047,137.24781151835376,2.0442061748804523,0,NORMAL,No Incident,0.0,LOW
2026-01-04 04:38:00,54.21780074250871,64.55807135763344,87.647570827477,2.8321102172211274,0,NORMAL,No Incident,0.0,LOW
2026-01-04 04:39:00,63.10191908080897,57.40658511167487,128.99425214993016,2.5469684731272,0,NORMAL,No Incident,0.0,LOW
2026-01-04 04:40:00,47.84039479649768,42.41999195790376,146.60687014979436,1.7355196512313773,0,NORMAL,No Incident,0.0,LOW
2026-01-04 04:41:00,59.37477492506925,70.14971115661257,157.75717975917277,1.4561984045386336,0,NORMAL,No Incident,0.0,LOW
2026-01-04 04:42:00,66.35066394527519,61.52178577475915,126.62445519719752,1.840057851701166,0,NORMAL,No Incident,0.0,LOW
2026-01-04 04:43:00,63.11693449272661,56.96300402658533,130.13605189104948,1.4493191533432377,0,NORMAL,No Incident,0.0,LOW
2026-01-04 04:44:00,39.07858406571267,66.8572671073863,77.33631144743711,1.8698044671952383,0,NORMAL,No Incident,0.0,LOW
2026-01-04 04:45:00,47.46323922457619,72.19710877186205,161.99505095991978,2.0164409286193816,0,NORMAL,No Incident,0.0,LOW
2026-01-04 04:46:00,46.54835294550204,37.584707444096864,108.49019573807756,1.1020691066199428,0,NORMAL,No Incident,0.0,LOW
2026-01-04 04:47:00,54.89254535076328,63.47410919937657,101.33057683149916,2.6306798620978804,0,NORMAL,No Incident,0.0,LOW
2026-01-04 04:48:00,56.86353555014533,48.58680631351722,114.89587731120751,1.6295722855303296,0,NORMAL,No Incident,0.0,LOW
2026-01-04 04:49:00,41.61107325974264,63.99288405439153,150.23346828370862,1.1581156497146567,0,NORMAL,No Incident,0.0,LOW
2026-01-04 04:50:00,50.67838513916938,61.02341761899663,164.16092095087097,1.648392571718132,0,NORMAL,No Incident,0.0,LOW
2026-01-04 04:51:00,29.80072667843864,65.0858122115244,122.50817358951689,2.242258156620286,0,NORMAL,No Incident,0.0,LOW
2026-01-04 04:52:00,64.4194500580189,56.00601908404276,139.9616834520731,2.0830381998133034,0,NORMAL,No Incident,0.0,LOW
2026-01-04 04:53:00,44.87625759323306,45.01407910544678,120.86408097371007,2.422118114904462,0,NORMAL,No Incident,0.0,LOW
2026-01-04 04:54:00,50.55863939844497,56.39705446994665,99.24409053963632,2.898346125075529,0,NORMAL,No Incident,0.0,LOW
2026-01-04 04:55:00,46.90350286011939,63.25478108111827,149.53487341576582,3.304940204008033,0,NORMAL,No Incident,0.0,LOW
2026-01-04 04:56:00,61.46027575013415,68.12313862940178,107.55745039287224,2.2854861626880534,0,NORMAL,No Incident,0.0,LOW
2026-01-04 04:57:00,21.62493558602621,50.6253495962198,150.71061546743766,0.9305976127645031,0,NORMAL,No Incident,0.0,LOW
2026-01-04 04:58:00,49.83389657674091,68.21648341498414,145.97082659538168,1.7308891974696992,0,NORMAL,No Incident,0.0,LOW
2026-01-04 04:59:00,48.94181242502302,54.81702168282783,132.28072527914415,0.995681615616992,0,NORMAL,No Incident,0.0,LOW
2026-01-04 05:00:00,45.46363612408317,62.899599052756216,156.57949512508708,3.6968540737122817,0,NORMAL,No Incident,0.0,LOW
2026-01-04 05:01:00,67.26226545635632,55.92084837707494,164.64692066371475,3.9874008825271634,0,NORMAL,No Incident,0.0,LOW
2026-01-04 05:02:00,41.12670541144229,61.457365021696816,116.49513274071376,2.6503111974963427,0,NORMAL,No Incident,0.0,LOW
2026-01-04 05:03:00,57.71796177235661,67.1350210765622,103.82411763167136,2.8584588426390307,0,NORMAL,No Incident,0.0,LOW
2026-01-04 05:04:00,53.56252788706084,50.18388738169171,82.71460325487055,2.250943193236659,0,NORMAL,No Incident,0.0,LOW
2026-01-04 05:05:00,62.61519252535516,54.56075282602535,164.8936451086051,2.3660559154607914,0,NORMAL,No Incident,0.0,LOW
2026-01-04 05:06:00,43.32810915222495,61.47970069873669,111.206359821631,0.4025457816708775,0,NORMAL,No Incident,0.0,LOW
2026-01-04 05:07:00,42.67031100876241,79.21266928824282,142.7007371420348,1.9260676347430896,0,NORMAL,No Incident,0.0,LOW
2026-01-04 05:08:00,60.960699074773984,53.09448230266538,105.17489264981032,1.1188469376537402,0,NORMAL,No Incident,0.0,LOW
2026-01-04 05:09:00,54.25321308330111,76.32107108797535,150.76531281824072,2.28135653753837,0,NORMAL,No Incident,0.0,LOW
2026-01-04 05:10:00,34.55062653323242,76.03538642940137,105.99764816369174,1.9403901546114657,0,NORMAL,No Incident,0.0,LOW
2026-01-04 05:11:00,44.6069498553673,59.22151079438727,96.16561732765314,3.946821962346114,0,NORMAL,No Incident,0.0,LOW
2026-01-04 05:12:00,53.86382653848061,57.6147797904008,115.829871380925,2.916627688722841,0,NORMAL,No Incident,0.0,LOW
2026-01-04 05:13:00,58.37764221546589,54.46347841068247,109.36448598076726,2.2845119825216447,0,NORMAL,No Incident,0.0,LOW
2026-01-04 05:14:00,43.207693468070445,59.45437975733865,131.92599570922425,1.733060312860374,0,NORMAL,No Incident,0.0,LOW
2026-01-04 05:15:00,20.85744010183059,48.74624453952354,118.97210145614952,3.67602145875993,0,NORMAL,No Incident,0.0,LOW
2026-01-04 05:16:00,55.23223185737033,59.39008786143522,132.55404789103844,1.97004535387347,0,NORMAL,No Incident,0.0,LOW
2026-01-04 05:17:00,37.79679310056024,71.97504219080685,114.17957053829412,2.331673961635278,0,NORMAL,No Incident,0.0,LOW
2026-01-04 05:18:00,29.826612018775887,55.111319500186255,106.6978525796239,2.042249604426835,0,NORMAL,No Incident,0.0,LOW
2026-01-04 05:19:00,21.6767407501586,58.07420556808759,108.32878904207853,1.595846094292677,0,NORMAL,No Incident,0.0,LOW
2026-01-04 05:20:00,58.13980860197741,46.390876205862064,160.89877596062053,2.03650622238552,0,NORMAL,No Incident,0.0,LOW
2026-01-04 05:21:00,51.28617450404967,62.992496705048346,124.50341864453873,0.0380331493216841,0,NORMAL,No Incident,0.0,LOW
2026-01-04 05:22:00,47.74343619287748,62.11585347961099,80.32475581093911,0.4522935987588126,0,NORMAL,No Incident,0.0,LOW
2026-01-04 05:23:00,63.89024362962762,60.50961887812617,109.59581973091838,2.349630541669628,0,NORMAL,No Incident,0.0,LOW
2026-01-04 05:24:00,56.37324683023073,58.26538359822285,121.93732064951752,3.568199690527486,0,NORMAL,No Incident,0.0,LOW
2026-01-04 05:25:00,66.16300042721917,57.65793664982037,156.90799362500758,2.348221104144169,0,NORMAL,No Incident,0.0,LOW
2026-01-04 05:26:00,36.07264527833004,64.01520186960538,140.573974317798,1.279631145103346,0,NORMAL,No Incident,0.0,LOW
2026-01-04 05:27:00,49.65449376046036,59.76946718729101,101.5656432703617,0.5571462459326646,0,NORMAL,No Incident,0.0,LOW
2026-01-04 05:28:00,33.83286625051986,62.519774972442654,168.367115071449,2.7845272604756386,0,NORMAL,No Incident,0.0,LOW
2026-01-04 05:29:00,47.70617668144533,61.71986253963638,119.37679270397044,1.432804848984899,0,NORMAL,No Incident,0.0,LOW
2026-01-04 05:30:00,47.513841462333225,68.9874182967661,144.9265962214989,2.64323541855256,0,NORMAL,No Incident,0.0,LOW
2026-01-04 05:31:00,56.26613637263071,65.41595277900043,96.89983005200196,2.3898651580657173,0,NORMAL,No Incident,0.0,LOW
2026-01-04 05:32:00,50.455638811418986,61.54289474520152,72.03673809498204,2.478300392254689,0,NORMAL,No Incident,0.0,LOW
2026-01-04 05:33:00,56.23407138279916,72.14737624521744,91.8313701926328,2.033601707353556,0,NORMAL,No Incident,0.0,LOW
2026-01-04 05:34:00,97.03440133138896,93.36214823245248,554.9933304760859,12.383644384969642,1,CRITICAL,High CPU Usage / Compute Resource Overload,100.0,HIGH
2026-01-04 05:35:00,71.54928677383143,70.43970151032335,162.24178654505818,1.880545598743665,0,NORMAL,No Incident,0.0,LOW
2026-01-04 05:36:00,46.84703344713876,64.8555408670931,124.29065837772832,1.3646934656317964,0,NORMAL,No Incident,0.0,LOW
2026-01-04 05:37:00,40.58977299333621,45.26464736854766,101.50711963103936,1.0365009394839486,0,NORMAL,No Incident,0.0,LOW
2026-01-04 05:38:00,52.46083615316409,70.43867810655463,129.0524805996024,0.0,0,NORMAL,No Incident,0.0,LOW
2026-01-04 05:39:00,41.97719972860457,61.08140993074135,123.78668072360333,1.8188904375954904,0,NORMAL,No Incident,0.0,LOW
2026-01-04 05:40:00,64.81960768436537,59.584361832793775,132.41866791227983,3.519378182951953,0,NORMAL,No Incident,0.0,LOW
2026-01-04 05:41:00,47.16781961054768,62.250786779916616,144.19062802272538,2.730080092537597,0,NORMAL,No Incident,0.0,LOW
2026-01-04 05:42:00,44.3442363212601,57.24013470434346,114.20157693949967,2.2277091184759583,0,NORMAL,No Incident,0.0,LOW
2026-01-04 05:43:00,45.28684278848882,61.816230883111565,102.40321387798026,1.2659950057108489,0,NORMAL,No Incident,0.0,LOW
2026-01-04 05:44:00,57.18417423471641,55.264991469255264,136.55550428743834,2.9973392257590774,0,NORMAL,No Incident,0.0,LOW
2026-01-04 05:45:00,48.422530167685146,70.19417806987497,136.04665555768932,1.8806906881969752,0,NORMAL,No Incident,0.0,LOW
2026-01-04 05:46:00,43.58333179869618,59.0912950910316,122.0147161624269,3.5749343137890586,0,NORMAL,No Incident,0.0,LOW
2026-01-04 05:47:00,66.6535191762353,56.93932925822053,163.55108377361546,1.0189127367053188,0,NORMAL,No Incident,0.0,LOW
2026-01-04 05:48:00,41.4383015933825,52.60059347424581,111.24355754276696,1.2500304720273436,0,NORMAL,No Incident,0.0,LOW
2026-01-04 05:49:00,50.35566074032994,62.15020631318913,102.00284056729464,1.1527300557803717,0,NORMAL,No Incident,0.0,LOW
2026-01-04 05:50:00,96.5230615161023,91.49685680100072,628.361828550132,10.517881629565988,1,CRITICAL,High API Latency / Database Performance Issue,100.0,HIGH
2026-01-04 05:51:00,33.686648895829265,63.10739690942005,106.50124286173003,1.0629553148082374,0,NORMAL,No Incident,0.0,LOW
2026-01-04 05:52:00,54.80260501405925,51.78198489995897,129.9103304828979,2.1032162597659174,0,NORMAL,No Incident,0.0,LOW
2026-01-04 05:53:00,39.4489232451955,47.190550409507416,103.3398348832112,1.2877989751493724,0,NORMAL,No Incident,0.0,LOW
2026-01-04 05:54:00,58.22782780834002,65.00473042005248,111.9951543413623,0.0,0,NORMAL,No Incident,0.0,LOW
2026-01-04 05:55:00,40.37348988081024,71.87713489501206,157.81680840078332,3.0742732974201217,0,NORMAL,No Incident,0.0,LOW
2026-01-04 05:56:00,56.92769031848861,51.78917102088083,111.88825286504644,0.3159062706525946,0,NORMAL,No Incident,0.0,LOW
2026-01-04 05:57:00,61.05833066294713,72.71553026849358,104.02296911965408,2.5892282848866373,0,NORMAL,No Incident,0.0,LOW
2026-01-04 05:58:00,58.61436525632805,62.27128846989105,143.41357577413,2.0312145896695646,0,NORMAL,No Incident,0.0,LOW
2026-01-04 05:59:00,52.513166482381024,59.94349676359336,98.97916099426612,4.117372816420343,0,NORMAL,No Incident,0.0,LOW
2026-01-04 06:00:00,47.686990570703,56.819610427633776,106.14113539705863,2.99695748152262,0,NORMAL,No Incident,0.0,LOW
2026-01-04 06:01:00,44.23580423665156,48.92385584460003,131.53122241017988,1.4953954045150255,0,NORMAL,No Incident,0.0,LOW
2026-01-04 06:02:00,64.71034690817103,67.9018281273968,138.76822847746584,1.297936437644688,0,NORMAL,No Incident,0.0,LOW
2026-01-04 06:03:00,43.00504779832357,53.79514910849917,144.40952782162148,3.502727680799285,0,NORMAL,No Incident,0.0,LOW
2026-01-04 06:04:00,39.62933926430004,53.7615465940992,105.05556335559032,0.5241289028985883,0,NORMAL,No Incident,0.0,LOW
2026-01-04 06:05:00,56.6536893503283,67.93541047909564,131.9201734597224,2.190879935918708,0,NORMAL,No Incident,0.0,LOW
2026-01-04 06:06:00,42.03863196813505,44.93613242662619,110.6778360091164,1.868879536750328,0,NORMAL,No Incident,0.0,LOW
2026-01-04 06:07:00,40.499365025338726,47.811217514654665,107.88688732978736,1.6567739312953242,0,NORMAL,No Incident,0.0,LOW
2026-01-04 06:08:00,35.56395737830235,59.854926051935344,144.06425564584572,2.3535139844484254,0,NORMAL,No Incident,0.0,LOW
2026-01-04 06:09:00,45.170901605394825,62.346275432038816,109.00891208280828,2.189559860508676,0,NORMAL,No Incident,0.0,LOW
2026-01-04 06:10:00,49.17284976103507,63.877877183751394,125.5640919204196,2.4574007427917444,0,NORMAL,No Incident,0.0,LOW
2026-01-04 06:11:00,52.43091727660699,57.58561205282998,123.11158938461276,2.138975652363284,0,NORMAL,No Incident,0.0,LOW
2026-01-04 06:12:00,59.51306244299484,80.24295734913352,98.58491247322996,2.417681405017248,0,NORMAL,No Incident,0.0,LOW
2026-01-04 06:13:00,55.268979236657934,58.176859529873326,139.32185710712642,2.0933651929315946,0,NORMAL,No Incident,0.0,LOW
2026-01-04 06:14:00,88.0912778044682,88.15371078317823,631.2056178735791,11.340573112783686,1,CRITICAL,High API Latency / Database Performance Issue,100.0,HIGH
2026-01-04 06:15:00,48.0180432362028,53.62410664948898,80.27418776259158,2.0040012602365955,0,NORMAL,No Incident,0.0,LOW
2026-01-04 06:16:00,55.10157468915183,60.99125453216857,125.54842222474686,1.28561344029598,0,NORMAL,No Incident,0.0,LOW
2026-01-04 06:17:00,62.725701629285695,64.91968985637419,104.54053131666758,1.2196233952691498,0,NORMAL,No Incident,0.0,LOW
2026-01-04 06:18:00,51.263141994832,69.62862443626769,141.94150612825257,1.6638499972822482,0,NORMAL,No Incident,0.0,LOW
2026-01-04 06:19:00,45.30869145789591,48.08572588447826,91.09200326438484,1.8805768392641573,0,NORMAL,No Incident,0.0,LOW
2026-01-04 06:20:00,40.07133998914455,58.0320372931544,112.87046062740912,2.0352253063478107,0,NORMAL,No Incident,0.0,LOW
2026-01-04 06:21:00,35.547947355877746,63.57362888647315,127.24049101976932,2.9163788273633307,0,NORMAL,No Incident,0.0,LOW
2026-01-04 06:22:00,56.66269672043524,64.69646027675628,121.08680588283752,1.5015359174591567,0,NORMAL,No Incident,0.0,LOW
2026-01-04 06:23:00,95.77978523639555,90.05238926243632,635.2591651342794,12.19685192647482,1,CRITICAL,High API Latency / Database Performance Issue,100.0,HIGH
2026-01-04 06:24:00,55.773635251066615,64.33939175625682,89.63156027981421,2.118027713943819,0,NORMAL,No Incident,0.0,LOW
2026-01-04 06:25:00,48.71340553647944,53.5282888565936,153.03828673734756,1.3913717125339349,0,NORMAL,No Incident,0.0,LOW
2026-01-04 06:26:00,64.0693474589175,72.46324345854686,130.50289317576542,2.073740786206545,0,NORMAL,No Incident,0.0,LOW
2026-01-04 06:27:00,45.15881505415182,67.94102482383543,147.19436426001792,3.0027214151773136,0,NORMAL,No Incident,0.0,LOW
2026-01-04 06:28:00,59.55269237207206,49.24057770347862,137.48480338466484,2.1865062168834,0,NORMAL,No Incident,0.0,LOW
2026-01-04 06:29:00,49.61257105010457,51.39917561506596,119.76779771089912,2.226583929027308,0,NORMAL,No Incident,0.0,LOW
2026-01-04 06:30:00,43.91649235320662,51.624625999144754,94.3160357817768,1.2946716690573328,0,NORMAL,No Incident,0.0,LOW
2026-01-04 06:31:00,55.925303073177616,65.42375976717223,108.72893637502598,3.968858851204877,0,NORMAL,No Incident,0.0,LOW
2026-01-04 06:32:00,54.096361186839935,49.72217786866026,151.79126665725155,1.351643629677499,0,NORMAL,No Incident,0.0,LOW
2026-01-04 06:33:00,53.56972759266926,57.35180532633535,147.70875563312765,0.3322165394525223,0,NORMAL,No Incident,0.0,LOW
2026-01-04 06:34:00,50.81278422056199,63.6376351713342,107.6080003979262,2.8601841202180767,0,NORMAL,No Incident,0.0,LOW
2026-01-04 06:35:00,49.62106918283169,59.47067252362852,63.63391427595643,1.885182960351574,0,NORMAL,No Incident,0.0,LOW
2026-01-04 06:36:00,73.88371992870438,62.07110012570165,115.74620531389762,1.696958179052925,0,NORMAL,No Incident,0.0,LOW
2026-01-04 06:37:00,61.84256645196173,51.473578309209934,114.24594223741768,1.4544462195884729,0,NORMAL,No Incident,0.0,LOW
2026-01-04 06:38:00,57.22826894985512,64.75883498717796,115.00454775919232,3.871714624315838,0,NORMAL,No Incident,0.0,LOW
2026-01-04 06:39:00,51.11799158203388,55.094304860192025,130.57078403662803,2.354590278604683,0,NORMAL,No Incident,0.0,LOW
2026-01-04 06:40:00,60.07157200596669,57.40304260481647,137.52425158643325,2.549751221645085,0,NORMAL,No Incident,0.0,LOW
2026-01-04 06:41:00,55.17994776391452,61.90185382324789,139.80599094199047,2.162615623582268,0,NORMAL,No Incident,0.0,LOW
2026-01-04 06:42:00,50.26204752774036,60.82462577224678,128.91418280270733,2.270049613445196,0,NORMAL,No Incident,0.0,LOW
2026-01-04 06:43:00,46.96435674734085,60.19184015212474,83.98458596154728,3.3986246105594144,0,NORMAL,No Incident,0.0,LOW
2026-01-04 06:44:00,49.19082662337312,53.99498542418596,113.17600534613408,1.749145338772305,0,NORMAL,No Incident,0.0,LOW
2026-01-04 06:45:00,18.295742641219444,57.60360471040647,166.0817956709838,0.5430624544792702,0,NORMAL,No Incident,0.0,LOW
2026-01-04 06:46:00,52.10600839297642,60.017468726696286,127.48433469604956,2.8680546542277767,0,NORMAL,No Incident,0.0,LOW
2026-01-04 06:47:00,45.1152391988964,48.99931813466332,127.3563913688773,2.496701612242392,0,NORMAL,No Incident,0.0,LOW
2026-01-04 06:48:00,65.92669998282884,56.29973626949297,127.18971879547716,2.1079798128850427,0,NORMAL,No Incident,0.0,LOW
2026-01-04 06:49:00,50.19344070811754,63.101439032262775,128.30759245011978,2.4707532415477864,0,NORMAL,No Incident,0.0,LOW
2026-01-04 06:50:00,38.11036580465039,49.78050716923726,72.33775637828154,1.6292557797058258,0,NORMAL,No Incident,0.0,LOW
2026-01-04 06:51:00,49.501198458718825,69.25265321275391,115.20951366177864,2.02069258285426,0,NORMAL,No Incident,0.0,LOW
2026-01-04 06:52:00,39.53878914937496,70.15690610079875,119.2421433641062,1.86829974614009,0,NORMAL,No Incident,0.0,LOW
2026-01-04 06:53:00,54.73407415712467,50.03879539231932,145.62990798506826,1.408511742929083,0,NORMAL,No Incident,0.0,LOW
2026-01-04 06:54:00,52.90947364339485,70.86095706440112,120.95345789244593,3.1891727831050023,0,NORMAL,No Incident,0.0,LOW
2026-01-04 06:55:00,59.57839631108268,58.851347290302925,87.06977226796118,0.5877413725821996,0,NORMAL,No Incident,0.0,LOW
2026-01-04 06:56:00,42.09118208305435,63.34811647325644,128.60178312343504,4.360882171812967,0,NORMAL,No Incident,0.0,LOW
2026-01-04 06:57:00,50.34008096228147,56.02679158297403,103.9235070351451,2.8773622092064755,0,NORMAL,No Incident,0.0,LOW
2026-01-04 06:58:00,36.34978204573365,67.3843586178141,95.66428717837164,0.222024465297649,0,NORMAL,No Incident,0.0,LOW
2026-01-04 06:59:00,57.01494781924715,63.248752150789336,103.31681906566838,1.7758336705090705,0,NORMAL,No Incident,0.0,LOW
2026-01-04 07:00:00,55.18871180440122,53.48677394721917,130.85008459329032,1.8314540840964424,0,NORMAL,No Incident,0.0,LOW
2026-01-04 07:01:00,54.95805021027571,50.67838400027769,145.17522479520136,2.391886628942112,0,NORMAL,No Incident,0.0,LOW
2026-01-04 07:02:00,50.01619031356941,48.31758051832622,129.6585989035517,1.0106217292602797,0,NORMAL,No Incident,0.0,LOW
2026-01-04 07:03:00,54.14772890788791,61.50353421146205,132.64046447234043,2.0320253433682174,0,NORMAL,No Incident,0.0,LOW
2026-01-04 07:04:00,66.04339108308596,64.57977129423789,129.46090545676003,1.878880601877353,0,NORMAL,No Incident,0.0,LOW
2026-01-04 07:05:00,47.14905742957986,65.20772543023553,122.02654353720936,1.2623816374265613,0,NORMAL,No Incident,0.0,LOW
2026-01-04 07:06:00,51.38645183710084,59.056151243140974,133.93861269925517,1.123247768528768,0,NORMAL,No Incident,0.0,LOW
2026-01-04 07:07:00,39.1387370081859,50.744028354685085,71.62449065861159,2.918804646702357,0,NORMAL,No Incident,0.0,LOW
2026-01-04 07:08:00,41.31739038401668,54.543401615809735,122.22176702609666,0.3034174599574064,0,NORMAL,No Incident,0.0,LOW
2026-01-04 07:09:00,50.97813293093307,69.2187891116954,99.10149930755496,2.477878936096052,0,NORMAL,No Incident,0.0,LOW
2026-01-04 07:10:00,61.03933546701907,56.12297148319935,143.2580514508828,2.797510306878124,0,NORMAL,No Incident,0.0,LOW
2026-01-04 07:11:00,47.43719175748428,61.14734104545181,117.0568938956628,1.7814416616615836,0,NORMAL,No Incident,0.0,LOW
2026-01-04 07:12:00,47.64083470687876,51.3947961314009,120.6189617653566,2.052372839724996,0,NORMAL,No Incident,0.0,LOW
2026-01-04 07:13:00,45.931147554956254,62.69266436367228,89.89856251492392,3.1634949996973813,0,NORMAL,No Incident,0.0,LOW
2026-01-04 07:14:00,44.65243329155677,56.33852350656738,140.33661778025703,1.295148489275943,0,NORMAL,No Incident,0.0,LOW
2026-01-04 07:15:00,52.94971455708821,68.3737017102061,132.54656240547618,1.3983475711108762,0,NORMAL,No Incident,0.0,LOW
2026-01-04 07:16:00,35.027423548213555,66.18846164965451,131.13895764681007,1.5045163189006918,0,NORMAL,No Incident,0.0,LOW
2026-01-04 07:17:00,62.80939576666728,56.034352427400805,103.73954295662357,3.1653255992232814,0,NORMAL,No Incident,0.0,LOW
2026-01-04 07:18:00,43.34577701870539,58.98668778121869,104.5272031012374,3.292293746884708,0,NORMAL,No Incident,0.0,LOW
2026-01-04 07:19:00,97.21903485438142,85.59107007967498,624.4719890889181,10.60410976553638,1,CRITICAL,High API Latency / Database Performance Issue,100.0,HIGH
2026-01-04 07:20:00,37.30001402606124,48.644534427639925,106.11003179503898,3.0062407473116366,0,NORMAL,No Incident,0.0,LOW
2026-01-04 07:21:00,56.68840130546218,53.14046056362227,128.69785925354677,2.818908306347284,0,NORMAL,No Incident,0.0,LOW
2026-01-04 07:22:00,56.719446078144976,61.58573862176656,76.78174794466557,3.553594810449828,0,NORMAL,No Incident,0.0,LOW
2026-01-04 07:23:00,53.84202072005897,62.602075985836656,110.24910887186816,2.38510803212638,0,NORMAL,No Incident,0.0,LOW
2026-01-04 07:24:00,40.05571478200208,61.18838322874111,155.93506930852982,1.955739879721424,0,NORMAL,No Incident,0.0,LOW
2026-01-04 07:25:00,52.49548189598077,57.58613556833092,128.7897165599153,3.145216686571658,0,NORMAL,No Incident,0.0,LOW
2026-01-04 07:26:00,38.16943815265611,67.46453284576788,123.33587329061986,2.698903791501765,0,NORMAL,No Incident,0.0,LOW
2026-01-04 07:27:00,47.47236744903815,60.5083352364875,159.70453071342712,4.244898414148727,0,NORMAL,No Incident,0.0,LOW
2026-01-04 07:28:00,60.29413100955326,65.62603062476758,73.28092762397128,2.958707844961828,0,NORMAL,No Incident,0.0,LOW
2026-01-04 07:29:00,57.96701927070742,45.80979894237985,103.69377770423785,2.153547976423916,0,NORMAL,No Incident,0.0,LOW
2026-01-04 07:30:00,50.15182942540433,28.620797987053265,111.9765365650522,0.8258956196238287,0,NORMAL,No Incident,0.0,LOW
2026-01-04 07:31:00,40.25193424077158,62.27030422270464,137.1670246601078,1.4190828228058816,0,NORMAL,No Incident,0.0,LOW
2026-01-04 07:32:00,56.455877121741935,48.601874770228086,137.51312726456473,0.5640450219719839,0,NORMAL,No Incident,0.0,LOW
2026-01-04 07:33:00,50.193812376980254,58.30038637829555,102.67986582034747,1.7849379639391367,0,NORMAL,No Incident,0.0,LOW
2026-01-04 07:34:00,26.79684401769577,57.583223671803154,139.959086442851,2.9260675932328453,0,NORMAL,No Incident,0.0,LOW
2026-01-04 07:35:00,57.82629826316519,72.6992048193243,111.93370465356584,1.9963289115194844,0,NORMAL,No Incident,0.0,LOW
2026-01-04 07:36:00,49.75767166130308,63.19997242354885,144.23279251298334,3.021725268760073,0,NORMAL,No Incident,0.0,LOW
2026-01-04 07:37:00,62.02451247983072,61.32687221438938,99.34714603755884,2.337573733439013,0,NORMAL,No Incident,0.0,LOW
2026-01-04 07:38:00,39.04729481157195,66.6959292370694,117.5337680186768,1.5969077102459903,0,NORMAL,No Incident,0.0,LOW
2026-01-04 07:39:00,18.23296186804,62.94798069471232,110.1966536924688,2.087625155169964,0,NORMAL,No Incident,0.0,LOW
2026-01-04 07:40:00,52.79083858345185,56.338584056092536,141.12060743131428,2.4720966910550963,0,NORMAL,No Incident,0.0,LOW
2026-01-04 07:41:00,52.91563676681973,68.57180744203647,109.54437566867658,2.139223398463616,0,NORMAL,No Incident,0.0,LOW
2026-01-04 07:42:00,33.093283723935485,51.121998976893806,119.15102941976488,2.150684228851914,0,NORMAL,No Incident,0.0,LOW
2026-01-04 07:43:00,40.21500454133394,62.5859775002685,130.13622795326097,1.2309498924132936,0,NORMAL,No Incident,0.0,LOW
2026-01-04 07:44:00,77.55217743719902,47.61944164690951,130.9051696605224,1.567023734757784,0,NORMAL,No Incident,0.0,LOW
2026-01-04 07:45:00,46.94389385846197,61.63155086012796,137.73905214946342,4.258460796154644,0,NORMAL,No Incident,0.0,LOW
2026-01-04 07:46:00,57.30958976376216,61.54391713418344,124.22249553689332,3.2284664904235427,0,NORMAL,No Incident,0.0,LOW
2026-01-04 07:47:00,43.493401726316165,73.4116396953173,111.63502169440338,0.5261591031902841,0,NORMAL,No Incident,0.0,LOW
2026-01-04 07:48:00,29.09697101146844,47.480208852465765,113.00602509282498,0.0,0,NORMAL,No Incident,0.0,LOW
2026-01-04 07:49:00,48.29741753204095,55.1929025931695,120.51344630415224,2.0761924214487224,0,NORMAL,No Incident,0.0,LOW
2026-01-04 07:50:00,47.34395439713895,66.58145941259315,124.99184952148768,2.89347289442599,0,NORMAL,No Incident,0.0,LOW
2026-01-04 07:51:00,46.001217613316285,62.68253805117846,117.05656704303128,1.4800581625777929,0,NORMAL,No Incident,0.0,LOW
2026-01-04 07:52:00,48.85359164493608,61.44244041070002,120.38406841931096,3.021658728197938,0,NORMAL,No Incident,0.0,LOW
2026-01-04 07:53:00,52.64268271645636,52.35091437633169,89.6549227885579,2.059654565007084,0,NORMAL,No Incident,0.0,LOW
2026-01-04 07:54:00,48.49883048746194,55.27345321526857,133.34710568909355,1.8369387202730247,0,NORMAL,No Incident,0.0,LOW
2026-01-04 07:55:00,37.35993832052636,69.96032806578606,123.6222457777886,2.756115176175181,0,NORMAL,No Incident,0.0,LOW
2026-01-04 07:56:00,54.86184791561939,59.58792644996858,140.03740827082177,1.468124207097731,0,NORMAL,No Incident,0.0,LOW
2026-01-04 07:57:00,30.506282446775767,63.002877569155785,120.0032101481417,1.7132936781963468,0,NORMAL,No Incident,0.0,LOW
2026-01-04 07:58:00,29.496425427158,59.07849336978817,85.23204842956427,2.670167262130463,0,NORMAL,No Incident,0.0,LOW
2026-01-04 07:59:00,57.39180494701568,50.53531587800188,112.8310762138665,1.968604062933976,0,NORMAL,No Incident,0.0,LOW
2026-01-04 08:00:00,55.07020272135357,67.47048340859997,116.00140153763166,3.908776273377736,0,NORMAL,No Incident,0.0,LOW
2026-01-04 08:01:00,49.42604634925964,64.02585907625998,134.85806610867198,2.693825412856018,0,NORMAL,No Incident,0.0,LOW
2026-01-04 08:02:00,36.04551495244928,78.44509469893751,78.5945291097321,2.6288138283327616,0,NORMAL,No Incident,0.0,LOW
2026-01-04 08:03:00,42.92089059325925,51.87534896279564,120.8235903389787,1.950495353934932,0,NORMAL,No Incident,0.0,LOW
2026-01-04 08:04:00,47.37253252313496,66.58058336960384,130.27350431586612,2.874754676709606,0,NORMAL,No Incident,0.0,LOW
2026-01-04 08:05:00,34.041060314258864,49.50764827170399,106.7702422943696,1.6773922271983537,0,NORMAL,No Incident,0.0,LOW
2026-01-04 08:06:00,42.60971341976767,61.25877254138462,121.49256019633695,2.282377751199516,0,NORMAL,No Incident,0.0,LOW
2026-01-04 08:07:00,56.5233033817668,67.81205271250532,107.4592698170031,1.0837069529954395,0,NORMAL,No Incident,0.0,LOW
2026-01-04 08:08:00,64.27305364289217,43.42291907122811,105.4085413355922,3.039441392230592,0,NORMAL,No Incident,0.0,LOW
2026-01-04 08:09:00,45.8056524734145,58.360540206067135,111.83160299737366,2.290604697261792,0,NORMAL,No Incident,0.0,LOW
2026-01-04 08:10:00,57.56488354316098,55.49432212765904,105.78616015065978,3.982513063697876,0,NORMAL,No Incident,0.0,LOW
2026-01-04 08:11:00,30.85939929412533,54.38434161363902,133.67236623872665,4.3922983836697576,0,NORMAL,No Incident,0.0,LOW
2026-01-04 08:12:00,56.59451241113612,63.08170121807483,105.30096246329244,2.763319451433148,0,NORMAL,No Incident,0.0,LOW
2026-01-04 08:13:00,41.96051585272519,68.96548565138076,101.94179985904144,2.0684253112079034,0,NORMAL,No Incident,0.0,LOW
2026-01-04 08:14:00,53.0734561670797,58.93377027816676,155.35857333679067,1.0539354878744311,0,NORMAL,No Incident,0.0,LOW
2026-01-04 08:15:00,47.52247581760291,61.64389142048016,139.2148002364807,2.904749803258824,0,NORMAL,No Incident,0.0,LOW
2026-01-04 08:16:00,63.20414009783834,60.91447002447399,82.769732786816,2.2102845638952284,0,NORMAL,No Incident,0.0,LOW
2026-01-04 08:17:00,41.25564351660082,60.01442805085132,104.70463420294934,2.538034839154462,0,NORMAL,No Incident,0.0,LOW
2026-01-04 08:18:00,56.27606297561831,51.28525889830315,124.8492594344542,3.729787387456243,0,NORMAL,No Incident,0.0,LOW
2026-01-04 08:19:00,47.20492536703466,68.86755681378314,126.47510134462986,1.175576711336653,0,NORMAL,No Incident,0.0,LOW
2026-01-04 08:20:00,48.41694521990336,62.36156294527069,90.19014268526212,1.075695831518663,0,NORMAL,No Incident,0.0,LOW
2026-01-04 08:21:00,48.1614610684079,63.15905192002062,143.17130985644644,1.7635740616293198,0,NORMAL,No Incident,0.0,LOW
2026-01-04 08:22:00,41.54326895505887,53.547922967795344,136.50448838363252,2.8212011497518232,0,NORMAL,No Incident,0.0,LOW
2026-01-04 08:23:00,49.85901034093328,56.32623681608607,129.63803264080678,2.554867240214488,0,NORMAL,No Incident,0.0,LOW
2026-01-04 08:24:00,49.37351777878178,58.59092641831377,147.1345698142424,1.1043114883042275,0,NORMAL,No Incident,0.0,LOW
2026-01-04 08:25:00,52.41240248406729,47.72700245240919,129.04579985141837,2.7565529007024825,0,NORMAL,No Incident,0.0,LOW
2026-01-04 08:26:00,50.84505145692862,46.49572539841857,128.97161758503694,0.7987871811067371,0,NORMAL,No Incident,0.0,LOW
2026-01-04 08:27:00,57.97994549612236,55.194016554891455,151.15358543644484,1.1622583256511425,0,NORMAL,No Incident,0.0,LOW
2026-01-04 08:28:00,59.235086160473685,64.18016613153912,142.0243916145542,1.8845426828108105,0,NORMAL,No Incident,0.0,LOW
2026-01-04 08:29:00,39.49376678172199,54.77490088056047,103.16985082176936,1.44656875402478,0,NORMAL,No Incident,0.0,LOW
2026-01-04 08:30:00,58.68772500590771,51.84955841927429,132.66390357343832,2.889859488650935,0,NORMAL,No Incident,0.0,LOW
2026-01-04 08:31:00,38.13663572890145,53.48251477409864,106.71464270082836,2.2863784830010943,0,NORMAL,No Incident,0.0,LOW
2026-01-04 08:32:00,55.87855888137735,56.3572606148375,130.08309101900556,3.765561177627261,0,NORMAL,No Incident,0.0,LOW
2026-01-04 08:33:00,56.197387847028686,57.16912829743917,129.5322701403963,1.7528146346455855,0,NORMAL,No Incident,0.0,LOW
2026-01-04 08:34:00,30.88683108337496,77.32417161765245,92.33065375088027,1.8777978489592568,0,NORMAL,No Incident,0.0,LOW
2026-01-04 08:35:00,50.9297924652941,68.43696502789855,117.5630877737793,3.210382609061763,0,NORMAL,No Incident,0.0,LOW
2026-01-04 08:36:00,45.31503886639684,68.19819289825382,125.30514047160804,1.9090791968762044,0,NORMAL,No Incident,0.0,LOW
2026-01-04 08:37:00,42.41234742064625,69.34864291418705,111.27419618011686,3.4940052477075456,0,NORMAL,No Incident,0.0,LOW
2026-01-04 08:38:00,63.50852330699006,52.0094330453276,126.2941988478152,2.5408282103844915,0,NORMAL,No Incident,0.0,LOW
2026-01-04 08:39:00,43.46320859362581,50.22108308010209,136.11795554002137,0.0,0,NORMAL,No Incident,0.0,LOW
2026-01-04 08:40:00,41.9362307088195,51.14503766772755,119.38813871538488,3.1775704141494643,0,NORMAL,No Incident,0.0,LOW
2026-01-04 08:41:00,50.756949400050935,70.6760490667027,124.4919895341652,2.912726813119809,0,NORMAL,No Incident,0.0,LOW
2026-01-04 08:42:00,56.85589746298416,55.62246568894008,147.66848157111951,2.9513326061105447,0,NORMAL,No Incident,0.0,LOW
2026-01-04 08:43:00,48.58351413989873,49.9891505420857,129.4639316645045,0.0890216214547419,0,NORMAL,No Incident,0.0,LOW
2026-01-04 08:44:00,61.663705456692526,56.5520303982415,124.01648579348948,1.3370100387289523,0,NORMAL,No Incident,0.0,LOW
2026-01-04 08:45:00,55.30975661964091,58.09115574628298,100.83841240717278,1.4112951664432305,0,NORMAL,No Incident,0.0,LOW
2026-01-04 08:46:00,28.217886802685697,62.147306189556495,133.420520227777,1.1588786324396076,0,NORMAL,No Incident,0.0,LOW
2026-01-04 08:47:00,44.70533036492992,62.00760816569635,126.60299898783876,3.7419225318939375,0,NORMAL,No Incident,0.0,LOW
2026-01-04 08:48:00,44.38157900648301,53.37455548901193,145.67478867402815,1.988232162176366,0,NORMAL,No Incident,0.0,LOW
2026-01-04 08:49:00,54.79360953429422,65.48525114010968,120.93757086606622,1.963439057370829,0,NORMAL,No Incident,0.0,LOW
2026-01-04 08:50:00,23.75182943625888,54.88645172999873,83.67466999732008,2.552008310315779,0,NORMAL,No Incident,0.0,LOW
2026-01-04 08:51:00,75.49009708717722,58.74978930635966,85.99758262343477,2.569301667889382,0,NORMAL,No Incident,0.0,LOW
2026-01-04 08:52:00,55.3102609489421,65.49419256402685,134.71361527519466,0.0,0,NORMAL,No Incident,0.0,LOW
2026-01-04 08:53:00,51.48876803917691,54.86542876844527,108.59612804603694,1.3536424628506367,0,NORMAL,No Incident,0.0,LOW
2026-01-04 08:54:00,61.81567716419146,55.4451886113509,128.73535502220994,0.5872114222087232,0,NORMAL,No Incident,0.0,LOW
2026-01-04 08:55:00,73.43654052812624,64.73334439754505,122.28465289004713,2.4003060931548195,0,NORMAL,No Incident,0.0,LOW
2026-01-04 08:56:00,58.70746644588403,53.13813458715985,116.66320664612158,1.7111075856659526,0,NORMAL,No Incident,0.0,LOW
2026-01-04 08:57:00,59.4881309647162,56.92166381116744,118.07277428823554,2.015387564501269,0,NORMAL,No Incident,0.0,LOW
2026-01-04 08:58:00,51.30690024464382,64.44593742434314,102.69220989909546,0.0,0,NORMAL,No Incident,0.0,LOW
2026-01-04 08:59:00,48.58474246633052,76.4327395314878,119.6844462220066,1.690147775309502,0,NORMAL,No Incident,0.0,LOW
2026-01-04 09:00:00,45.24204555995099,64.84323603810198,108.31013134411202,3.1151302518328152,0,NORMAL,No Incident,0.0,LOW
2026-01-04 09:01:00,41.73888008285458,63.78111810392009,112.5548695974859,3.409449483102168,0,NORMAL,No Incident,0.0,LOW
2026-01-04 09:02:00,43.12985900300502,64.24641266938184,113.52701910581678,2.7188634195407,0,NORMAL,No Incident,0.0,LOW
2026-01-04 09:03:00,36.494440356570166,51.414477807463605,115.46613460202562,0.6645347065518812,0,NORMAL,No Incident,0.0,LOW
2026-01-04 09:04:00,49.24128549314977,60.92477390943927,138.44346913014172,3.259401802992124,0,NORMAL,No Incident,0.0,LOW
2026-01-04 09:05:00,33.153324227736135,59.761868093308784,117.40418341590612,2.724002255000016,0,NORMAL,No Incident,0.0,LOW
2026-01-04 09:06:00,51.90916524143711,62.57267632298205,140.47404673180196,1.8828109659354613,0,NORMAL,No Incident,0.0,LOW
2026-01-04 09:07:00,49.63669391957658,60.93206441980697,150.75709902652963,0.0,0,NORMAL,No Incident,0.0,LOW
2026-01-04 09:08:00,51.46935298386688,63.0375974193369,137.098893021123,2.953594950662517,0,NORMAL,No Incident,0.0,LOW
2026-01-04 09:09:00,44.77868429980008,57.50826244080639,130.68937070137022,1.407833670016621,0,NORMAL,No Incident,0.0,LOW
2026-01-04 09:10:00,80.76860370180503,60.46887133897434,126.5366441896704,2.346165821054781,0,NORMAL,No Incident,0.0,LOW
2026-01-04 09:11:00,63.601159001803126,50.17737147154406,137.3071741810014,2.0683938606366623,0,NORMAL,No Incident,0.0,LOW
2026-01-04 09:12:00,37.55457499915277,57.44074177597669,121.7872147719248,3.5383949844382783,0,NORMAL,No Incident,0.0,LOW
2026-01-04 09:13:00,52.32868087426898,71.12666838541315,139.69139691914398,1.874633014002492,0,NORMAL,No Incident,0.0,LOW
2026-01-04 09:14:00,43.91993857062676,62.55046671702605,132.28211610579368,1.984886409914052,0,NORMAL,No Incident,0.0,LOW
2026-01-04 09:15:00,39.85520273292586,59.83263170093539,112.80319078439224,3.57861539047863,0,NORMAL,No Incident,0.0,LOW
2026-01-04 09:16:00,36.599279288760656,75.16898621003477,137.91701760205612,1.3417777562498114,0,NORMAL,No Incident,0.0,LOW
2026-01-04 09:17:00,54.32216690759254,49.11332017359137,121.82960011955136,2.814322851407777,0,NORMAL,No Incident,0.0,LOW
2026-01-04 09:18:00,43.18619764930426,51.124355556430245,117.87735984775368,1.801384277121536,0,NORMAL,No Incident,0.0,LOW
2026-01-04 09:19:00,59.67826024025205,73.70169129021018,110.47601679202026,0.9974580379950708,0,NORMAL,No Incident,0.0,LOW
2026-01-04 09:20:00,59.93782214530439,60.36768748839147,123.32037695749143,2.0011609867208726,0,NORMAL,No Incident,0.0,LOW
2026-01-04 09:21:00,63.739143852114495,58.05933570968165,139.92925230825966,2.691705113607988,0,NORMAL,No Incident,0.0,LOW
2026-01-04 09:22:00,41.47613233925897,50.40636539923486,137.77880011186073,3.353709839976512,0,NORMAL,No Incident,0.0,LOW
2026-01-04 09:23:00,54.7536561069201,63.58157013116009,127.06787594917914,3.474693985345682,0,NORMAL,No Incident,0.0,LOW
2026-01-04 09:24:00,56.32454216642301,64.35567895621969,131.9928728145007,1.7052359257744674,0,NORMAL,No Incident,0.0,LOW
2026-01-04 09:25:00,45.258218248960354,51.24404511332083,145.43393583045116,1.0127507679677863,0,NORMAL,No Incident,0.0,LOW
2026-01-04 09:26:00,42.28228042607125,58.87779531559657,117.00067417658278,1.6812611004225206,0,NORMAL,No Incident,0.0,LOW
2026-01-04 09:27:00,66.09520665775973,57.31587334373547,97.69159992939588,0.8184692466698444,0,NORMAL,No Incident,0.0,LOW
2026-01-04 09:28:00,52.27495875732054,62.04781717135017,146.0225970435715,1.7826138005834948,0,NORMAL,No Incident,0.0,LOW
2026-01-04 09:29:00,56.35967750711738,51.04599806223485,109.40443495938564,1.6583347163802415,0,NORMAL,No Incident,0.0,LOW
2026-01-04 09:30:00,41.77923988172073,70.01557963610526,106.1932375331219,2.727490204156765,0,NORMAL,No Incident,0.0,LOW
2026-01-04 09:31:00,37.80715533477806,67.32659025278083,84.07604489330897,0.0,0,NORMAL,No Incident,0.0,LOW
2026-01-04 09:32:00,44.30550225507889,57.09459553013747,131.42566106328593,1.2663920539133602,0,NORMAL,No Incident,0.0,LOW
2026-01-04 09:33:00,48.75978612610003,58.26865030689303,87.57094750895557,1.2744816955580849,0,NORMAL,No Incident,0.0,LOW
2026-01-04 09:34:00,39.35779993182651,58.908622797779074,104.99482384616526,3.1871272524080254,0,NORMAL,No Incident,0.0,LOW
2026-01-04 09:35:00,49.90155191349617,53.77353157594797,131.76473589030118,0.8861556225989831,0,NORMAL,No Incident,0.0,LOW
2026-01-04 09:36:00,33.114948119315,56.45256465411971,134.43842504816743,2.226657359648994,0,NORMAL,No Incident,0.0,LOW
2026-01-04 09:37:00,38.79952577530128,57.83783705860313,106.96591703563531,1.8718715855802184,0,NORMAL,No Incident,0.0,LOW
2026-01-04 09:38:00,56.70911248276875,72.90294696565702,117.31693346015189,3.043042526836382,0,NORMAL,No Incident,0.0,LOW
2026-01-04 09:39:00,56.037905202778944,67.57294646664349,102.54810947187694,2.595831864510547,0,NORMAL,No Incident,0.0,LOW
2026-01-04 09:40:00,46.08123234613134,67.47723765869299,109.03206424377636,2.12124373182038,0,NORMAL,No Incident,0.0,LOW
2026-01-04 09:41:00,39.82235690923047,62.959404904035125,125.32430520305816,1.4453331254119317,0,NORMAL,No Incident,0.0,LOW
2026-01-04 09:42:00,39.72596448473989,51.06138392855012,109.96706642407084,0.1476574968901238,0,NORMAL,No Incident,0.0,LOW
2026-01-04 09:43:00,86.26731754058686,89.66807116338097,615.1156991964866,12.247085655687403,1,CRITICAL,High API Latency / Database Performance Issue,100.0,HIGH
2026-01-04 09:44:00,56.44518491645292,67.76390767690704,90.70586636764868,2.5304897985298727,0,NORMAL,No Incident,0.0,LOW
2026-01-04 09:45:00,59.28245691344325,49.9338829650617,142.65912329612274,0.425132387525347,0,NORMAL,No Incident,0.0,LOW
2026-01-04 09:46:00,45.03468264518031,65.09242565498612,130.2013318634213,0.7663058356714507,0,NORMAL,No Incident,0.0,LOW
2026-01-04 09:47:00,38.46507574015216,78.58087380210213,135.85810743674404,2.252329973371676,0,NORMAL,No Incident,0.0,LOW
2026-01-04 09:48:00,52.678436378663335,68.49453316791785,145.80850649233724,2.33914168620787,0,NORMAL,No Incident,0.0,LOW
2026-01-04 09:49:00,41.764650293741504,71.3122330844959,103.49574248908569,1.0093526899079408,0,NORMAL,No Incident,0.0,LOW
2026-01-04 09:50:00,44.817473611387975,61.74671000353729,112.83211033943952,1.425935286431962,0,NORMAL,No Incident,0.0,LOW
2026-01-04 09:51:00,100.0,97.74345559011992,582.1033126483558,10.163511161429572,1,CRITICAL,High CPU Usage / Compute Resource Overload,100.0,HIGH
2026-01-04 09:52:00,58.27115428565768,54.257174285167714,182.8084582020448,3.3772639038132337,0,NORMAL,No Incident,0.0,LOW
2026-01-04 09:53:00,51.57974312251452,66.36691049872981,117.00829369365248,0.7001255926315477,0,NORMAL,No Incident,0.0,LOW
2026-01-04 09:54:00,37.280809988872775,65.2351050724861,140.77455799829823,2.5422593912485505,0,NORMAL,No Incident,0.0,LOW
2026-01-04 09:55:00,52.11396567470659,62.3192893923013,95.23677711329084,1.96503930384662,0,NORMAL,No Incident,0.0,LOW
2026-01-04 09:56:00,60.626572907875264,70.52805935774799,139.92776851286018,3.289593619624759,0,NORMAL,No Incident,0.0,LOW
2026-01-04 09:57:00,46.24366334234465,55.68972129722089,157.1518175329933,1.2077459072252434,0,NORMAL,No Incident,0.0,LOW
2026-01-04 09:58:00,63.51114089986715,58.5035398682107,118.79438501944036,2.061252710340387,0,NORMAL,No Incident,0.0,LOW
2026-01-04 09:59:00,62.92745289518207,60.76369633086637,99.78237006820795,0.3015730907626499,0,NORMAL,No Incident,0.0,LOW
2026-01-04 10:00:00,66.63732832143474,51.76311223128479,117.22407198108928,0.0614731630602463,0,NORMAL,No Incident,0.0,LOW
2026-01-04 10:01:00,53.05243126531353,61.81545555040199,75.46476950085548,2.5963335838654737,0,NORMAL,No Incident,0.0,LOW
2026-01-04 10:02:00,55.873916998060125,46.24855669636922,119.24226597956316,0.2149741609302979,0,NORMAL,No Incident,0.0,LOW
2026-01-04 10:03:00,64.1418728833109,68.37563627542568,136.4193427862599,1.7717824655654693,0,NORMAL,No Incident,0.0,LOW
2026-01-04 10:04:00,54.47393937068976,60.373098932527725,119.28484711252972,3.01129544797292,0,NORMAL,No Incident,0.0,LOW
2026-01-04 10:05:00,44.98765892209787,55.83285676876989,114.31720890622066,2.74668485609468,0,NORMAL,No Incident,0.0,LOW
2026-01-04 10:06:00,45.514571634721385,53.32501110163903,130.55136232224066,1.3354145120514065,0,NORMAL,No Incident,0.0,LOW
2026-01-04 10:07:00,52.38554953773739,58.1233677630465,132.08049693899105,0.4114968635918274,0,NORMAL,No Incident,0.0,LOW
2026-01-04 10:08:00,37.09438578053781,65.50607768617931,86.80188874989635,2.5094948616555284,0,NORMAL,No Incident,0.0,LOW
2026-01-04 10:09:00,48.56741084635807,64.38191182990049,121.77645924557577,3.342256782860181,0,NORMAL,No Incident,0.0,LOW
2026-01-04 10:10:00,60.96547118230254,54.35569642177232,168.71970248458487,1.3377619213343763,0,NORMAL,No Incident,0.0,LOW
2026-01-04 10:11:00,28.087461488347188,53.23168261897892,93.29967508703952,1.1966871415928837,0,NORMAL,No Incident,0.0,LOW
2026-01-04 10:12:00,65.34482101794515,65.25518965055718,118.29162334333869,1.4750980371310014,0,NORMAL,No Incident,0.0,LOW
2026-01-04 10:13:00,61.2237421870316,54.22122076307976,158.83492244103405,2.571608710807116,0,NORMAL,No Incident,0.0,LOW
2026-01-04 10:14:00,45.40235384169524,60.47927819263603,142.0835031308735,3.228517606414913,0,NORMAL,No Incident,0.0,LOW
2026-01-04 10:15:00,55.43390827871809,60.99003714019422,109.73206638447876,0.7603931886194777,0,NORMAL,No Incident,0.0,LOW
2026-01-04 10:16:00,50.03147726906327,62.496497053813904,124.12270759245207,0.501718190675347,0,NORMAL,No Incident,0.0,LOW
2026-01-04 10:17:00,62.299903684386834,66.86616344145497,119.95776640030353,4.339996321932448,0,NORMAL,No Incident,0.0,LOW
2026-01-04 10:18:00,59.82683142769941,49.89629650506141,105.03856391356663,1.8226772121099613,0,NORMAL,No Incident,0.0,LOW
2026-01-04 10:19:00,35.99929276816991,44.7107253979161,118.51495785013836,2.2528927956903093,0,NORMAL,No Incident,0.0,LOW
2026-01-04 10:20:00,55.87262413464177,55.46042175017319,114.40067734386942,1.308069159382361,0,NORMAL,No Incident,0.0,LOW
2026-01-04 10:21:00,47.94372146356752,74.4122272626575,122.254978761535,2.489962309452716,0,NORMAL,No Incident,0.0,LOW
2026-01-04 10:22:00,50.828325705181,76.17739280069902,105.03233638617934,2.9600608747015222,0,NORMAL,No Incident,0.0,LOW
2026-01-04 10:23:00,42.71828099030184,74.6494170845271,94.46763599510678,2.29979617157293,0,NORMAL,No Incident,0.0,LOW
2026-01-04 10:24:00,67.48137069120835,58.45614905791448,119.1743845321526,3.740858077014435,0,NORMAL,No Incident,0.0,LOW
2026-01-04 10:25:00,60.40061819902576,45.74307934412137,154.3023643635756,1.673255410058908,0,NORMAL,No Incident,0.0,LOW
2026-01-04 10:26:00,42.60228836027033,41.25568718678527,121.64405852525591,1.7371175269646235,0,NORMAL,No Incident,0.0,LOW
2026-01-04 10:27:00,36.65389393089768,55.08769470760471,113.36812442136907,2.231406351277416,0,NORMAL,No Incident,0.0,LOW
2026-01-04 10:28:00,46.14327369022152,58.41541095880512,135.08171610076997,2.464961645506097,0,NORMAL,No Incident,0.0,LOW
2026-01-04 10:29:00,54.34502646091306,70.40500320844767,116.83360774809243,2.2279472620626093,0,NORMAL,No Incident,0.0,LOW
2026-01-04 10:30:00,52.40205843946223,66.94244367633956,157.3606584991822,0.7155849730449091,0,NORMAL,No Incident,0.0,LOW
2026-01-04 10:31:00,62.53132824768244,61.81924063193296,119.92174981409843,2.312515166195561,0,NORMAL,No Incident,0.0,LOW
2026-01-04 10:32:00,57.89919722180852,52.88124183247086,134.00994126316326,1.625826415196563,0,NORMAL,No Incident,0.0,LOW
2026-01-04 10:33:00,59.695690257529066,52.31376353404088,104.90791235213456,1.4190229859253545,0,NORMAL,No Incident,0.0,LOW
2026-01-04 10:34:00,53.26855400610437,62.033021496571486,130.06178506673325,2.032482054753244,0,NORMAL,No Incident,0.0,LOW
2026-01-04 10:35:00,36.1070126978901,65.57640783071781,125.50186953887508,1.0384773126707856,0,NORMAL,No Incident,0.0,LOW
2026-01-04 10:36:00,48.04301468853099,63.13505009796468,118.86987750681584,0.8646086761267686,0,NORMAL,No Incident,0.0,LOW
2026-01-04 10:37:00,60.600897399086655,51.72321632314676,109.9648447766056,0.0,0,NORMAL,No Incident,0.0,LOW
2026-01-04 10:38:00,49.48477071475354,65.20534103033668,107.23939668695252,3.747237328509891,0,NORMAL,No Incident,0.0,LOW
2026-01-04 10:39:00,55.030903686237465,63.40728773681129,125.64705327959304,2.5557313191030024,0,NORMAL,No Incident,0.0,LOW
2026-01-04 10:40:00,46.81251684753867,51.43466875047857,132.57878219392947,1.883235878693695,0,NORMAL,No Incident,0.0,LOW
2026-01-04 10:41:00,39.70188151458155,53.72543223759796,117.45674407411737,1.332776763113352,0,NORMAL,No Incident,0.0,LOW
2026-01-04 10:42:00,48.766559359538896,65.50796779649254,125.74535858241585,0.0,0,NORMAL,No Incident,0.0,LOW
2026-01-04 10:43:00,53.09047443032654,58.12393971883287,119.2417064373446,1.2714711237785157,0,NORMAL,No Incident,0.0,LOW
2026-01-04 10:44:00,43.44312280538556,72.71317841309165,121.97052049810776,2.7158663371640763,0,NORMAL,No Incident,0.0,LOW
2026-01-04 10:45:00,47.64288755143332,64.00903420851661,115.9911003464555,2.942174303593869,0,NORMAL,No Incident,0.0,LOW
2026-01-04 10:46:00,40.605367580140175,56.10695049448584,120.35945158736617,2.6422919936033016,0,NORMAL,No Incident,0.0,LOW
2026-01-04 10:47:00,61.19244917564096,59.91835519687254,173.96080913634853,2.1583919557524687,0,NORMAL,No Incident,0.0,LOW
2026-01-04 10:48:00,47.05544242411966,60.50706714110174,126.2326859761485,3.303874145931379,0,NORMAL,No Incident,0.0,LOW
2026-01-04 10:49:00,100.0,84.17287749406631,632.9059391686209,11.67146277791146,1,CRITICAL,High API Latency / Database Performance Issue,100.0,HIGH
2026-01-04 10:50:00,65.28747850540908,52.699294414578986,128.7604721065619,3.0851889161343613,0,NORMAL,No Incident,0.0,LOW
2026-01-04 10:51:00,49.189540352782565,65.611119150476,114.7436635340588,1.615417556279787,0,NORMAL,No Incident,0.0,LOW
2026-01-04 10:52:00,39.9155126745265,66.76218637633677,145.87978426583336,1.1188586911222376,0,NORMAL,No Incident,0.0,LOW
2026-01-04 10:53:00,29.141021222666627,64.83025175642366,114.17672459147316,0.9942870195774788,0,NORMAL,No Incident,0.0,LOW
2026-01-04 10:54:00,35.279629269732084,72.12254475459042,141.10109097885103,0.9355035788270472,0,NORMAL,No Incident,0.0,LOW
2026-01-04 10:55:00,36.2616517510134,55.66581411190718,113.31586003867102,2.6590680288024853,0,NORMAL,No Incident,0.0,LOW
2026-01-04 10:56:00,63.78469627461504,73.39416612856904,100.80054961711916,1.2572544289029215,0,NORMAL,No Incident,0.0,LOW
2026-01-04 10:57:00,51.15824587226946,52.79263105156678,127.30792416472386,0.966971154965056,0,NORMAL,No Incident,0.0,LOW
2026-01-04 10:58:00,53.89604524091988,51.89851549305206,97.90663287795786,2.71373521966136,0,NORMAL,No Incident,0.0,LOW
2026-01-04 10:59:00,27.79578991064874,45.920328942806,130.7128045003322,2.327970390472233,0,NORMAL,No Incident,0.0,LOW
2026-01-04 11:00:00,38.020335707827385,56.43363748938546,96.11682687817368,2.962591982845802,0,NORMAL,No Incident,0.0,LOW
2026-01-04 11:01:00,58.87079776446287,55.97022130536437,113.61983939054294,2.5125995112727986,0,NORMAL,No Incident,0.0,LOW
2026-01-04 11:02:00,52.867741123825866,64.2074982420372,91.36540606950516,1.2468884198026884,0,NORMAL,No Incident,0.0,LOW
2026-01-04 11:03:00,48.52794721314402,61.95112753296361,176.48334018805457,2.076102416468588,0,NORMAL,No Incident,0.0,LOW
2026-01-04 11:04:00,55.64842358600123,50.45621303184691,86.92080880767372,2.125132990769677,0,NORMAL,No Incident,0.0,LOW
2026-01-04 11:05:00,66.35797806135815,56.85819009259346,120.19627480792808,1.0808413415259976,0,NORMAL,No Incident,0.0,LOW
2026-01-04 11:06:00,47.78957536462949,57.02830383129852,142.86608548660027,0.8953750259060074,0,NORMAL,No Incident,0.0,LOW
2026-01-04 11:07:00,50.69369802658069,45.79214202430486,140.7277181717405,1.3192783908822956,0,NORMAL,No Incident,0.0,LOW
2026-01-04 11:08:00,51.92596918731305,52.15242618389304,137.02684244346275,4.03658235667208,0,NORMAL,No Incident,0.0,LOW
2026-01-04 11:09:00,73.92109635273992,53.833490955087285,113.65543223557049,1.5872559057784512,0,NORMAL,No Incident,0.0,LOW
2026-01-04 11:10:00,29.006437355809744,71.46900015856757,147.02177892674004,3.2328667913867144,0,NORMAL,No Incident,0.0,LOW
2026-01-04 11:11:00,56.83223014788808,61.53160572765882,138.26782181604366,1.531339490520202,0,NORMAL,No Incident,0.0,LOW
2026-01-04 11:12:00,48.85197751240936,65.29735003158,124.24599235320952,2.888838819539992,0,NORMAL,No Incident,0.0,LOW
2026-01-04 11:13:00,55.667717261841794,48.01091602280631,124.81161515453184,2.902491655557847,0,NORMAL,No Incident,0.0,LOW
2026-01-04 11:14:00,43.42627446005275,69.55371586411194,113.92154704769254,2.9525905079520447,0,NORMAL,No Incident,0.0,LOW
2026-01-04 11:15:00,49.5103496914155,70.40881650419274,101.80695948333924,2.387827342008958,0,NORMAL,No Incident,0.0,LOW
2026-01-04 11:16:00,57.11410579465496,44.01324026284299,144.74301950957434,3.377366578781152,0,NORMAL,No Incident,0.0,LOW
2026-01-04 11:17:00,81.1291020104384,54.357466208673216,146.24415987203065,2.378353969352728,0,NORMAL,No Incident,0.0,LOW
2026-01-04 11:18:00,58.08036189402071,63.96612458412408,102.31781717940156,3.71352972934028,0,NORMAL,No Incident,0.0,LOW
2026-01-04 11:19:00,41.51934401969491,65.15510762830546,116.92429669707616,0.3800801968115666,0,NORMAL,No Incident,0.0,LOW
